epoch,kl_g0_weight,kl_u_weight,train_loss_total,train_loss_recon,train_loss_kl_g0,train_loss_kl_u,train_loss_cls,val_loss_total,val_loss_recon,val_loss_kl_g0,val_loss_kl_u,val_loss_cls,lr
1,1.000,1.000,1013.463457,1266.823887,0.005405,0.000000,0.000000,136.155151,170.188683,0.005257,0.000000,0.000000,1.00e-04
2,1.000,1.000,780.251437,975.309111,0.005174,0.000000,0.000000,129.822510,162.273354,0.004778,0.000000,0.000000,1.00e-04
3,1.000,1.000,368.776388,460.965508,0.004970,0.000000,0.000000,121.766554,152.203331,0.004858,0.000000,0.000000,1.00e-04
4,1.000,1.000,234.856508,293.565394,0.005236,0.000000,0.000000,110.903936,138.624683,0.005236,0.000000,0.000000,1.00e-04
5,1.000,1.000,195.650749,244.558147,0.005283,0.000000,0.000000,101.175364,126.463930,0.005270,0.000000,0.000000,1.00e-04
6,1.000,1.000,167.851293,209.808879,0.005231,0.000000,0.000000,91.805523,114.751648,0.005254,0.000000,0.000000,1.00e-04
7,1.000,1.000,152.982787,191.223250,0.005232,0.000000,0.000000,83.625784,104.526943,0.005284,0.000000,0.000000,1.00e-04
8,1.000,1.000,133.836172,167.289960,0.005253,0.000000,0.000000,77.336857,96.665792,0.005276,0.000000,0.000000,1.00e-04
9,1.000,1.000,128.765495,160.951631,0.005236,0.000000,0.000000,72.158342,90.192654,0.005269,0.000000,0.000000,1.00e-04
10,1.000,1.000,118.952262,148.685073,0.005252,0.000000,0.000000,67.854650,84.813000,0.005311,0.000000,0.000000,1.00e-04
11,1.000,1.000,113.391764,141.734415,0.005288,0.000000,0.000000,64.436100,80.539782,0.005339,0.000000,0.000000,1.00e-04
12,1.000,1.000,110.314371,137.887657,0.005305,0.000000,0.000000,61.499249,76.868717,0.005343,0.000000,0.000000,1.00e-04
13,1.000,1.000,98.428264,123.030012,0.005316,0.000000,0.000000,58.906539,73.627798,0.005373,0.000000,0.000000,1.00e-04
14,1.000,1.000,96.507366,120.628859,0.005346,0.000000,0.000000,56.753146,70.936031,0.005400,0.000000,0.000000,1.00e-04
15,1.000,1.000,93.047486,116.303981,0.005375,0.000000,0.000000,54.949181,68.681051,0.005426,0.000000,0.000000,1.00e-04
16,1.000,1.000,88.952403,111.185107,0.005395,0.000000,0.000000,53.461670,66.821640,0.005443,0.000000,0.000000,1.00e-04
17,1.000,1.000,89.153790,111.436819,0.005417,0.000000,0.000000,52.216729,65.265435,0.005475,0.000000,0.000000,1.00e-04
18,1.000,1.000,83.678880,104.593150,0.005448,0.000000,0.000000,50.987949,63.729440,0.005496,0.000000,0.000000,1.00e-04
19,1.000,1.000,79.054311,98.812427,0.005460,0.000000,0.000000,49.950425,62.432514,0.005515,0.000000,0.000000,1.00e-04
20,1.000,1.000,76.114150,95.137202,0.005484,0.000000,0.000000,49.051436,61.308759,0.005535,0.000000,0.000000,1.00e-04
21,1.000,1.000,75.501208,94.371000,0.005508,0.000000,0.000000,48.256646,60.315244,0.005563,0.000000,0.000000,1.00e-04
22,1.000,1.000,73.994681,92.487812,0.005538,0.000000,0.000000,47.472613,59.335173,0.005594,0.000000,0.000000,1.00e-04
23,1.000,1.000,70.936571,88.665142,0.005570,0.000000,0.000000,46.843402,58.548619,0.005631,0.000000,0.000000,1.00e-04
24,1.000,1.000,69.355277,86.688485,0.005609,0.000000,0.000000,46.208652,57.755148,0.005667,0.000000,0.000000,1.00e-04
25,1.000,1.000,68.082017,85.096873,0.005647,0.000000,0.000000,45.649245,57.055871,0.005684,0.000000,0.000000,1.00e-04
26,1.000,1.000,65.303955,81.624280,0.005663,0.000000,0.000000,45.219119,56.518177,0.005720,0.000000,0.000000,1.00e-04
27,1.000,1.000,65.696491,82.114911,0.005702,0.000000,0.000000,44.722786,55.897729,0.005753,0.000000,0.000000,1.00e-04
28,1.000,1.000,64.869850,81.081583,0.005729,0.000000,0.000000,44.344647,55.425041,0.005767,0.000000,0.000000,1.00e-04
29,1.000,1.000,62.625932,78.276672,0.005742,0.000000,0.000000,44.011375,55.008432,0.005786,0.000000,0.000000,1.00e-04
30,1.000,1.000,61.043504,76.298613,0.005766,0.000000,0.000000,43.674427,54.587194,0.005838,0.000000,0.000000,1.00e-04
31,1.000,1.000,59.165102,73.950554,0.005823,0.000000,0.000000,43.367835,54.203913,0.005882,0.000000,0.000000,1.00e-04
32,1.000,1.000,58.602921,73.247789,0.005862,0.000000,0.000000,43.079195,53.843088,0.005905,0.000000,0.000000,1.00e-04
33,1.000,1.000,58.748699,73.430003,0.005870,0.000000,0.000000,42.801991,53.496572,0.005915,0.000000,0.000000,1.00e-04
34,1.000,1.000,58.554897,73.187727,0.005894,0.000000,0.000000,42.562861,53.197634,0.005942,0.000000,0.000000,1.00e-04
35,1.000,1.000,56.676683,70.839932,0.005921,0.000000,0.000000,42.473160,53.085473,0.005976,0.000000,0.000000,1.00e-04
36,1.000,1.000,56.117537,70.140959,0.005960,0.000000,0.000000,42.266345,52.826920,0.006010,0.000000,0.000000,1.00e-04
37,1.000,1.000,54.576910,68.215148,0.005988,0.000000,0.000000,42.022629,52.522235,0.006048,0.000000,0.000000,1.00e-04
38,1.000,1.000,54.794527,68.487121,0.006036,0.000000,0.000000,41.828735,52.279825,0.006093,0.000000,0.000000,1.00e-04
39,1.000,1.000,54.261601,67.820929,0.006072,0.000000,0.000000,41.663524,52.073285,0.006119,0.000000,0.000000,1.00e-04
40,1.000,1.000,52.700312,65.869285,0.006104,0.000000,0.000000,41.529620,51.905869,0.006155,0.000000,0.000000,1.00e-04
41,1.000,1.000,52.150916,65.182506,0.006137,0.000000,0.000000,41.408572,51.754530,0.006186,0.000000,0.000000,1.00e-04
42,1.000,1.000,51.929031,64.905116,0.006171,0.000000,0.000000,41.319814,51.643549,0.006216,0.000000,0.000000,1.00e-04
43,1.000,1.000,51.017583,63.765778,0.006200,0.000000,0.000000,41.228604,51.529510,0.006245,0.000000,0.000000,1.00e-04
44,1.000,1.000,50.444582,63.049499,0.006227,0.000000,0.000000,41.112267,51.384054,0.006279,0.000000,0.000000,1.00e-04
45,1.000,1.000,49.856104,62.313864,0.006265,0.000000,0.000000,41.008283,51.254032,0.006319,0.000000,0.000000,1.00e-04
46,1.000,1.000,50.807560,63.503147,0.006302,0.000000,0.000000,40.945992,51.176141,0.006349,0.000000,0.000000,1.00e-04
47,1.000,1.000,49.482564,61.846878,0.006327,0.000000,0.000000,40.892948,51.109812,0.006372,0.000000,0.000000,1.00e-04
48,1.000,1.000,48.857571,61.065611,0.006352,0.000000,0.000000,40.810272,51.006439,0.006399,0.000000,0.000000,1.00e-04
49,1.000,1.000,48.644875,60.799708,0.006385,0.000000,0.000000,40.755788,50.938300,0.006434,0.000000,0.000000,1.00e-04
50,1.000,1.000,47.987204,59.977586,0.006419,0.000000,0.000000,40.695234,50.862576,0.006467,0.000000,0.000000,1.00e-04
51,1.000,1.000,47.583175,59.472516,0.006452,0.000000,0.000000,40.628556,50.779195,0.006500,0.000000,0.000000,1.00e-04
52,1.000,1.000,47.376151,59.213704,0.006483,0.000000,0.000000,40.563824,50.698255,0.006524,0.000000,0.000000,1.00e-04
53,1.000,1.000,47.002233,58.746284,0.006506,0.000000,0.000000,40.540931,50.669609,0.006552,0.000000,0.000000,1.00e-04
54,1.000,1.000,46.541198,58.169959,0.006537,0.000000,0.000000,40.493875,50.610754,0.006589,0.000000,0.000000,1.00e-04
55,1.000,1.000,46.349673,57.930516,0.006574,0.000000,0.000000,40.430784,50.531853,0.006626,0.000000,0.000000,1.00e-04
56,1.000,1.000,45.987191,57.477376,0.006611,0.000000,0.000000,40.399682,50.492949,0.006652,0.000000,0.000000,1.00e-04
57,1.000,1.000,46.120923,57.644512,0.006641,0.000000,0.000000,40.366424,50.451344,0.006685,0.000000,0.000000,1.00e-04
58,1.000,1.000,45.385309,56.724965,0.006671,0.000000,0.000000,40.334273,50.411126,0.006715,0.000000,0.000000,1.00e-04
59,1.000,1.000,45.560452,56.943865,0.006699,0.000000,0.000000,40.326916,50.401899,0.006744,0.000000,0.000000,1.00e-04
60,1.000,1.000,45.041355,56.294968,0.006725,0.000000,0.000000,40.292156,50.358429,0.006766,0.000000,0.000000,1.00e-04
61,1.000,1.000,45.056255,56.313571,0.006747,0.000000,0.000000,40.257238,50.314752,0.006796,0.000000,0.000000,1.00e-04
62,1.000,1.000,44.793745,55.985394,0.006785,0.000000,0.000000,40.223125,50.272074,0.006830,0.000000,0.000000,1.00e-04
63,1.000,1.000,44.604050,55.748245,0.006817,0.000000,0.000000,40.203521,50.247539,0.006862,0.000000,0.000000,1.00e-04
64,1.000,1.000,44.462901,55.571776,0.006850,0.000000,0.000000,40.188459,50.228681,0.006892,0.000000,0.000000,1.00e-04
65,1.000,1.000,44.325575,55.400086,0.006882,0.000000,0.000000,40.166277,50.200923,0.006923,0.000000,0.000000,1.00e-04
66,1.000,1.000,43.926323,54.900995,0.006907,0.000000,0.000000,40.130383,50.156028,0.006950,0.000000,0.000000,1.00e-04
67,1.000,1.000,43.805163,54.749515,0.006937,0.000000,0.000000,40.114183,50.135746,0.006982,0.000000,0.000000,1.00e-04
68,1.000,1.000,43.382110,54.220665,0.006972,0.000000,0.000000,40.120956,50.144179,0.007014,0.000000,0.000000,1.00e-04
69,1.000,1.000,43.480569,54.343710,0.006999,0.000000,0.000000,40.103973,50.122929,0.007037,0.000000,0.000000,1.00e-04
70,1.000,1.000,43.350179,54.180701,0.007022,0.000000,0.000000,40.062176,50.070659,0.007061,0.000000,0.000000,1.00e-04
71,1.000,1.000,43.269783,54.080179,0.007048,0.000000,0.000000,40.046141,50.050582,0.007092,0.000000,0.000000,1.00e-04
72,1.000,1.000,43.122863,53.896497,0.007081,0.000000,0.000000,40.037032,50.039166,0.007122,0.000000,0.000000,1.00e-04
73,1.000,1.000,42.936366,53.663345,0.007111,0.000000,0.000000,40.035490,50.037207,0.007155,0.000000,0.000000,1.00e-04
74,1.000,1.000,42.991328,53.732012,0.007147,0.000000,0.000000,40.028752,50.028757,0.007184,0.000000,0.000000,1.00e-04
75,1.000,1.000,42.876283,53.588183,0.007170,0.000000,0.000000,40.020483,50.018395,0.007206,0.000000,0.000000,1.00e-04
76,1.000,1.000,42.630478,53.280905,0.007192,0.000000,0.000000,40.011316,50.006909,0.007235,0.000000,0.000000,1.00e-04
77,1.000,1.000,42.298656,52.866096,0.007222,0.000000,0.000000,40.001247,49.994292,0.007265,0.000000,0.000000,1.00e-04
78,1.000,1.000,42.494802,53.111246,0.007256,0.000000,0.000000,39.999432,49.991992,0.007297,0.000000,0.000000,1.00e-04
79,1.000,1.000,42.111248,52.631772,0.007286,0.000000,0.000000,39.999783,49.992404,0.007324,0.000000,0.000000,1.00e-04
80,1.000,1.000,42.185261,52.724263,0.007313,0.000000,0.000000,39.973895,49.960018,0.007349,0.000000,0.000000,1.00e-04
81,1.000,1.000,42.101799,52.619913,0.007336,0.000000,0.000000,39.955813,49.937395,0.007371,0.000000,0.000000,1.00e-04
82,1.000,1.000,42.008255,52.502957,0.007361,0.000000,0.000000,39.947401,49.926852,0.007398,0.000000,0.000000,1.00e-04
83,1.000,1.000,41.883983,52.347590,0.007387,0.000000,0.000000,39.957475,49.939419,0.007424,0.000000,0.000000,1.00e-04
84,1.000,1.000,41.806809,52.251099,0.007412,0.000000,0.000000,39.954300,49.935423,0.007451,0.000000,0.000000,1.00e-04
85,1.000,1.000,41.876425,52.338094,0.007437,0.000000,0.000000,39.948866,49.928604,0.007476,0.000000,0.000000,1.00e-04
86,1.000,1.000,41.631102,52.031409,0.007467,0.000000,0.000000,39.950768,49.930957,0.007502,0.000000,0.000000,1.00e-04
87,1.000,1.000,41.455860,51.812329,0.007494,0.000000,0.000000,39.955373,49.936684,0.007531,0.000000,0.000000,1.00e-04
88,1.000,1.000,41.512098,51.882605,0.007517,0.000000,0.000000,39.934332,49.910362,0.007551,0.000000,0.000000,1.00e-04
89,1.000,1.000,41.475674,51.837053,0.007538,0.000000,0.000000,39.924786,49.898407,0.007575,0.000000,0.000000,1.00e-04
90,1.000,1.000,41.384356,51.722882,0.007562,0.000000,0.000000,39.924717,49.898296,0.007599,0.000000,0.000000,1.00e-04
91,1.000,1.000,41.346733,51.675826,0.007589,0.000000,0.000000,39.917070,49.888713,0.007622,0.000000,0.000000,1.00e-04
92,1.000,1.000,41.314293,51.635254,0.007612,0.000000,0.000000,39.917410,49.889114,0.007647,0.000000,0.000000,1.00e-04
93,1.000,1.000,41.273442,51.584166,0.007635,0.000000,0.000000,39.911002,49.881080,0.007673,0.000000,0.000000,1.00e-04
94,1.000,1.000,41.194131,51.485001,0.007661,0.000000,0.000000,39.912956,49.883495,0.007699,0.000000,0.000000,1.00e-04
95,1.000,1.000,41.086080,51.349913,0.007686,0.000000,0.000000,39.914042,49.884830,0.007722,0.000000,0.000000,1.00e-04
96,1.000,1.000,41.076500,51.337916,0.007708,0.000000,0.000000,39.911536,49.881679,0.007741,0.000000,0.000000,1.00e-04
97,1.000,1.000,41.002687,51.245631,0.007727,0.000000,0.000000,39.903678,49.871838,0.007759,0.000000,0.000000,1.00e-04
98,1.000,1.000,40.963016,51.196023,0.007746,0.000000,0.000000,39.902752,49.870660,0.007779,0.000000,0.000000,1.00e-04
99,1.000,1.000,40.970424,51.205264,0.007765,0.000000,0.000000,39.898349,49.865138,0.007798,0.000000,0.000000,1.00e-04
100,1.000,1.000,40.866585,51.075445,0.007785,0.000000,0.000000,39.894673,49.860523,0.007819,0.000000,0.000000,1.00e-04
101,1.000,1.000,40.897606,51.114199,0.007809,0.000000,0.000000,39.894019,49.859685,0.007840,0.000000,0.000000,1.00e-04
102,1.000,1.000,40.809718,51.004317,0.007830,0.000000,0.000000,39.896784,49.863117,0.007862,0.000000,0.000000,1.00e-04
103,1.000,1.000,40.744054,50.922216,0.007850,0.000000,0.000000,39.894985,49.860849,0.007882,0.000000,0.000000,1.00e-04
104,1.000,1.000,40.713340,50.883802,0.007871,0.000000,0.000000,39.893357,49.858795,0.007901,0.000000,0.000000,1.00e-04
105,1.000,1.000,40.678694,50.840477,0.007889,0.000000,0.000000,39.886114,49.849721,0.007919,0.000000,0.000000,1.00e-04
106,1.000,1.000,40.759263,50.941169,0.007909,0.000000,0.000000,39.887164,49.851016,0.007940,0.000000,0.000000,1.00e-04
107,1.000,1.000,40.633295,50.783687,0.007931,0.000000,0.000000,39.886284,49.849895,0.007959,0.000000,0.000000,1.00e-04
108,1.000,1.000,40.618339,50.764975,0.007948,0.000000,0.000000,39.887548,49.851454,0.007980,0.000000,0.000000,1.00e-04
109,1.000,1.000,40.598140,50.739704,0.007970,0.000000,0.000000,39.886323,49.849902,0.007999,0.000000,0.000000,1.00e-04
110,1.000,1.000,40.646428,50.800045,0.007989,0.000000,0.000000,39.884570,49.847694,0.008017,0.000000,0.000000,1.00e-04
111,1.000,1.000,40.566333,50.699909,0.008006,0.000000,0.000000,39.879475,49.841307,0.008036,0.000000,0.000000,1.00e-04
112,1.000,1.000,40.537997,50.664471,0.008024,0.000000,0.000000,39.883912,49.846833,0.008056,0.000000,0.000000,1.00e-04
113,1.000,1.000,40.489540,50.603879,0.008045,0.000000,0.000000,39.881898,49.844298,0.008073,0.000000,0.000000,1.00e-04
114,1.000,1.000,40.492691,50.607802,0.008062,0.000000,0.000000,39.880005,49.841915,0.008091,0.000000,0.000000,1.00e-04
115,1.000,1.000,40.462544,50.570098,0.008081,0.000000,0.000000,39.877086,49.838245,0.008110,0.000000,0.000000,1.00e-04
116,1.000,1.000,40.443226,50.545931,0.008101,0.000000,0.000000,39.873901,49.834246,0.008129,0.000000,0.000000,1.00e-04
117,1.000,1.000,40.460438,50.567427,0.008118,0.000000,0.000000,39.874599,49.835102,0.008146,0.000000,0.000000,1.00e-04
118,1.000,1.000,40.367479,50.451213,0.008134,0.000000,0.000000,39.882689,49.845197,0.008163,0.000000,0.000000,1.00e-04
119,1.000,1.000,40.374990,50.460585,0.008153,0.000000,0.000000,39.887235,49.850863,0.008178,0.000000,0.000000,1.00e-04
120,1.000,1.000,40.315370,50.386045,0.008166,0.000000,0.000000,39.878022,49.839333,0.008193,0.000000,0.000000,1.00e-04
121,1.000,1.000,40.319980,50.391792,0.008183,0.000000,0.000000,39.885344,49.848467,0.008211,0.000000,0.000000,1.00e-04
122,1.000,1.000,40.310638,50.380094,0.008203,0.000000,0.000000,39.882961,49.845472,0.008227,0.000000,0.000000,1.00e-04
123,1.000,1.000,40.290812,50.355298,0.008217,0.000000,0.000000,39.866820,49.825285,0.008241,0.000000,0.000000,1.00e-04
124,1.000,1.000,40.270811,50.330284,0.008229,0.000000,0.000000,39.874137,49.834414,0.008254,0.000000,0.000000,1.00e-04
125,1.000,1.000,40.229414,50.278522,0.008245,0.000000,0.000000,39.882502,49.844858,0.008268,0.000000,0.000000,1.00e-04
126,1.000,1.000,40.212729,50.257657,0.008254,0.000000,0.000000,39.880965,49.842926,0.008280,0.000000,0.000000,1.00e-04
127,1.000,1.000,40.268890,50.327843,0.008270,0.000000,0.000000,39.879083,49.840556,0.008296,0.000000,0.000000,1.00e-04
128,1.000,1.000,40.223607,50.271223,0.008284,0.000000,0.000000,39.874573,49.834906,0.008310,0.000000,0.000000,1.00e-04
129,1.000,1.000,40.189139,50.228124,0.008299,0.000000,0.000000,39.886862,49.850253,0.008324,0.000000,0.000000,1.00e-04
130,1.000,1.000,40.213457,50.258510,0.008310,0.000000,0.000000,39.889204,49.853168,0.008336,0.000000,0.000000,1.00e-04
131,1.000,1.000,40.192212,50.231940,0.008324,0.000000,0.000000,39.885258,49.848222,0.008350,0.000000,0.000000,1.00e-04
132,1.000,1.000,40.173180,50.208135,0.008339,0.000000,0.000000,39.886233,49.849424,0.008364,0.000000,0.000000,1.00e-04
133,1.000,1.000,40.154789,50.185132,0.008354,0.000000,0.000000,39.886788,49.850108,0.008377,0.000000,0.000000,1.00e-04
134,1.000,1.000,40.143487,50.170993,0.008364,0.000000,0.000000,39.881076,49.842955,0.008390,0.000000,0.000000,1.00e-04
135,1.000,1.000,40.132216,50.156889,0.008380,0.000000,0.000000,39.885512,49.848486,0.008403,0.000000,0.000000,1.00e-04
136,1.000,1.000,40.136172,50.161823,0.008392,0.000000,0.000000,39.891973,49.856550,0.008416,0.000000,0.000000,1.00e-04
137,1.000,1.000,40.121477,50.143440,0.008405,0.000000,0.000000,39.892982,49.857800,0.008427,0.000000,0.000000,1.00e-04
138,1.000,1.000,40.096044,50.111638,0.008416,0.000000,0.000000,39.893172,49.858026,0.008439,0.000000,0.000000,1.00e-04
139,1.000,1.000,40.084312,50.096961,0.008427,0.000000,0.000000,39.891252,49.855613,0.008451,0.000000,0.000000,5.00e-05
140,1.000,1.000,40.102940,50.120237,0.008436,0.000000,0.000000,39.893827,49.858827,0.008457,0.000000,0.000000,5.00e-05
141,1.000,1.000,40.070587,50.079789,0.008443,0.000000,0.000000,39.900954,49.867726,0.008464,0.000000,0.000000,5.00e-05
142,1.000,1.000,40.061623,50.068577,0.008451,0.000000,0.000000,39.899910,49.866417,0.008470,0.000000,0.000000,5.00e-05
143,1.000,1.000,40.087029,50.100330,0.008455,0.000000,0.000000,39.900257,49.866845,0.008475,0.000000,0.000000,5.00e-05
144,1.000,1.000,40.033585,50.033517,0.008462,0.000000,0.000000,39.899055,49.865339,0.008481,0.000000,0.000000,5.00e-05
145,1.000,1.000,40.045593,50.048522,0.008468,0.000000,0.000000,39.904756,49.872456,0.008487,0.000000,0.000000,5.00e-05
146,1.000,1.000,40.060503,50.067155,0.008473,0.000000,0.000000,39.903932,49.871421,0.008492,0.000000,0.000000,5.00e-05
147,1.000,1.000,40.035192,50.035512,0.008477,0.000000,0.000000,39.901780,49.868726,0.008498,0.000000,0.000000,5.00e-05
148,1.000,1.000,40.016916,50.012660,0.008485,0.000000,0.000000,39.901563,49.868449,0.008504,0.000000,0.000000,5.00e-05
149,1.000,1.000,40.047756,50.051204,0.008490,0.000000,0.000000,39.903376,49.870708,0.008509,0.000000,0.000000,5.00e-05
150,1.000,1.000,40.046619,50.049777,0.008496,0.000000,0.000000,39.906517,49.874633,0.008513,0.000000,0.000000,5.00e-05
151,1.000,1.000,40.042489,50.044609,0.008501,0.000000,0.000000,39.911187,49.880464,0.008519,0.000000,0.000000,5.00e-05
152,1.000,1.000,40.020788,50.017477,0.008507,0.000000,0.000000,39.915229,49.885509,0.008525,0.000000,0.000000,5.00e-05
153,1.000,1.000,40.033118,50.032885,0.008512,0.000000,0.000000,39.910475,49.879563,0.008529,0.000000,0.000000,5.00e-05
154,1.000,1.000,40.029472,50.028323,0.008516,0.000000,0.000000,39.908326,49.876873,0.008534,0.000000,0.000000,5.00e-05
155,1.000,1.000,40.008913,50.002619,0.008521,0.000000,0.000000,39.911564,49.880915,0.008540,0.000000,0.000000,2.50e-05
156,1.000,1.000,40.065832,50.073763,0.008526,0.000000,0.000000,39.912225,49.881738,0.008543,0.000000,0.000000,2.50e-05
157,1.000,1.000,39.970556,49.954666,0.008528,0.000000,0.000000,39.910952,49.880143,0.008546,0.000000,0.000000,2.50e-05
158,1.000,1.000,39.987347,49.975652,0.008531,0.000000,0.000000,39.912769,49.882413,0.008548,0.000000,0.000000,2.50e-05
159,1.000,1.000,40.021429,50.018253,0.008532,0.000000,0.000000,39.918619,49.889723,0.008550,0.000000,0.000000,2.50e-05
160,1.000,1.000,39.998045,49.989020,0.008536,0.000000,0.000000,39.920780,49.892422,0.008552,0.000000,0.000000,2.50e-05
161,1.000,1.000,40.005403,49.998213,0.008539,0.000000,0.000000,39.920808,49.892455,0.008553,0.000000,0.000000,2.50e-05
162,1.000,1.000,40.014303,50.009337,0.008541,0.000000,0.000000,39.922040,49.893992,0.008556,0.000000,0.000000,2.50e-05
163,1.000,1.000,39.963777,49.946175,0.008544,0.000000,0.000000,39.921002,49.892694,0.008558,0.000000,0.000000,2.50e-05
164,1.000,1.000,40.009470,50.003289,0.008547,0.000000,0.000000,39.927497,49.900808,0.008562,0.000000,0.000000,2.50e-05
165,1.000,1.000,39.985614,49.973466,0.008551,0.000000,0.000000,39.924977,49.897656,0.008564,0.000000,0.000000,2.50e-05
166,1.000,1.000,39.987412,49.975711,0.008552,0.000000,0.000000,39.923912,49.896324,0.008565,0.000000,0.000000,2.50e-05
167,1.000,1.000,39.978130,49.964106,0.008556,0.000000,0.000000,39.924557,49.897127,0.008567,0.000000,0.000000,2.50e-05
168,1.000,1.000,40.001716,49.993587,0.008557,0.000000,0.000000,39.926223,49.899211,0.008569,0.000000,0.000000,2.50e-05
169,1.000,1.000,39.985820,49.973713,0.008561,0.000000,0.000000,39.928560,49.902130,0.008569,0.000000,0.000000,2.50e-05
170,1.000,1.000,39.959645,49.940992,0.008563,0.000000,0.000000,39.936029,49.911471,0.008565,0.000000,0.000000,2.50e-05
171,1.000,1.000,39.979901,49.966311,0.008564,0.000000,0.000000,39.940850,49.917500,0.008560,0.000000,0.000000,1.25e-05
172,1.000,1.000,40.001450,49.993246,0.008566,0.000000,0.000000,39.940975,49.917653,0.008565,0.000000,0.000000,1.25e-05
173,1.000,1.000,39.979901,49.966306,0.008569,0.000000,0.000000,39.939510,49.915818,0.008568,0.000000,0.000000,1.25e-05
174,1.000,1.000,39.946520,49.924578,0.008570,0.000000,0.000000,39.937881,49.913779,0.008572,0.000000,0.000000,1.25e-05
175,1.000,1.000,39.969026,49.952708,0.008574,0.000000,0.000000,39.940248,49.916734,0.008574,0.000000,0.000000,1.25e-05
176,1.000,1.000,40.019910,50.016312,0.008575,0.000000,0.000000,39.941726,49.918582,0.008576,0.000000,0.000000,1.25e-05
177,1.000,1.000,39.953910,49.933809,0.008577,0.000000,0.000000,39.943103,49.920300,0.008577,0.000000,0.000000,1.25e-05
178,1.000,1.000,39.975873,49.961263,0.008577,0.000000,0.000000,39.943602,49.920924,0.008578,0.000000,0.000000,1.25e-05
179,1.000,1.000,39.974042,49.958972,0.008579,0.000000,0.000000,39.941427,49.918205,0.008579,0.000000,0.000000,1.25e-05
180,1.000,1.000,39.952610,49.932182,0.008579,0.000000,0.000000,39.942537,49.919586,0.008583,0.000000,0.000000,1.25e-05
181,1.000,1.000,39.972017,49.956439,0.008581,0.000000,0.000000,39.939865,49.916247,0.008583,0.000000,0.000000,1.25e-05
182,1.000,1.000,39.951135,49.930336,0.008582,0.000000,0.000000,39.939630,49.915952,0.008583,0.000000,0.000000,1.25e-05
183,1.000,1.000,39.959396,49.940658,0.008585,0.000000,0.000000,39.943479,49.920761,0.008585,0.000000,0.000000,1.25e-05
184,1.000,1.000,39.956190,49.936650,0.008586,0.000000,0.000000,39.947468,49.925751,0.008584,0.000000,0.000000,1.25e-05
185,1.000,1.000,39.966528,49.949572,0.008587,0.000000,0.000000,39.953443,49.933223,0.008579,0.000000,0.000000,1.25e-05
186,1.000,1.000,39.947704,49.926043,0.008586,0.000000,0.000000,39.956197,49.936665,0.008581,0.000000,0.000000,1.25e-05
187,1.000,1.000,39.964357,49.946856,0.008588,0.000000,0.000000,39.955320,49.935565,0.008585,0.000000,0.000000,6.25e-06
188,1.000,1.000,39.932296,49.906776,0.008592,0.000000,0.000000,39.955269,49.935499,0.008586,0.000000,0.000000,6.25e-06
189,1.000,1.000,39.927273,49.900498,0.008592,0.000000,0.000000,39.957111,49.937801,0.008587,0.000000,0.000000,6.25e-06
190,1.000,1.000,39.947625,49.925937,0.008593,0.000000,0.000000,39.959517,49.940809,0.008586,0.000000,0.000000,6.25e-06
191,1.000,1.000,39.923069,49.895243,0.008592,0.000000,0.000000,39.962145,49.944097,0.008585,0.000000,0.000000,6.25e-06
192,1.000,1.000,39.999532,49.990820,0.008594,0.000000,0.000000,39.961894,49.943783,0.008585,0.000000,0.000000,6.25e-06
193,1.000,1.000,39.915215,49.885423,0.008595,0.000000,0.000000,39.965360,49.948116,0.008584,0.000000,0.000000,6.25e-06
194,1.000,1.000,39.933063,49.907732,0.008595,0.000000,0.000000,39.964475,49.947008,0.008584,0.000000,0.000000,6.25e-06
195,1.000,1.000,39.935342,49.910581,0.008595,0.000000,0.000000,39.964916,49.947560,0.008584,0.000000,0.000000,6.25e-06
196,1.000,1.000,39.964548,49.947089,0.008595,0.000000,0.000000,39.967561,49.950866,0.008584,0.000000,0.000000,6.25e-06
197,1.000,1.000,39.919605,49.890908,0.008597,0.000000,0.000000,39.970176,49.954140,0.008580,0.000000,0.000000,6.25e-06
198,1.000,1.000,39.965226,49.947935,0.008597,0.000000,0.000000,39.969644,49.953473,0.008581,0.000000,0.000000,6.25e-06
199,1.000,1.000,39.918523,49.889559,0.008594,0.000000,0.000000,39.966417,49.949433,0.008586,0.000000,0.000000,6.25e-06
200,1.000,1.000,39.926447,49.899460,0.008598,0.000000,0.000000,39.964081,49.946508,0.008591,0.000000,0.000000,6.25e-06
201,1.000,1.000,39.942038,49.918947,0.008600,0.000000,0.000000,39.963337,49.945579,0.008593,0.000000,0.000000,6.25e-06
202,1.000,1.000,39.950232,49.929189,0.008601,0.000000,0.000000,39.966548,49.949593,0.008591,0.000000,0.000000,6.25e-06
203,1.000,1.000,39.918313,49.889289,0.008601,0.000000,0.000000,39.971514,49.955802,0.008589,0.000000,0.000000,3.13e-06
204,1.000,1.000,39.877873,49.838738,0.008602,0.000000,0.000000,39.972449,49.956973,0.008588,0.000000,0.000000,3.13e-06
205,1.000,1.000,39.935346,49.910580,0.008601,0.000000,0.000000,39.972921,49.957563,0.008588,0.000000,0.000000,3.13e-06
206,1.000,1.000,39.919540,49.890822,0.008602,0.000000,0.000000,39.973887,49.958769,0.008589,0.000000,0.000000,3.13e-06
207,1.000,1.000,39.942544,49.919577,0.008601,0.000000,0.000000,39.975148,49.960344,0.008589,0.000000,0.000000,3.13e-06
208,1.000,1.000,39.974502,49.959524,0.008603,0.000000,0.000000,39.975388,49.960644,0.008590,0.000000,0.000000,3.13e-06
209,1.000,1.000,39.919994,49.891389,0.008604,0.000000,0.000000,39.975199,49.960407,0.008590,0.000000,0.000000,3.13e-06
210,1.000,1.000,39.943705,49.921030,0.008601,0.000000,0.000000,39.975277,49.960506,0.008590,0.000000,0.000000,3.13e-06
211,1.000,1.000,39.918102,49.889021,0.008605,0.000000,0.000000,39.975196,49.960404,0.008590,0.000000,0.000000,3.13e-06
212,1.000,1.000,39.897080,49.862743,0.008605,0.000000,0.000000,39.973660,49.958484,0.008591,0.000000,0.000000,3.13e-06
213,1.000,1.000,39.974297,49.959265,0.008605,0.000000,0.000000,39.973413,49.958176,0.008590,0.000000,0.000000,3.13e-06
214,1.000,1.000,39.968576,49.952114,0.008604,0.000000,0.000000,39.973504,49.958291,0.008590,0.000000,0.000000,3.13e-06
215,1.000,1.000,39.942548,49.919580,0.008605,0.000000,0.000000,39.973744,49.958589,0.008590,0.000000,0.000000,3.13e-06
216,1.000,1.000,39.962019,49.943919,0.008604,0.000000,0.000000,39.973742,49.958587,0.008590,0.000000,0.000000,3.13e-06
217,1.000,1.000,39.965250,49.947957,0.008605,0.000000,0.000000,39.974276,49.959253,0.008589,0.000000,0.000000,3.13e-06
218,1.000,1.000,39.961070,49.942730,0.008607,0.000000,0.000000,39.973801,49.958661,0.008589,0.000000,0.000000,3.13e-06
219,1.000,1.000,39.946154,49.924086,0.008605,0.000000,0.000000,39.974355,49.959353,0.008589,0.000000,0.000000,1.56e-06
220,1.000,1.000,39.905229,49.872930,0.008605,0.000000,0.000000,39.974750,49.959846,0.008590,0.000000,0.000000,1.56e-06
221,1.000,1.000,39.945472,49.923232,0.008606,0.000000,0.000000,39.974585,49.959639,0.008590,0.000000,0.000000,1.56e-06
222,1.000,1.000,39.915805,49.886150,0.008606,0.000000,0.000000,39.974946,49.960089,0.008591,0.000000,0.000000,1.56e-06
223,1.000,1.000,39.932680,49.907243,0.008606,0.000000,0.000000,39.974660,49.959732,0.008591,0.000000,0.000000,1.56e-06
224,1.000,1.000,39.940416,49.916914,0.008605,0.000000,0.000000,39.975067,49.960242,0.008592,0.000000,0.000000,1.56e-06
225,1.000,1.000,39.915915,49.886286,0.008607,0.000000,0.000000,39.975341,49.960584,0.008592,0.000000,0.000000,1.56e-06
226,1.000,1.000,39.956753,49.937333,0.008608,0.000000,0.000000,39.975702,49.961035,0.008592,0.000000,0.000000,1.56e-06
227,1.000,1.000,39.929014,49.902659,0.008608,0.000000,0.000000,39.976169,49.961619,0.008592,0.000000,0.000000,1.56e-06
228,1.000,1.000,39.938803,49.914893,0.008609,0.000000,0.000000,39.976630,49.962195,0.008592,0.000000,0.000000,1.56e-06
229,1.000,1.000,39.917605,49.888398,0.008607,0.000000,0.000000,39.975944,49.961336,0.008594,0.000000,0.000000,1.56e-06
230,1.000,1.000,39.955712,49.936030,0.008609,0.000000,0.000000,39.976105,49.961536,0.008594,0.000000,0.000000,1.56e-06
231,1.000,1.000,39.956989,49.937628,0.008608,0.000000,0.000000,39.976761,49.962356,0.008594,0.000000,0.000000,1.56e-06
232,1.000,1.000,39.950377,49.929362,0.008609,0.000000,0.000000,39.976557,49.962100,0.008595,0.000000,0.000000,1.56e-06
233,1.000,1.000,39.926293,49.899256,0.008609,0.000000,0.000000,39.976869,49.962488,0.008595,0.000000,0.000000,1.56e-06
234,1.000,1.000,39.945532,49.923303,0.008611,0.000000,0.000000,39.976331,49.961817,0.008596,0.000000,0.000000,1.56e-06
235,1.000,1.000,39.919833,49.891180,0.008610,0.000000,0.000000,39.976204,49.961658,0.008597,0.000000,0.000000,1.00e-06
236,1.000,1.000,39.905936,49.873809,0.008611,0.000000,0.000000,39.976441,49.961954,0.008597,0.000000,0.000000,1.00e-06
237,1.000,1.000,39.915507,49.885773,0.008610,0.000000,0.000000,39.976374,49.961868,0.008598,0.000000,0.000000,1.00e-06
238,1.000,1.000,39.945595,49.923381,0.008612,0.000000,0.000000,39.975919,49.961300,0.008598,0.000000,0.000000,1.00e-06
239,1.000,1.000,39.954152,49.934076,0.008612,0.000000,0.000000,39.976236,49.961698,0.008599,0.000000,0.000000,1.00e-06
240,1.000,1.000,39.966530,49.949551,0.008610,0.000000,0.000000,39.976514,49.962042,0.008599,0.000000,0.000000,1.00e-06
241,1.000,1.000,39.940540,49.917062,0.008612,0.000000,0.000000,39.976294,49.961766,0.008599,0.000000,0.000000,1.00e-06
242,1.000,1.000,39.983135,49.970306,0.008612,0.000000,0.000000,39.976330,49.961811,0.008599,0.000000,0.000000,1.00e-06
243,1.000,1.000,39.928622,49.902166,0.008612,0.000000,0.000000,39.976398,49.961896,0.008599,0.000000,0.000000,1.00e-06
244,1.000,1.000,39.937503,49.913267,0.008611,0.000000,0.000000,39.976413,49.961916,0.008599,0.000000,0.000000,1.00e-06
245,1.000,1.000,39.917076,49.887733,0.008611,0.000000,0.000000,39.976480,49.962002,0.008599,0.000000,0.000000,1.00e-06
246,1.000,1.000,39.972213,49.956654,0.008611,0.000000,0.000000,39.976851,49.962462,0.008600,0.000000,0.000000,1.00e-06
247,1.000,1.000,39.923698,49.896011,0.008610,0.000000,0.000000,39.977040,49.962701,0.008600,0.000000,0.000000,1.00e-06
248,1.000,1.000,39.932185,49.906616,0.008614,0.000000,0.000000,39.976838,49.962447,0.008600,0.000000,0.000000,1.00e-06
249,1.000,1.000,39.935691,49.911001,0.008612,0.000000,0.000000,39.977180,49.962873,0.008600,0.000000,0.000000,1.00e-06
250,1.000,1.000,39.898986,49.865120,0.008612,0.000000,0.000000,39.977143,49.962829,0.008600,0.000000,0.000000,1.00e-06
251,1.000,1.000,39.940131,49.916550,0.008613,0.000000,0.000000,39.976735,49.962317,0.008600,0.000000,0.000000,1.00e-06
252,1.000,1.000,39.951442,49.930689,0.008613,0.000000,0.000000,39.976393,49.961890,0.008600,0.000000,0.000000,1.00e-06
253,1.000,1.000,39.919180,49.890364,0.008610,0.000000,0.000000,39.975880,49.961249,0.008601,0.000000,0.000000,1.00e-06
254,1.000,1.000,39.940574,49.917103,0.008613,0.000000,0.000000,39.975692,49.961013,0.008601,0.000000,0.000000,1.00e-06
255,1.000,1.000,39.913362,49.883088,0.008613,0.000000,0.000000,39.975924,49.961305,0.008601,0.000000,0.000000,1.00e-06
256,1.000,1.000,39.950093,49.929003,0.008613,0.000000,0.000000,39.975990,49.961386,0.008601,0.000000,0.000000,1.00e-06
257,1.000,1.000,39.916492,49.887000,0.008614,0.000000,0.000000,39.975982,49.961375,0.008601,0.000000,0.000000,1.00e-06
258,1.000,1.000,39.921090,49.892751,0.008611,0.000000,0.000000,39.976121,49.961551,0.008601,0.000000,0.000000,1.00e-06
259,1.000,1.000,39.942074,49.918979,0.008613,0.000000,0.000000,39.975993,49.961390,0.008601,0.000000,0.000000,1.00e-06
260,1.000,1.000,39.948076,49.926480,0.008614,0.000000,0.000000,39.975913,49.961289,0.008600,0.000000,0.000000,1.00e-06
261,1.000,1.000,39.961196,49.942881,0.008612,0.000000,0.000000,39.976224,49.961679,0.008601,0.000000,0.000000,1.00e-06
262,1.000,1.000,39.933902,49.908765,0.008612,0.000000,0.000000,39.976180,49.961622,0.008601,0.000000,0.000000,1.00e-06
263,1.000,1.000,39.923157,49.895329,0.008616,0.000000,0.000000,39.976374,49.961864,0.008602,0.000000,0.000000,1.00e-06
264,1.000,1.000,39.951156,49.930329,0.008615,0.000000,0.000000,39.976367,49.961856,0.008602,0.000000,0.000000,1.00e-06
265,1.000,1.000,39.950161,49.929085,0.008616,0.000000,0.000000,39.976372,49.961862,0.008602,0.000000,0.000000,1.00e-06
266,1.000,1.000,39.912857,49.882455,0.008615,0.000000,0.000000,39.977176,49.962867,0.008602,0.000000,0.000000,1.00e-06
267,1.000,1.000,39.925396,49.898130,0.008614,0.000000,0.000000,39.977515,49.963291,0.008602,0.000000,0.000000,1.00e-06
268,1.000,1.000,39.915746,49.886067,0.008615,0.000000,0.000000,39.978094,49.964013,0.008602,0.000000,0.000000,1.00e-06
269,1.000,1.000,39.909524,49.878288,0.008616,0.000000,0.000000,39.978560,49.964597,0.008602,0.000000,0.000000,1.00e-06
270,1.000,1.000,39.919794,49.891126,0.008615,0.000000,0.000000,39.978191,49.964134,0.008603,0.000000,0.000000,1.00e-06
271,1.000,1.000,39.930755,49.904827,0.008616,0.000000,0.000000,39.978110,49.964034,0.008603,0.000000,0.000000,1.00e-06
272,1.000,1.000,39.937332,49.913049,0.008615,0.000000,0.000000,39.978450,49.964458,0.008603,0.000000,0.000000,1.00e-06
273,1.000,1.000,39.919477,49.890730,0.008615,0.000000,0.000000,39.978529,49.964557,0.008603,0.000000,0.000000,1.00e-06
274,1.000,1.000,39.975485,49.960741,0.008615,0.000000,0.000000,39.977805,49.963652,0.008604,0.000000,0.000000,1.00e-06
275,1.000,1.000,39.940147,49.916568,0.008615,0.000000,0.000000,39.977425,49.963177,0.008605,0.000000,0.000000,1.00e-06
276,1.000,1.000,39.950438,49.929431,0.008615,0.000000,0.000000,39.977151,49.962832,0.008605,0.000000,0.000000,1.00e-06
277,1.000,1.000,39.928630,49.902171,0.008615,0.000000,0.000000,39.977117,49.962790,0.008605,0.000000,0.000000,1.00e-06
278,1.000,1.000,39.926245,49.899188,0.008617,0.000000,0.000000,39.976951,49.962584,0.008605,0.000000,0.000000,1.00e-06
279,1.000,1.000,39.935701,49.911010,0.008615,0.000000,0.000000,39.976834,49.962437,0.008606,0.000000,0.000000,1.00e-06
280,1.000,1.000,39.934133,49.909048,0.008618,0.000000,0.000000,39.977300,49.963019,0.008606,0.000000,0.000000,1.00e-06
281,1.000,1.000,39.912949,49.882570,0.008616,0.000000,0.000000,39.977586,49.963376,0.008606,0.000000,0.000000,1.00e-06
282,1.000,1.000,39.892700,49.857257,0.008617,0.000000,0.000000,39.977937,49.963816,0.008606,0.000000,0.000000,1.00e-06
283,1.000,1.000,39.919184,49.890362,0.008617,0.000000,0.000000,39.978326,49.964300,0.008606,0.000000,0.000000,1.00e-06
284,1.000,1.000,39.990458,49.979456,0.008616,0.000000,0.000000,39.978476,49.964487,0.008606,0.000000,0.000000,1.00e-06
285,1.000,1.000,39.941750,49.918570,0.008616,0.000000,0.000000,39.978640,49.964691,0.008606,0.000000,0.000000,1.00e-06
286,1.000,1.000,39.876034,49.836424,0.008618,0.000000,0.000000,39.978661,49.964717,0.008606,0.000000,0.000000,1.00e-06
287,1.000,1.000,39.926823,49.899910,0.008618,0.000000,0.000000,39.978805,49.964898,0.008606,0.000000,0.000000,1.00e-06
288,1.000,1.000,39.936171,49.911597,0.008617,0.000000,0.000000,39.978872,49.964982,0.008607,0.000000,0.000000,1.00e-06
289,1.000,1.000,39.927606,49.900889,0.008618,0.000000,0.000000,39.978956,49.965087,0.008607,0.000000,0.000000,1.00e-06
290,1.000,1.000,39.938417,49.914403,0.008618,0.000000,0.000000,39.979270,49.965481,0.008607,0.000000,0.000000,1.00e-06
291,1.000,1.000,39.924204,49.896636,0.008618,0.000000,0.000000,39.979527,49.965801,0.008607,0.000000,0.000000,1.00e-06
292,1.000,1.000,39.962462,49.944459,0.008618,0.000000,0.000000,39.979659,49.965965,0.008607,0.000000,0.000000,1.00e-06
293,1.000,1.000,39.908138,49.876553,0.008619,0.000000,0.000000,39.980150,49.966579,0.008607,0.000000,0.000000,1.00e-06
294,1.000,1.000,39.962906,49.945013,0.008619,0.000000,0.000000,39.980003,49.966396,0.008607,0.000000,0.000000,1.00e-06
295,1.000,1.000,39.907397,49.875627,0.008619,0.000000,0.000000,39.980205,49.966646,0.008607,0.000000,0.000000,1.00e-06
296,1.000,1.000,39.928456,49.901951,0.008618,0.000000,0.000000,39.980120,49.966540,0.008607,0.000000,0.000000,1.00e-06
297,1.000,1.000,39.932980,49.907605,0.008619,0.000000,0.000000,39.980146,49.966575,0.008607,0.000000,0.000000,1.00e-06
298,1.000,1.000,39.923208,49.895389,0.008619,0.000000,0.000000,39.979945,49.966322,0.008608,0.000000,0.000000,1.00e-06
299,1.000,1.000,39.938541,49.914554,0.008621,0.000000,0.000000,39.979818,49.966166,0.008608,0.000000,0.000000,1.00e-06
300,1.000,1.000,39.950155,49.929072,0.008621,0.000000,0.000000,39.979680,49.965991,0.008609,0.000000,0.000000,1.00e-06
301,1.000,1.000,39.928805,49.902385,0.008621,0.000000,0.000000,39.979530,49.965803,0.008609,0.000000,0.000000,1.00e-06
302,1.000,1.000,39.931336,49.905549,0.008619,0.000000,0.000000,39.979198,49.965388,0.008609,0.000000,0.000000,1.00e-06
303,1.000,1.000,39.958122,49.939031,0.008621,0.000000,0.000000,39.979300,49.965516,0.008609,0.000000,0.000000,1.00e-06
304,1.000,1.000,39.931959,49.906329,0.008619,0.000000,0.000000,39.979053,49.965206,0.008609,0.000000,0.000000,1.00e-06
305,1.000,1.000,39.950982,49.930105,0.008621,0.000000,0.000000,39.979114,49.965282,0.008610,0.000000,0.000000,1.00e-06
306,1.000,1.000,39.921985,49.893859,0.008621,0.000000,0.000000,39.979117,49.965286,0.008610,0.000000,0.000000,1.00e-06
307,1.000,1.000,39.937273,49.912969,0.008622,0.000000,0.000000,39.979658,49.965961,0.008610,0.000000,0.000000,1.00e-06
308,1.000,1.000,39.955773,49.936095,0.008620,0.000000,0.000000,39.979738,49.966062,0.008610,0.000000,0.000000,1.00e-06
309,1.000,1.000,39.905971,49.873842,0.008621,0.000000,0.000000,39.980115,49.966532,0.008610,0.000000,0.000000,1.00e-06
310,1.000,1.000,39.931904,49.906258,0.008622,0.000000,0.000000,39.980322,49.966791,0.008610,0.000000,0.000000,1.00e-06
311,1.000,1.000,39.914120,49.884028,0.008621,0.000000,0.000000,39.980751,49.967326,0.008611,0.000000,0.000000,1.00e-06
312,1.000,1.000,39.953463,49.933205,0.008622,0.000000,0.000000,39.980854,49.967456,0.008611,0.000000,0.000000,1.00e-06
313,1.000,1.000,39.910651,49.879690,0.008622,0.000000,0.000000,39.980865,49.967468,0.008611,0.000000,0.000000,1.00e-06
314,1.000,1.000,39.925584,49.898356,0.008623,0.000000,0.000000,39.981117,49.967783,0.008611,0.000000,0.000000,1.00e-06
315,1.000,1.000,39.942020,49.918903,0.008621,0.000000,0.000000,39.980954,49.967580,0.008612,0.000000,0.000000,1.00e-06
316,1.000,1.000,39.953242,49.932930,0.008622,0.000000,0.000000,39.981094,49.967754,0.008612,0.000000,0.000000,1.00e-06
317,1.000,1.000,39.913729,49.883537,0.008623,0.000000,0.000000,39.980950,49.967574,0.008612,0.000000,0.000000,1.00e-06
318,1.000,1.000,39.932374,49.906843,0.008624,0.000000,0.000000,39.980793,49.967378,0.008613,0.000000,0.000000,1.00e-06
319,1.000,1.000,39.917801,49.888629,0.008621,0.000000,0.000000,39.980749,49.967322,0.008613,0.000000,0.000000,1.00e-06
320,1.000,1.000,39.952579,49.932099,0.008625,0.000000,0.000000,39.981132,49.967799,0.008613,0.000000,0.000000,1.00e-06
321,1.000,1.000,39.912819,49.882399,0.008623,0.000000,0.000000,39.981569,49.968347,0.008613,0.000000,0.000000,1.00e-06
322,1.000,1.000,39.919149,49.890310,0.008625,0.000000,0.000000,39.981832,49.968676,0.008614,0.000000,0.000000,1.00e-06
323,1.000,1.000,39.921926,49.893783,0.008623,0.000000,0.000000,39.982136,49.969055,0.008613,0.000000,0.000000,1.00e-06
324,1.000,1.000,39.946557,49.924571,0.008624,0.000000,0.000000,39.982001,49.968888,0.008613,0.000000,0.000000,1.00e-06
325,1.000,1.000,39.929648,49.903435,0.008625,0.000000,0.000000,39.981867,49.968721,0.008613,0.000000,0.000000,1.00e-06
326,1.000,1.000,39.924188,49.896610,0.008624,0.000000,0.000000,39.982129,49.969048,0.008613,0.000000,0.000000,1.00e-06
327,1.000,1.000,39.896869,49.862461,0.008625,0.000000,0.000000,39.981933,49.968802,0.008614,0.000000,0.000000,1.00e-06
328,1.000,1.000,39.947405,49.925630,0.008626,0.000000,0.000000,39.981634,49.968428,0.008614,0.000000,0.000000,1.00e-06
329,1.000,1.000,39.926224,49.899153,0.008626,0.000000,0.000000,39.981436,49.968179,0.008614,0.000000,0.000000,1.00e-06
330,1.000,1.000,39.902363,49.869327,0.008627,0.000000,0.000000,39.981459,49.968207,0.008615,0.000000,0.000000,1.00e-06
331,1.000,1.000,39.935297,49.910496,0.008625,0.000000,0.000000,39.981837,49.968681,0.008615,0.000000,0.000000,1.00e-06
332,1.000,1.000,39.911642,49.880927,0.008625,0.000000,0.000000,39.981953,49.968823,0.008615,0.000000,0.000000,1.00e-06
333,1.000,1.000,39.918097,49.888994,0.008627,0.000000,0.000000,39.982003,49.968888,0.008615,0.000000,0.000000,1.00e-06
334,1.000,1.000,39.886948,49.850058,0.008626,0.000000,0.000000,39.981894,49.968751,0.008615,0.000000,0.000000,1.00e-06
335,1.000,1.000,39.895046,49.860180,0.008626,0.000000,0.000000,39.981507,49.968267,0.008616,0.000000,0.000000,1.00e-06
336,1.000,1.000,39.915768,49.886084,0.008625,0.000000,0.000000,39.981559,49.968331,0.008616,0.000000,0.000000,1.00e-06
337,1.000,1.000,39.902835,49.869919,0.008624,0.000000,0.000000,39.981565,49.968339,0.008616,0.000000,0.000000,1.00e-06
338,1.000,1.000,39.913112,49.882762,0.008627,0.000000,0.000000,39.981639,49.968431,0.008616,0.000000,0.000000,1.00e-06
339,1.000,1.000,39.922060,49.893947,0.008627,0.000000,0.000000,39.982037,49.968928,0.008617,0.000000,0.000000,1.00e-06
340,1.000,1.000,39.938752,49.914812,0.008627,0.000000,0.000000,39.982057,49.968953,0.008617,0.000000,0.000000,1.00e-06
341,1.000,1.000,39.936500,49.911997,0.008627,0.000000,0.000000,39.981989,49.968866,0.008618,0.000000,0.000000,1.00e-06
342,1.000,1.000,39.909465,49.878203,0.008627,0.000000,0.000000,39.982038,49.968927,0.008618,0.000000,0.000000,1.00e-06
343,1.000,1.000,39.923259,49.895446,0.008626,0.000000,0.000000,39.982268,49.969216,0.008619,0.000000,0.000000,1.00e-06
344,1.000,1.000,39.954765,49.934828,0.008628,0.000000,0.000000,39.982190,49.969119,0.008619,0.000000,0.000000,1.00e-06
345,1.000,1.000,39.919859,49.891196,0.008627,0.000000,0.000000,39.982627,49.969665,0.008619,0.000000,0.000000,1.00e-06
346,1.000,1.000,39.902700,49.869745,0.008629,0.000000,0.000000,39.982774,49.969847,0.008619,0.000000,0.000000,1.00e-06
347,1.000,1.000,39.903958,49.871317,0.008630,0.000000,0.000000,39.982893,49.969998,0.008619,0.000000,0.000000,1.00e-06
348,1.000,1.000,39.902982,49.870096,0.008630,0.000000,0.000000,39.983088,49.970241,0.008619,0.000000,0.000000,1.00e-06
349,1.000,1.000,39.931581,49.905847,0.008628,0.000000,0.000000,39.983365,49.970588,0.008619,0.000000,0.000000,1.00e-06
350,1.000,1.000,39.959047,49.940178,0.008629,0.000000,0.000000,39.983583,49.970860,0.008619,0.000000,0.000000,1.00e-06
351,1.000,1.000,39.940442,49.916924,0.008627,0.000000,0.000000,39.983807,49.971138,0.008619,0.000000,0.000000,1.00e-06
352,1.000,1.000,39.911968,49.881330,0.008629,0.000000,0.000000,39.983997,49.971375,0.008619,0.000000,0.000000,1.00e-06
353,1.000,1.000,39.913685,49.883477,0.008628,0.000000,0.000000,39.984139,49.971555,0.008619,0.000000,0.000000,1.00e-06
354,1.000,1.000,39.905025,49.872651,0.008629,0.000000,0.000000,39.984517,49.972027,0.008619,0.000000,0.000000,1.00e-06
355,1.000,1.000,39.938460,49.914443,0.008630,0.000000,0.000000,39.985065,49.972711,0.008619,0.000000,0.000000,1.00e-06
356,1.000,1.000,39.956600,49.937119,0.008629,0.000000,0.000000,39.985058,49.972703,0.008620,0.000000,0.000000,1.00e-06
357,1.000,1.000,39.930702,49.904747,0.008630,0.000000,0.000000,39.985607,49.973388,0.008620,0.000000,0.000000,1.00e-06
358,1.000,1.000,39.896999,49.862618,0.008630,0.000000,0.000000,39.985805,49.973634,0.008620,0.000000,0.000000,1.00e-06
359,1.000,1.000,39.954847,49.934925,0.008633,0.000000,0.000000,39.985709,49.973516,0.008621,0.000000,0.000000,1.00e-06
360,1.000,1.000,39.909785,49.878599,0.008631,0.000000,0.000000,39.986086,49.973985,0.008621,0.000000,0.000000,1.00e-06
361,1.000,1.000,39.917135,49.887788,0.008630,0.000000,0.000000,39.986263,49.974208,0.008621,0.000000,0.000000,1.00e-06
362,1.000,1.000,39.932086,49.906476,0.008630,0.000000,0.000000,39.986320,49.974277,0.008621,0.000000,0.000000,1.00e-06
363,1.000,1.000,39.913330,49.883031,0.008631,0.000000,0.000000,39.985742,49.973555,0.008621,0.000000,0.000000,1.00e-06
364,1.000,1.000,39.880954,49.842558,0.008633,0.000000,0.000000,39.985267,49.972961,0.008621,0.000000,0.000000,1.00e-06
365,1.000,1.000,39.942216,49.919138,0.008632,0.000000,0.000000,39.985494,49.973245,0.008621,0.000000,0.000000,1.00e-06
366,1.000,1.000,39.925255,49.897935,0.008632,0.000000,0.000000,39.985259,49.972951,0.008622,0.000000,0.000000,1.00e-06
367,1.000,1.000,39.932894,49.907484,0.008632,0.000000,0.000000,39.985119,49.972776,0.008622,0.000000,0.000000,1.00e-06
368,1.000,1.000,39.928714,49.902260,0.008632,0.000000,0.000000,39.985077,49.972724,0.008622,0.000000,0.000000,1.00e-06
369,1.000,1.000,39.965729,49.948528,0.008632,0.000000,0.000000,39.984640,49.972176,0.008623,0.000000,0.000000,1.00e-06
370,1.000,1.000,39.920409,49.891877,0.008634,0.000000,0.000000,39.985135,49.972794,0.008624,0.000000,0.000000,1.00e-06
371,1.000,1.000,39.922882,49.894970,0.008632,0.000000,0.000000,39.985408,49.973135,0.008624,0.000000,0.000000,1.00e-06
372,1.000,1.000,39.909606,49.878374,0.008633,0.000000,0.000000,39.985934,49.973793,0.008624,0.000000,0.000000,1.00e-06
373,1.000,1.000,39.930999,49.905113,0.008634,0.000000,0.000000,39.985996,49.973869,0.008624,0.000000,0.000000,1.00e-06
374,1.000,1.000,39.917559,49.888313,0.008635,0.000000,0.000000,39.986006,49.973882,0.008625,0.000000,0.000000,1.00e-06
375,1.000,1.000,39.922232,49.894156,0.008634,0.000000,0.000000,39.985646,49.973433,0.008625,0.000000,0.000000,1.00e-06
376,1.000,1.000,39.951639,49.930914,0.008634,0.000000,0.000000,39.985857,49.973695,0.008625,0.000000,0.000000,1.00e-06
377,1.000,1.000,39.893106,49.857747,0.008635,0.000000,0.000000,39.986370,49.974338,0.008625,0.000000,0.000000,1.00e-06
378,1.000,1.000,39.944426,49.921896,0.008634,0.000000,0.000000,39.986497,49.974496,0.008625,0.000000,0.000000,1.00e-06
379,1.000,1.000,39.898035,49.863909,0.008634,0.000000,0.000000,39.986426,49.974406,0.008625,0.000000,0.000000,1.00e-06
380,1.000,1.000,39.916683,49.887219,0.008633,0.000000,0.000000,39.986704,49.974753,0.008626,0.000000,0.000000,1.00e-06
381,1.000,1.000,39.895409,49.860623,0.008636,0.000000,0.000000,39.986519,49.974522,0.008626,0.000000,0.000000,1.00e-06
382,1.000,1.000,39.948038,49.926411,0.008635,0.000000,0.000000,39.986365,49.974329,0.008626,0.000000,0.000000,1.00e-06
383,1.000,1.000,39.893797,49.858611,0.008635,0.000000,0.000000,39.986503,49.974502,0.008626,0.000000,0.000000,1.00e-06
384,1.000,1.000,39.928186,49.901595,0.008637,0.000000,0.000000,39.986050,49.973933,0.008627,0.000000,0.000000,1.00e-06
385,1.000,1.000,39.928910,49.902500,0.008637,0.000000,0.000000,39.985729,49.973534,0.008627,0.000000,0.000000,1.00e-06
386,1.000,1.000,39.912977,49.882583,0.008638,0.000000,0.000000,39.985613,49.973389,0.008628,0.000000,0.000000,1.00e-06
387,1.000,1.000,39.937743,49.913540,0.008637,0.000000,0.000000,39.985972,49.973838,0.008628,0.000000,0.000000,1.00e-06
388,1.000,1.000,39.894930,49.860025,0.008636,0.000000,0.000000,39.986544,49.974551,0.008628,0.000000,0.000000,1.00e-06
389,1.000,1.000,39.900320,49.866763,0.008636,0.000000,0.000000,39.987049,49.975182,0.008628,0.000000,0.000000,1.00e-06
390,1.000,1.000,39.927901,49.901237,0.008638,0.000000,0.000000,39.987297,49.975491,0.008629,0.000000,0.000000,1.00e-06
391,1.000,1.000,39.931554,49.905806,0.008636,0.000000,0.000000,39.987082,49.975222,0.008629,0.000000,0.000000,1.00e-06
392,1.000,1.000,39.926740,49.899786,0.008638,0.000000,0.000000,39.987121,49.975270,0.008629,0.000000,0.000000,1.00e-06
393,1.000,1.000,39.960015,49.941380,0.008637,0.000000,0.000000,39.987052,49.975183,0.008630,0.000000,0.000000,1.00e-06
394,1.000,1.000,39.885005,49.847619,0.008637,0.000000,0.000000,39.986381,49.974345,0.008630,0.000000,0.000000,1.00e-06
395,1.000,1.000,39.915766,49.886067,0.008639,0.000000,0.000000,39.986645,49.974674,0.008630,0.000000,0.000000,1.00e-06
396,1.000,1.000,39.915247,49.885421,0.008638,0.000000,0.000000,39.986668,49.974704,0.008631,0.000000,0.000000,1.00e-06
397,1.000,1.000,39.943260,49.920437,0.008637,0.000000,0.000000,39.986817,49.974891,0.008631,0.000000,0.000000,1.00e-06
398,1.000,1.000,39.943154,49.920302,0.008639,0.000000,0.000000,39.986897,49.974989,0.008631,0.000000,0.000000,1.00e-06
399,1.000,1.000,39.937889,49.913722,0.008638,0.000000,0.000000,39.987344,49.975549,0.008631,0.000000,0.000000,1.00e-06
400,1.000,1.000,39.921771,49.893575,0.008639,0.000000,0.000000,39.987055,49.975188,0.008631,0.000000,0.000000,1.00e-06
401,1.000,1.000,39.940905,49.917491,0.008639,0.000000,0.000000,39.986732,49.974784,0.008631,0.000000,0.000000,1.00e-06
402,1.000,1.000,39.901797,49.868606,0.008640,0.000000,0.000000,39.986943,49.975047,0.008631,0.000000,0.000000,1.00e-06
403,1.000,1.000,39.935408,49.910620,0.008639,0.000000,0.000000,39.986816,49.974889,0.008631,0.000000,0.000000,1.00e-06
404,1.000,1.000,39.881541,49.843284,0.008640,0.000000,0.000000,39.986625,49.974649,0.008631,0.000000,0.000000,1.00e-06
405,1.000,1.000,39.914982,49.885087,0.008641,0.000000,0.000000,39.986495,49.974487,0.008632,0.000000,0.000000,1.00e-06
406,1.000,1.000,39.906928,49.875019,0.008641,0.000000,0.000000,39.986695,49.974737,0.008632,0.000000,0.000000,1.00e-06
407,1.000,1.000,39.920234,49.891651,0.008640,0.000000,0.000000,39.987097,49.975239,0.008632,0.000000,0.000000,1.00e-06
408,1.000,1.000,39.922486,49.894467,0.008640,0.000000,0.000000,39.986822,49.974895,0.008632,0.000000,0.000000,1.00e-06
409,1.000,1.000,39.933645,49.908415,0.008641,0.000000,0.000000,39.986850,49.974929,0.008632,0.000000,0.000000,1.00e-06
410,1.000,1.000,39.925924,49.898764,0.008640,0.000000,0.000000,39.986962,49.975069,0.008632,0.000000,0.000000,1.00e-06
411,1.000,1.000,39.907965,49.876314,0.008641,0.000000,0.000000,39.986787,49.974850,0.008633,0.000000,0.000000,1.00e-06
412,1.000,1.000,39.939380,49.915582,0.008643,0.000000,0.000000,39.986499,49.974488,0.008633,0.000000,0.000000,1.00e-06
413,1.000,1.000,39.920100,49.891481,0.008642,0.000000,0.000000,39.987205,49.975370,0.008634,0.000000,0.000000,1.00e-06
414,1.000,1.000,39.916902,49.887485,0.008642,0.000000,0.000000,39.987509,49.975751,0.008633,0.000000,0.000000,1.00e-06
415,1.000,1.000,39.932730,49.907269,0.008642,0.000000,0.000000,39.987745,49.976047,0.008633,0.000000,0.000000,1.00e-06
416,1.000,1.000,39.921334,49.893024,0.008643,0.000000,0.000000,39.988061,49.976440,0.008634,0.000000,0.000000,1.00e-06
417,1.000,1.000,39.890594,49.854599,0.008642,0.000000,0.000000,39.988143,49.976543,0.008634,0.000000,0.000000,1.00e-06
418,1.000,1.000,39.915425,49.885638,0.008643,0.000000,0.000000,39.987729,49.976027,0.008634,0.000000,0.000000,1.00e-06
419,1.000,1.000,39.903959,49.871306,0.008643,0.000000,0.000000,39.987278,49.975462,0.008634,0.000000,0.000000,1.00e-06
420,1.000,1.000,39.903402,49.870607,0.008644,0.000000,0.000000,39.987545,49.975796,0.008634,0.000000,0.000000,1.00e-06
421,1.000,1.000,39.895561,49.860807,0.008643,0.000000,0.000000,39.987644,49.975921,0.008634,0.000000,0.000000,1.00e-06
422,1.000,1.000,39.921639,49.893404,0.008644,0.000000,0.000000,39.988022,49.976392,0.008635,0.000000,0.000000,1.00e-06
423,1.000,1.000,39.924635,49.897148,0.008645,0.000000,0.000000,39.988358,49.976811,0.008635,0.000000,0.000000,1.00e-06
424,1.000,1.000,39.889585,49.853336,0.008644,0.000000,0.000000,39.988272,49.976704,0.008635,0.000000,0.000000,1.00e-06
425,1.000,1.000,39.937372,49.913070,0.008644,0.000000,0.000000,39.988881,49.977466,0.008635,0.000000,0.000000,1.00e-06
426,1.000,1.000,39.926648,49.899666,0.008643,0.000000,0.000000,39.989375,49.978082,0.008635,0.000000,0.000000,1.00e-06
427,1.000,1.000,39.932970,49.907568,0.008643,0.000000,0.000000,39.989503,49.978241,0.008636,0.000000,0.000000,1.00e-06
428,1.000,1.000,39.906011,49.873867,0.008645,0.000000,0.000000,39.989768,49.978573,0.008636,0.000000,0.000000,1.00e-06
429,1.000,1.000,39.915996,49.886347,0.008646,0.000000,0.000000,39.989337,49.978034,0.008636,0.000000,0.000000,1.00e-06
430,1.000,1.000,39.914563,49.884558,0.008644,0.000000,0.000000,39.989253,49.977930,0.008636,0.000000,0.000000,1.00e-06
431,1.000,1.000,39.910082,49.878956,0.008645,0.000000,0.000000,39.989491,49.978228,0.008636,0.000000,0.000000,1.00e-06
432,1.000,1.000,39.919761,49.891056,0.008645,0.000000,0.000000,39.989255,49.977930,0.008636,0.000000,0.000000,1.00e-06
433,1.000,1.000,39.899247,49.865412,0.008646,0.000000,0.000000,39.989265,49.977943,0.008637,0.000000,0.000000,1.00e-06
434,1.000,1.000,39.922880,49.894953,0.008646,0.000000,0.000000,39.989995,49.978855,0.008637,0.000000,0.000000,1.00e-06
435,1.000,1.000,39.892022,49.856380,0.008647,0.000000,0.000000,39.990662,49.979689,0.008637,0.000000,0.000000,1.00e-06
436,1.000,1.000,39.902187,49.869088,0.008646,0.000000,0.000000,39.991004,49.980116,0.008637,0.000000,0.000000,1.00e-06
437,1.000,1.000,39.946865,49.924934,0.008646,0.000000,0.000000,39.991101,49.980238,0.008638,0.000000,0.000000,1.00e-06
438,1.000,1.000,39.933950,49.908790,0.008647,0.000000,0.000000,39.991684,49.980967,0.008638,0.000000,0.000000,1.00e-06
439,1.000,1.000,39.946915,49.924996,0.008647,0.000000,0.000000,39.992113,49.981504,0.008638,0.000000,0.000000,1.00e-06
440,1.000,1.000,39.900527,49.867010,0.008648,0.000000,0.000000,39.992185,49.981592,0.008638,0.000000,0.000000,1.00e-06
441,1.000,1.000,39.900506,49.866985,0.008647,0.000000,0.000000,39.991954,49.981305,0.008639,0.000000,0.000000,1.00e-06
442,1.000,1.000,39.888758,49.852299,0.008648,0.000000,0.000000,39.992025,49.981393,0.008639,0.000000,0.000000,1.00e-06
443,1.000,1.000,39.942034,49.918893,0.008648,0.000000,0.000000,39.992589,49.982095,0.008639,0.000000,0.000000,1.00e-06
444,1.000,1.000,39.896725,49.862257,0.008649,0.000000,0.000000,39.992021,49.981385,0.008640,0.000000,0.000000,1.00e-06
445,1.000,1.000,39.922498,49.894472,0.008649,0.000000,0.000000,39.992149,49.981546,0.008640,0.000000,0.000000,1.00e-06
446,1.000,1.000,39.924038,49.896397,0.008649,0.000000,0.000000,39.992280,49.981708,0.008640,0.000000,0.000000,1.00e-06
447,1.000,1.000,39.913096,49.882720,0.008649,0.000000,0.000000,39.991857,49.981179,0.008641,0.000000,0.000000,1.00e-06
448,1.000,1.000,39.870484,49.829453,0.008651,0.000000,0.000000,39.991854,49.981177,0.008641,0.000000,0.000000,1.00e-06
449,1.000,1.000,39.909472,49.878190,0.008649,0.000000,0.000000,39.991999,49.981357,0.008641,0.000000,0.000000,1.00e-06
450,1.000,1.000,39.895555,49.860795,0.008649,0.000000,0.000000,39.992099,49.981481,0.008641,0.000000,0.000000,1.00e-06
451,1.000,1.000,39.917400,49.888099,0.008650,0.000000,0.000000,39.992438,49.981904,0.008642,0.000000,0.000000,1.00e-06
452,1.000,1.000,39.943738,49.921022,0.008650,0.000000,0.000000,39.992658,49.982179,0.008642,0.000000,0.000000,1.00e-06
453,1.000,1.000,39.902049,49.868910,0.008650,0.000000,0.000000,39.993042,49.982659,0.008642,0.000000,0.000000,1.00e-06
454,1.000,1.000,39.904693,49.872215,0.008651,0.000000,0.000000,39.993370,49.983069,0.008642,0.000000,0.000000,1.00e-06
455,1.000,1.000,39.920147,49.891533,0.008651,0.000000,0.000000,39.993791,49.983597,0.008642,0.000000,0.000000,1.00e-06
456,1.000,1.000,39.906044,49.873903,0.008651,0.000000,0.000000,39.994556,49.984553,0.008642,0.000000,0.000000,1.00e-06
457,1.000,1.000,39.911461,49.880675,0.008651,0.000000,0.000000,39.994865,49.984940,0.008642,0.000000,0.000000,1.00e-06
458,1.000,1.000,39.907009,49.875109,0.008652,0.000000,0.000000,39.994820,49.984882,0.008642,0.000000,0.000000,1.00e-06
459,1.000,1.000,39.926636,49.899642,0.008652,0.000000,0.000000,39.994766,49.984817,0.008642,0.000000,0.000000,1.00e-06
460,1.000,1.000,39.919750,49.891034,0.008652,0.000000,0.000000,39.994458,49.984429,0.008643,0.000000,0.000000,1.00e-06
461,1.000,1.000,39.908587,49.877081,0.008651,0.000000,0.000000,39.994366,49.984311,0.008643,0.000000,0.000000,1.00e-06
462,1.000,1.000,39.893170,49.857811,0.008651,0.000000,0.000000,39.994270,49.984194,0.008643,0.000000,0.000000,1.00e-06
463,1.000,1.000,39.918120,49.888998,0.008651,0.000000,0.000000,39.993767,49.983563,0.008644,0.000000,0.000000,1.00e-06
464,1.000,1.000,39.922100,49.893971,0.008653,0.000000,0.000000,39.993595,49.983348,0.008644,0.000000,0.000000,1.00e-06
465,1.000,1.000,39.926135,49.899015,0.008653,0.000000,0.000000,39.993783,49.983583,0.008644,0.000000,0.000000,1.00e-06
466,1.000,1.000,39.923133,49.895261,0.008654,0.000000,0.000000,39.993629,49.983391,0.008644,0.000000,0.000000,1.00e-06
467,1.000,1.000,39.905149,49.872784,0.008652,0.000000,0.000000,39.993985,49.983835,0.008645,0.000000,0.000000,1.00e-06
468,1.000,1.000,39.908075,49.876438,0.008654,0.000000,0.000000,39.993583,49.983334,0.008645,0.000000,0.000000,1.00e-06
469,1.000,1.000,39.907872,49.876186,0.008653,0.000000,0.000000,39.993996,49.983850,0.008645,0.000000,0.000000,1.00e-06
470,1.000,1.000,39.898565,49.864552,0.008653,0.000000,0.000000,39.994058,49.983927,0.008645,0.000000,0.000000,1.00e-06
471,1.000,1.000,39.910567,49.879552,0.008655,0.000000,0.000000,39.994174,49.984072,0.008646,0.000000,0.000000,1.00e-06
472,1.000,1.000,39.924515,49.896988,0.008655,0.000000,0.000000,39.994823,49.984881,0.008646,0.000000,0.000000,1.00e-06
473,1.000,1.000,39.922538,49.894517,0.008655,0.000000,0.000000,39.994792,49.984842,0.008646,0.000000,0.000000,1.00e-06
474,1.000,1.000,39.908200,49.876595,0.008654,0.000000,0.000000,39.995632,49.985893,0.008646,0.000000,0.000000,1.00e-06
475,1.000,1.000,39.944029,49.921379,0.008656,0.000000,0.000000,39.995946,49.986286,0.008646,0.000000,0.000000,1.00e-06
476,1.000,1.000,39.918991,49.890083,0.008656,0.000000,0.000000,39.996502,49.986981,0.008646,0.000000,0.000000,1.00e-06
477,1.000,1.000,39.919922,49.891248,0.008655,0.000000,0.000000,39.996728,49.987264,0.008646,0.000000,0.000000,1.00e-06
478,1.000,1.000,39.878300,49.839218,0.008655,0.000000,0.000000,39.996721,49.987254,0.008647,0.000000,0.000000,1.00e-06
479,1.000,1.000,39.913859,49.883667,0.008656,0.000000,0.000000,39.996773,49.987318,0.008647,0.000000,0.000000,1.00e-06
480,1.000,1.000,39.932378,49.906815,0.008657,0.000000,0.000000,39.996827,49.987385,0.008647,0.000000,0.000000,1.00e-06
481,1.000,1.000,39.900590,49.867081,0.008656,0.000000,0.000000,39.996437,49.986898,0.008647,0.000000,0.000000,1.00e-06
482,1.000,1.000,39.916018,49.886363,0.008658,0.000000,0.000000,39.995960,49.986301,0.008648,0.000000,0.000000,1.00e-06
483,1.000,1.000,39.879997,49.841340,0.008655,0.000000,0.000000,39.996422,49.986879,0.008648,0.000000,0.000000,1.00e-06
484,1.000,1.000,39.879432,49.840631,0.008658,0.000000,0.000000,39.996680,49.987202,0.008648,0.000000,0.000000,1.00e-06
485,1.000,1.000,39.897804,49.863595,0.008658,0.000000,0.000000,39.996936,49.987521,0.008648,0.000000,0.000000,1.00e-06
486,1.000,1.000,39.905559,49.873290,0.008659,0.000000,0.000000,39.997895,49.988720,0.008648,0.000000,0.000000,1.00e-06
487,1.000,1.000,39.923821,49.896118,0.008657,0.000000,0.000000,39.998028,49.988887,0.008648,0.000000,0.000000,1.00e-06
488,1.000,1.000,39.911362,49.880544,0.008658,0.000000,0.000000,39.997891,49.988715,0.008648,0.000000,0.000000,1.00e-06
489,1.000,1.000,39.923789,49.896079,0.008656,0.000000,0.000000,39.997715,49.988496,0.008648,0.000000,0.000000,1.00e-06
490,1.000,1.000,39.920362,49.891793,0.008659,0.000000,0.000000,39.997772,49.988565,0.008649,0.000000,0.000000,1.00e-06
491,1.000,1.000,39.915315,49.885484,0.008659,0.000000,0.000000,39.998070,49.988937,0.008649,0.000000,0.000000,1.00e-06
492,1.000,1.000,39.898042,49.863892,0.008660,0.000000,0.000000,39.998184,49.989080,0.008649,0.000000,0.000000,1.00e-06
493,1.000,1.000,39.889355,49.853033,0.008659,0.000000,0.000000,39.998897,49.989972,0.008649,0.000000,0.000000,1.00e-06
494,1.000,1.000,39.912717,49.882235,0.008660,0.000000,0.000000,39.999584,49.990831,0.008649,0.000000,0.000000,1.00e-06
495,1.000,1.000,39.905569,49.873301,0.008660,0.000000,0.000000,40.000153,49.991540,0.008649,0.000000,0.000000,1.00e-06
496,1.000,1.000,39.939194,49.915331,0.008660,0.000000,0.000000,40.000173,49.991564,0.008649,0.000000,0.000000,1.00e-06
497,1.000,1.000,39.885514,49.848230,0.008661,0.000000,0.000000,40.000299,49.991722,0.008650,0.000000,0.000000,1.00e-06
498,1.000,1.000,39.915252,49.885406,0.008659,0.000000,0.000000,40.000127,49.991508,0.008650,0.000000,0.000000,1.00e-06
499,1.000,1.000,39.858899,49.814962,0.008660,0.000000,0.000000,39.999302,49.990476,0.008651,0.000000,0.000000,1.00e-06
500,1.000,1.000,39.904714,49.872231,0.008661,0.000000,0.000000,39.998873,49.989939,0.008652,0.000000,0.000000,1.00e-06
501,1.000,1.000,39.903589,49.870824,0.008660,0.000000,0.000000,39.998832,49.989886,0.008652,0.000000,0.000000,1.00e-06
502,1.000,1.000,39.906485,49.874444,0.008662,0.000000,0.000000,39.999686,49.990954,0.008652,0.000000,0.000000,1.00e-06
503,1.000,1.000,39.926162,49.899040,0.008662,0.000000,0.000000,40.000517,49.991993,0.008652,0.000000,0.000000,1.00e-06
504,1.000,1.000,39.862254,49.819155,0.008662,0.000000,0.000000,40.000900,49.992472,0.008652,0.000000,0.000000,1.00e-06
505,1.000,1.000,39.927808,49.901097,0.008662,0.000000,0.000000,40.001662,49.993423,0.008653,0.000000,0.000000,1.00e-06
506,1.000,1.000,39.910296,49.879207,0.008663,0.000000,0.000000,40.001674,49.993439,0.008653,0.000000,0.000000,1.00e-06
507,1.000,1.000,39.903212,49.870351,0.008663,0.000000,0.000000,40.001353,49.993037,0.008653,0.000000,0.000000,1.00e-06
508,1.000,1.000,39.926223,49.899114,0.008663,0.000000,0.000000,40.000954,49.992538,0.008653,0.000000,0.000000,1.00e-06
509,1.000,1.000,39.899048,49.865145,0.008664,0.000000,0.000000,40.000715,49.992241,0.008653,0.000000,0.000000,1.00e-06
510,1.000,1.000,39.905741,49.873514,0.008662,0.000000,0.000000,40.000899,49.992470,0.008654,0.000000,0.000000,1.00e-06
511,1.000,1.000,39.887058,49.850160,0.008662,0.000000,0.000000,40.001197,49.992842,0.008654,0.000000,0.000000,1.00e-06
512,1.000,1.000,39.908674,49.877179,0.008662,0.000000,0.000000,40.001117,49.992741,0.008655,0.000000,0.000000,1.00e-06
513,1.000,1.000,39.901495,49.868203,0.008665,0.000000,0.000000,40.001000,49.992595,0.008655,0.000000,0.000000,1.00e-06
514,1.000,1.000,39.885068,49.847672,0.008662,0.000000,0.000000,40.001508,49.993229,0.008655,0.000000,0.000000,1.00e-06
515,1.000,1.000,39.926328,49.899245,0.008664,0.000000,0.000000,40.001139,49.992766,0.008656,0.000000,0.000000,1.00e-06
516,1.000,1.000,39.893082,49.857686,0.008665,0.000000,0.000000,40.001167,49.992802,0.008656,0.000000,0.000000,1.00e-06
517,1.000,1.000,39.890887,49.854943,0.008665,0.000000,0.000000,40.001577,49.993315,0.008657,0.000000,0.000000,1.00e-06
518,1.000,1.000,39.912940,49.882508,0.008665,0.000000,0.000000,40.001687,49.993449,0.008657,0.000000,0.000000,1.00e-06
519,1.000,1.000,39.899904,49.866215,0.008664,0.000000,0.000000,40.001654,49.993407,0.008658,0.000000,0.000000,1.00e-06
520,1.000,1.000,39.914963,49.885038,0.008664,0.000000,0.000000,40.001955,49.993785,0.008658,0.000000,0.000000,1.00e-06
521,1.000,1.000,39.935119,49.910232,0.008666,0.000000,0.000000,40.002754,49.994783,0.008658,0.000000,0.000000,1.00e-06
522,1.000,1.000,39.905262,49.872912,0.008665,0.000000,0.000000,40.003089,49.995201,0.008658,0.000000,0.000000,1.00e-06
523,1.000,1.000,39.944399,49.921832,0.008666,0.000000,0.000000,40.003056,49.995161,0.008658,0.000000,0.000000,1.00e-06
524,1.000,1.000,39.889323,49.852986,0.008666,0.000000,0.000000,40.002722,49.994742,0.008659,0.000000,0.000000,1.00e-06
525,1.000,1.000,39.917598,49.888331,0.008666,0.000000,0.000000,40.003080,49.995191,0.008659,0.000000,0.000000,1.00e-06
526,1.000,1.000,39.926914,49.899975,0.008666,0.000000,0.000000,40.002750,49.994779,0.008659,0.000000,0.000000,1.00e-06
527,1.000,1.000,39.896634,49.862123,0.008668,0.000000,0.000000,40.002589,49.994576,0.008660,0.000000,0.000000,1.00e-06
528,1.000,1.000,39.886447,49.849390,0.008668,0.000000,0.000000,40.002332,49.994256,0.008660,0.000000,0.000000,1.00e-06
529,1.000,1.000,39.870064,49.828911,0.008668,0.000000,0.000000,40.002677,49.994685,0.008660,0.000000,0.000000,1.00e-06
530,1.000,1.000,39.932595,49.907075,0.008668,0.000000,0.000000,40.002794,49.994830,0.008660,0.000000,0.000000,1.00e-06
531,1.000,1.000,39.899030,49.865119,0.008667,0.000000,0.000000,40.002197,49.994085,0.008660,0.000000,0.000000,1.00e-06
532,1.000,1.000,39.862371,49.819296,0.008667,0.000000,0.000000,40.001570,49.993300,0.008661,0.000000,0.000000,1.00e-06
533,1.000,1.000,39.913809,49.883592,0.008668,0.000000,0.000000,40.002457,49.994409,0.008661,0.000000,0.000000,1.00e-06
534,1.000,1.000,39.940155,49.916524,0.008668,0.000000,0.000000,40.002524,49.994493,0.008661,0.000000,0.000000,1.00e-06
535,1.000,1.000,39.930489,49.904442,0.008669,0.000000,0.000000,40.002823,49.994866,0.008661,0.000000,0.000000,1.00e-06
536,1.000,1.000,39.863285,49.820437,0.008668,0.000000,0.000000,40.001916,49.993731,0.008662,0.000000,0.000000,1.00e-06
537,1.000,1.000,39.912926,49.882486,0.008670,0.000000,0.000000,40.001838,49.993634,0.008662,0.000000,0.000000,1.00e-06
538,1.000,1.000,39.927521,49.900730,0.008671,0.000000,0.000000,40.001651,49.993402,0.008662,0.000000,0.000000,1.00e-06
539,1.000,1.000,39.925198,49.897826,0.008671,0.000000,0.000000,40.001141,49.992764,0.008662,0.000000,0.000000,1.00e-06
540,1.000,1.000,39.912839,49.882378,0.008670,0.000000,0.000000,40.001447,49.993145,0.008662,0.000000,0.000000,1.00e-06
541,1.000,1.000,39.886958,49.850025,0.008671,0.000000,0.000000,40.001855,49.993654,0.008663,0.000000,0.000000,1.00e-06
542,1.000,1.000,39.872783,49.832306,0.008672,0.000000,0.000000,40.002383,49.994315,0.008663,0.000000,0.000000,1.00e-06
543,1.000,1.000,39.906925,49.874983,0.008672,0.000000,0.000000,40.002666,49.994669,0.008663,0.000000,0.000000,1.00e-06
544,1.000,1.000,39.883342,49.845507,0.008669,0.000000,0.000000,40.002958,49.995036,0.008663,0.000000,0.000000,1.00e-06
545,1.000,1.000,39.905430,49.873115,0.008670,0.000000,0.000000,40.003577,49.995810,0.008664,0.000000,0.000000,1.00e-06
546,1.000,1.000,39.902215,49.869099,0.008669,0.000000,0.000000,40.004200,49.996585,0.008664,0.000000,0.000000,1.00e-06
547,1.000,1.000,39.915775,49.886045,0.008672,0.000000,0.000000,40.004302,49.996712,0.008664,0.000000,0.000000,1.00e-06
548,1.000,1.000,39.906303,49.874207,0.008671,0.000000,0.000000,40.004655,49.997154,0.008664,0.000000,0.000000,1.00e-06
549,1.000,1.000,39.891147,49.855262,0.008672,0.000000,0.000000,40.004147,49.996518,0.008664,0.000000,0.000000,1.00e-06
550,1.000,1.000,39.912903,49.882455,0.008673,0.000000,0.000000,40.003820,49.996111,0.008665,0.000000,0.000000,1.00e-06
551,1.000,1.000,39.890642,49.854631,0.008671,0.000000,0.000000,40.003728,49.995995,0.008665,0.000000,0.000000,1.00e-06
552,1.000,1.000,39.898615,49.864594,0.008674,0.000000,0.000000,40.003254,49.995400,0.008665,0.000000,0.000000,1.00e-06
553,1.000,1.000,39.897188,49.862812,0.008672,0.000000,0.000000,40.002977,49.995056,0.008666,0.000000,0.000000,1.00e-06
554,1.000,1.000,39.895587,49.860808,0.008674,0.000000,0.000000,40.003178,49.995305,0.008666,0.000000,0.000000,1.00e-06
555,1.000,1.000,39.897106,49.862709,0.008673,0.000000,0.000000,40.003317,49.995479,0.008666,0.000000,0.000000,1.00e-06
556,1.000,1.000,39.898020,49.863850,0.008674,0.000000,0.000000,40.002816,49.994854,0.008666,0.000000,0.000000,1.00e-06
557,1.000,1.000,39.916590,49.887061,0.008675,0.000000,0.000000,40.002131,49.993996,0.008667,0.000000,0.000000,1.00e-06
558,1.000,1.000,39.904898,49.872447,0.008675,0.000000,0.000000,40.002495,49.994452,0.008667,0.000000,0.000000,1.00e-06
559,1.000,1.000,39.893139,49.857750,0.008674,0.000000,0.000000,40.002208,49.994091,0.008668,0.000000,0.000000,1.00e-06
560,1.000,1.000,39.903070,49.870161,0.008676,0.000000,0.000000,40.001942,49.993758,0.008668,0.000000,0.000000,1.00e-06
561,1.000,1.000,39.888419,49.851849,0.008673,0.000000,0.000000,40.001640,49.993382,0.008668,0.000000,0.000000,1.00e-06
562,1.000,1.000,39.920380,49.891799,0.008675,0.000000,0.000000,40.001519,49.993232,0.008668,0.000000,0.000000,1.00e-06
563,1.000,1.000,39.898880,49.864923,0.008676,0.000000,0.000000,40.001740,49.993504,0.008669,0.000000,0.000000,1.00e-06
564,1.000,1.000,39.945714,49.923466,0.008675,0.000000,0.000000,40.001740,49.993504,0.008669,0.000000,0.000000,1.00e-06
565,1.000,1.000,39.894819,49.859849,0.008674,0.000000,0.000000,40.001951,49.993770,0.008669,0.000000,0.000000,1.00e-06
566,1.000,1.000,39.886720,49.849723,0.008676,0.000000,0.000000,40.002455,49.994399,0.008669,0.000000,0.000000,1.00e-06
567,1.000,1.000,39.912282,49.881677,0.008675,0.000000,0.000000,40.002705,49.994711,0.008669,0.000000,0.000000,1.00e-06
568,1.000,1.000,39.858523,49.814477,0.008676,0.000000,0.000000,40.002893,49.994946,0.008670,0.000000,0.000000,1.00e-06
569,1.000,1.000,39.900435,49.866867,0.008676,0.000000,0.000000,40.002717,49.994723,0.008670,0.000000,0.000000,1.00e-06
570,1.000,1.000,39.869697,49.828443,0.008678,0.000000,0.000000,40.003016,49.995097,0.008670,0.000000,0.000000,1.00e-06
571,1.000,1.000,39.866167,49.824031,0.008677,0.000000,0.000000,40.003284,49.995434,0.008671,0.000000,0.000000,1.00e-06
572,1.000,1.000,39.888883,49.852424,0.008679,0.000000,0.000000,40.003997,49.996324,0.008671,0.000000,0.000000,1.00e-06
573,1.000,1.000,39.909753,49.878512,0.008678,0.000000,0.000000,40.004560,49.997027,0.008671,0.000000,0.000000,1.00e-06
574,1.000,1.000,39.921141,49.892747,0.008678,0.000000,0.000000,40.004937,49.997500,0.008671,0.000000,0.000000,1.00e-06
575,1.000,1.000,39.924358,49.896768,0.008679,0.000000,0.000000,40.005726,49.998486,0.008671,0.000000,0.000000,1.00e-06
576,1.000,1.000,39.886242,49.849124,0.008677,0.000000,0.000000,40.006018,49.998851,0.008671,0.000000,0.000000,1.00e-06
577,1.000,1.000,39.911986,49.881303,0.008679,0.000000,0.000000,40.006256,49.999148,0.008671,0.000000,0.000000,1.00e-06
578,1.000,1.000,39.893996,49.858815,0.008679,0.000000,0.000000,40.006558,49.999527,0.008671,0.000000,0.000000,1.00e-06
579,1.000,1.000,39.892243,49.856624,0.008678,0.000000,0.000000,40.007174,50.000297,0.008671,0.000000,0.000000,1.00e-06
580,1.000,1.000,39.911749,49.881006,0.008680,0.000000,0.000000,40.007220,50.000353,0.008671,0.000000,0.000000,1.00e-06
581,1.000,1.000,39.894534,49.859488,0.008679,0.000000,0.000000,40.007642,50.000879,0.008671,0.000000,0.000000,1.00e-06
582,1.000,1.000,39.902393,49.869312,0.008679,0.000000,0.000000,40.007989,50.001314,0.008671,0.000000,0.000000,1.00e-06
583,1.000,1.000,39.913691,49.883433,0.008679,0.000000,0.000000,40.008202,50.001580,0.008671,0.000000,0.000000,1.00e-06
584,1.000,1.000,39.924588,49.897056,0.008678,0.000000,0.000000,40.007857,50.001149,0.008672,0.000000,0.000000,1.00e-06
585,1.000,1.000,39.899858,49.866140,0.008682,0.000000,0.000000,40.007558,50.000774,0.008672,0.000000,0.000000,1.00e-06
586,1.000,1.000,39.908648,49.877128,0.008680,0.000000,0.000000,40.007107,50.000209,0.008672,0.000000,0.000000,1.00e-06
587,1.000,1.000,39.914338,49.884242,0.008680,0.000000,0.000000,40.007708,50.000961,0.008672,0.000000,0.000000,1.00e-06
588,1.000,1.000,39.888254,49.851637,0.008679,0.000000,0.000000,40.007780,50.001051,0.008673,0.000000,0.000000,1.00e-06
589,1.000,1.000,39.886180,49.849041,0.008682,0.000000,0.000000,40.007618,50.000849,0.008673,0.000000,0.000000,1.00e-06
590,1.000,1.000,39.919913,49.891208,0.008682,0.000000,0.000000,40.007641,50.000876,0.008673,0.000000,0.000000,1.00e-06
591,1.000,1.000,39.874286,49.834174,0.008682,0.000000,0.000000,40.007743,50.001004,0.008674,0.000000,0.000000,1.00e-06
592,1.000,1.000,39.913855,49.883637,0.008681,0.000000,0.000000,40.007076,50.000170,0.008674,0.000000,0.000000,1.00e-06
593,1.000,1.000,39.863756,49.821013,0.008681,0.000000,0.000000,40.006870,49.999912,0.008674,0.000000,0.000000,1.00e-06
594,1.000,1.000,39.930382,49.904295,0.008682,0.000000,0.000000,40.007137,50.000245,0.008674,0.000000,0.000000,1.00e-06
595,1.000,1.000,39.903499,49.870692,0.008681,0.000000,0.000000,40.007124,50.000231,0.008675,0.000000,0.000000,1.00e-06
596,1.000,1.000,39.893990,49.858804,0.008683,0.000000,0.000000,40.007941,50.001251,0.008675,0.000000,0.000000,1.00e-06
597,1.000,1.000,39.865395,49.823059,0.008683,0.000000,0.000000,40.007728,50.000982,0.008675,0.000000,0.000000,1.00e-06
598,1.000,1.000,39.917309,49.887951,0.008684,0.000000,0.000000,40.008064,50.001403,0.008676,0.000000,0.000000,1.00e-06
599,1.000,1.000,39.868489,49.826926,0.008685,0.000000,0.000000,40.007972,50.001287,0.008676,0.000000,0.000000,1.00e-06
600,1.000,1.000,39.902401,49.869318,0.008682,0.000000,0.000000,40.008333,50.001739,0.008676,0.000000,0.000000,1.00e-06
601,1.000,1.000,39.913536,49.883235,0.008684,0.000000,0.000000,40.008286,50.001679,0.008677,0.000000,0.000000,1.00e-06
602,1.000,1.000,39.883215,49.845334,0.008684,0.000000,0.000000,40.008501,50.001948,0.008677,0.000000,0.000000,1.00e-06
603,1.000,1.000,39.886027,49.848848,0.008685,0.000000,0.000000,40.009350,50.003010,0.008677,0.000000,0.000000,1.00e-06
604,1.000,1.000,39.865369,49.823025,0.008685,0.000000,0.000000,40.009246,50.002878,0.008677,0.000000,0.000000,1.00e-06
605,1.000,1.000,39.896034,49.861356,0.008685,0.000000,0.000000,40.010007,50.003830,0.008677,0.000000,0.000000,1.00e-06
606,1.000,1.000,39.911358,49.880510,0.008686,0.000000,0.000000,40.009610,50.003333,0.008677,0.000000,0.000000,1.00e-06
607,1.000,1.000,39.900484,49.866918,0.008686,0.000000,0.000000,40.009246,50.002880,0.008678,0.000000,0.000000,1.00e-06
608,1.000,1.000,39.909528,49.878225,0.008685,0.000000,0.000000,40.009492,50.003185,0.008678,0.000000,0.000000,1.00e-06
609,1.000,1.000,39.880090,49.841424,0.008687,0.000000,0.000000,40.010535,50.004491,0.008678,0.000000,0.000000,1.00e-06
610,1.000,1.000,39.903084,49.870168,0.008686,0.000000,0.000000,40.010977,50.005042,0.008678,0.000000,0.000000,1.00e-06
611,1.000,1.000,39.875016,49.835083,0.008686,0.000000,0.000000,40.010780,50.004798,0.008679,0.000000,0.000000,1.00e-06
612,1.000,1.000,39.916429,49.886849,0.008687,0.000000,0.000000,40.010123,50.003974,0.008679,0.000000,0.000000,1.00e-06
613,1.000,1.000,39.919888,49.891174,0.008685,0.000000,0.000000,40.010132,50.003985,0.008679,0.000000,0.000000,1.00e-06
614,1.000,1.000,39.901554,49.868253,0.008688,0.000000,0.000000,40.010164,50.004024,0.008679,0.000000,0.000000,1.00e-06
615,1.000,1.000,39.909906,49.878694,0.008688,0.000000,0.000000,40.010283,50.004171,0.008680,0.000000,0.000000,1.00e-06
616,1.000,1.000,39.887130,49.850223,0.008688,0.000000,0.000000,40.009910,50.003705,0.008680,0.000000,0.000000,1.00e-06
617,1.000,1.000,39.901098,49.867686,0.008685,0.000000,0.000000,40.009677,50.003416,0.008680,0.000000,0.000000,1.00e-06
618,1.000,1.000,39.868770,49.827275,0.008686,0.000000,0.000000,40.009546,50.003253,0.008681,0.000000,0.000000,1.00e-06
619,1.000,1.000,39.874253,49.834127,0.008689,0.000000,0.000000,40.010771,50.004783,0.008681,0.000000,0.000000,1.00e-06
620,1.000,1.000,39.890042,49.853865,0.008687,0.000000,0.000000,40.011401,50.005569,0.008681,0.000000,0.000000,1.00e-06
621,1.000,1.000,39.917764,49.888516,0.008688,0.000000,0.000000,40.010871,50.004907,0.008681,0.000000,0.000000,1.00e-06
622,1.000,1.000,39.865202,49.822812,0.008689,0.000000,0.000000,40.009928,50.003726,0.008682,0.000000,0.000000,1.00e-06
623,1.000,1.000,39.921122,49.892712,0.008690,0.000000,0.000000,40.009946,50.003751,0.008682,0.000000,0.000000,1.00e-06
624,1.000,1.000,39.911077,49.880159,0.008687,0.000000,0.000000,40.010922,50.004970,0.008682,0.000000,0.000000,1.00e-06
625,1.000,1.000,39.899671,49.865899,0.008689,0.000000,0.000000,40.011235,50.005361,0.008683,0.000000,0.000000,1.00e-06
626,1.000,1.000,39.921401,49.893061,0.008690,0.000000,0.000000,40.011493,50.005683,0.008683,0.000000,0.000000,1.00e-06
627,1.000,1.000,39.887162,49.850262,0.008689,0.000000,0.000000,40.011372,50.005531,0.008683,0.000000,0.000000,1.00e-06
628,1.000,1.000,39.867864,49.826140,0.008689,0.000000,0.000000,40.011432,50.005606,0.008683,0.000000,0.000000,1.00e-06
629,1.000,1.000,39.892281,49.856660,0.008690,0.000000,0.000000,40.011973,50.006283,0.008683,0.000000,0.000000,1.00e-06
630,1.000,1.000,39.877800,49.838558,0.008691,0.000000,0.000000,40.012593,50.007055,0.008684,0.000000,0.000000,1.00e-06
631,1.000,1.000,39.904385,49.871788,0.008693,0.000000,0.000000,40.012247,50.006623,0.008684,0.000000,0.000000,1.00e-06
632,1.000,1.000,39.912461,49.881883,0.008692,0.000000,0.000000,40.012032,50.006356,0.008684,0.000000,0.000000,1.00e-06
633,1.000,1.000,39.919612,49.890823,0.008690,0.000000,0.000000,40.011754,50.006007,0.008684,0.000000,0.000000,1.00e-06
634,1.000,1.000,39.865897,49.823680,0.008690,0.000000,0.000000,40.012603,50.007068,0.008684,0.000000,0.000000,1.00e-06
635,1.000,1.000,39.878248,49.839118,0.008691,0.000000,0.000000,40.013106,50.007698,0.008684,0.000000,0.000000,1.00e-06
636,1.000,1.000,39.883862,49.846136,0.008691,0.000000,0.000000,40.013992,50.008804,0.008684,0.000000,0.000000,1.00e-06
637,1.000,1.000,39.891699,49.855930,0.008692,0.000000,0.000000,40.013993,50.008806,0.008684,0.000000,0.000000,1.00e-06
638,1.000,1.000,39.903530,49.870720,0.008692,0.000000,0.000000,40.013994,50.008807,0.008684,0.000000,0.000000,1.00e-06
639,1.000,1.000,39.909639,49.878355,0.008693,0.000000,0.000000,40.013926,50.008720,0.008685,0.000000,0.000000,1.00e-06
640,1.000,1.000,39.924919,49.897455,0.008692,0.000000,0.000000,40.014439,50.009362,0.008685,0.000000,0.000000,1.00e-06
641,1.000,1.000,39.864376,49.821775,0.008694,0.000000,0.000000,40.014645,50.009621,0.008685,0.000000,0.000000,1.00e-06
642,1.000,1.000,39.872911,49.832444,0.008694,0.000000,0.000000,40.014379,50.009286,0.008685,0.000000,0.000000,1.00e-06
643,1.000,1.000,39.909242,49.877859,0.008692,0.000000,0.000000,40.013839,50.008612,0.008686,0.000000,0.000000,1.00e-06
644,1.000,1.000,39.886147,49.848988,0.008694,0.000000,0.000000,40.013108,50.007699,0.008686,0.000000,0.000000,1.00e-06
645,1.000,1.000,39.943669,49.920891,0.008695,0.000000,0.000000,40.012301,50.006692,0.008687,0.000000,0.000000,1.00e-06
646,1.000,1.000,39.897427,49.863087,0.008696,0.000000,0.000000,40.011915,50.006205,0.008687,0.000000,0.000000,1.00e-06
647,1.000,1.000,39.879263,49.840382,0.008696,0.000000,0.000000,40.012088,50.006421,0.008687,0.000000,0.000000,1.00e-06
648,1.000,1.000,39.879868,49.841139,0.008695,0.000000,0.000000,40.011422,50.005589,0.008687,0.000000,0.000000,1.00e-06
649,1.000,1.000,39.885307,49.847938,0.008695,0.000000,0.000000,40.011007,50.005071,0.008688,0.000000,0.000000,1.00e-06
650,1.000,1.000,39.912870,49.882392,0.008695,0.000000,0.000000,40.010371,50.004276,0.008688,0.000000,0.000000,1.00e-06
651,1.000,1.000,39.881535,49.843223,0.008695,0.000000,0.000000,40.010314,50.004204,0.008688,0.000000,0.000000,1.00e-06
652,1.000,1.000,39.888363,49.851757,0.008695,0.000000,0.000000,40.010369,50.004271,0.008689,0.000000,0.000000,1.00e-06
653,1.000,1.000,39.917854,49.888619,0.008697,0.000000,0.000000,40.010199,50.004060,0.008689,0.000000,0.000000,1.00e-06
654,1.000,1.000,39.895946,49.861237,0.008696,0.000000,0.000000,40.010896,50.004930,0.008689,0.000000,0.000000,1.00e-06
655,1.000,1.000,39.906509,49.874439,0.008697,0.000000,0.000000,40.011059,50.005132,0.008689,0.000000,0.000000,1.00e-06
656,1.000,1.000,39.907618,49.875825,0.008697,0.000000,0.000000,40.011332,50.005473,0.008690,0.000000,0.000000,1.00e-06
657,1.000,1.000,39.886924,49.849957,0.008697,0.000000,0.000000,40.011240,50.005360,0.008690,0.000000,0.000000,1.00e-06
658,1.000,1.000,39.914750,49.884740,0.008697,0.000000,0.000000,40.011003,50.005064,0.008690,0.000000,0.000000,1.00e-06
659,1.000,1.000,39.903869,49.871139,0.008696,0.000000,0.000000,40.011054,50.005126,0.008691,0.000000,0.000000,1.00e-06
660,1.000,1.000,39.885780,49.848527,0.008698,0.000000,0.000000,40.011475,50.005651,0.008691,0.000000,0.000000,1.00e-06
661,1.000,1.000,39.904666,49.872133,0.008698,0.000000,0.000000,40.011049,50.005119,0.008691,0.000000,0.000000,1.00e-06
662,1.000,1.000,39.852474,49.806893,0.008698,0.000000,0.000000,40.011104,50.005189,0.008691,0.000000,0.000000,1.00e-06
663,1.000,1.000,39.919895,49.891170,0.008698,0.000000,0.000000,40.011564,50.005762,0.008692,0.000000,0.000000,1.00e-06
664,1.000,1.000,39.895888,49.861162,0.008697,0.000000,0.000000,40.012367,50.006764,0.008692,0.000000,0.000000,1.00e-06
665,1.000,1.000,39.858909,49.814936,0.008699,0.000000,0.000000,40.012491,50.006921,0.008692,0.000000,0.000000,1.00e-06
666,1.000,1.000,39.876887,49.837409,0.008699,0.000000,0.000000,40.012929,50.007468,0.008693,0.000000,0.000000,1.00e-06
667,1.000,1.000,39.871422,49.830579,0.008697,0.000000,0.000000,40.013154,50.007748,0.008693,0.000000,0.000000,1.00e-06
668,1.000,1.000,39.874375,49.834267,0.008701,0.000000,0.000000,40.013158,50.007755,0.008693,0.000000,0.000000,1.00e-06
669,1.000,1.000,39.912328,49.881712,0.008698,0.000000,0.000000,40.012949,50.007490,0.008693,0.000000,0.000000,1.00e-06
670,1.000,1.000,39.919241,49.890352,0.008699,0.000000,0.000000,40.013235,50.007849,0.008693,0.000000,0.000000,1.00e-06
671,1.000,1.000,39.911676,49.880895,0.008699,0.000000,0.000000,40.013724,50.008461,0.008694,0.000000,0.000000,1.00e-06
672,1.000,1.000,39.885014,49.847565,0.008701,0.000000,0.000000,40.014222,50.009083,0.008694,0.000000,0.000000,1.00e-06
673,1.000,1.000,39.894708,49.859686,0.008698,0.000000,0.000000,40.014765,50.009761,0.008694,0.000000,0.000000,1.00e-06
674,1.000,1.000,39.876476,49.836894,0.008700,0.000000,0.000000,40.015191,50.010295,0.008694,0.000000,0.000000,1.00e-06
675,1.000,1.000,39.895186,49.860283,0.008700,0.000000,0.000000,40.015012,50.010071,0.008694,0.000000,0.000000,1.00e-06
676,1.000,1.000,39.895159,49.860245,0.008703,0.000000,0.000000,40.015641,50.010857,0.008695,0.000000,0.000000,1.00e-06
677,1.000,1.000,39.895758,49.860994,0.008702,0.000000,0.000000,40.015423,50.010583,0.008695,0.000000,0.000000,1.00e-06
678,1.000,1.000,39.910346,49.879229,0.008703,0.000000,0.000000,40.015472,50.010644,0.008695,0.000000,0.000000,1.00e-06
679,1.000,1.000,39.888228,49.851582,0.008702,0.000000,0.000000,40.015428,50.010589,0.008696,0.000000,0.000000,1.00e-06
680,1.000,1.000,39.900210,49.866559,0.008702,0.000000,0.000000,40.015194,50.010295,0.008696,0.000000,0.000000,1.00e-06
681,1.000,1.000,39.860462,49.816876,0.008701,0.000000,0.000000,40.016158,50.011501,0.008697,0.000000,0.000000,1.00e-06
682,1.000,1.000,39.880971,49.842511,0.008702,0.000000,0.000000,40.016857,50.012374,0.008697,0.000000,0.000000,1.00e-06
683,1.000,1.000,39.895077,49.860143,0.008703,0.000000,0.000000,40.017072,50.012642,0.008697,0.000000,0.000000,1.00e-06
684,1.000,1.000,39.881834,49.843589,0.008702,0.000000,0.000000,40.016775,50.012273,0.008697,0.000000,0.000000,1.00e-06
685,1.000,1.000,39.902200,49.869047,0.008702,0.000000,0.000000,40.016213,50.011567,0.008697,0.000000,0.000000,1.00e-06
686,1.000,1.000,39.885188,49.847780,0.008704,0.000000,0.000000,40.017026,50.012584,0.008698,0.000000,0.000000,1.00e-06
687,1.000,1.000,39.889362,49.852997,0.008704,0.000000,0.000000,40.017128,50.012711,0.008698,0.000000,0.000000,1.00e-06
688,1.000,1.000,39.878694,49.839661,0.008705,0.000000,0.000000,40.016717,50.012197,0.008698,0.000000,0.000000,1.00e-06
689,1.000,1.000,39.889734,49.853464,0.008703,0.000000,0.000000,40.016819,50.012324,0.008699,0.000000,0.000000,1.00e-06
690,1.000,1.000,39.909500,49.878170,0.008703,0.000000,0.000000,40.017064,50.012631,0.008699,0.000000,0.000000,1.00e-06
691,1.000,1.000,39.906096,49.873917,0.008703,0.000000,0.000000,40.016974,50.012518,0.008699,0.000000,0.000000,1.00e-06
692,1.000,1.000,39.899975,49.866263,0.008705,0.000000,0.000000,40.017529,50.013212,0.008699,0.000000,0.000000,1.00e-06
693,1.000,1.000,39.862466,49.819377,0.008704,0.000000,0.000000,40.017698,50.013424,0.008699,0.000000,0.000000,1.00e-06
694,1.000,1.000,39.859456,49.815614,0.008704,0.000000,0.000000,40.017852,50.013616,0.008700,0.000000,0.000000,1.00e-06
695,1.000,1.000,39.885606,49.848302,0.008704,0.000000,0.000000,40.017829,50.013588,0.008700,0.000000,0.000000,1.00e-06
696,1.000,1.000,39.866712,49.824685,0.008704,0.000000,0.000000,40.017126,50.012708,0.008700,0.000000,0.000000,1.00e-06
697,1.000,1.000,39.889500,49.853169,0.008705,0.000000,0.000000,40.016429,50.011835,0.008700,0.000000,0.000000,1.00e-06
698,1.000,1.000,39.897649,49.863353,0.008707,0.000000,0.000000,40.016384,50.011779,0.008700,0.000000,0.000000,1.00e-06
699,1.000,1.000,39.926979,49.900016,0.008706,0.000000,0.000000,40.016700,50.012173,0.008701,0.000000,0.000000,1.00e-06
700,1.000,1.000,39.910323,49.879195,0.008708,0.000000,0.000000,40.016559,50.011996,0.008701,0.000000,0.000000,1.00e-06
701,1.000,1.000,39.879196,49.840286,0.008707,0.000000,0.000000,40.016763,50.012250,0.008701,0.000000,0.000000,1.00e-06
702,1.000,1.000,39.889233,49.852834,0.008706,0.000000,0.000000,40.016921,50.012448,0.008702,0.000000,0.000000,1.00e-06
703,1.000,1.000,39.901532,49.868206,0.008708,0.000000,0.000000,40.017469,50.013133,0.008702,0.000000,0.000000,1.00e-06
704,1.000,1.000,39.879166,49.840251,0.008706,0.000000,0.000000,40.017443,50.013100,0.008702,0.000000,0.000000,1.00e-06
705,1.000,1.000,39.873468,49.833127,0.008707,0.000000,0.000000,40.018100,50.013921,0.008703,0.000000,0.000000,1.00e-06
706,1.000,1.000,39.837831,49.788580,0.008708,0.000000,0.000000,40.018405,50.014301,0.008703,0.000000,0.000000,1.00e-06
707,1.000,1.000,39.874149,49.833979,0.008706,0.000000,0.000000,40.018238,50.014093,0.008703,0.000000,0.000000,1.00e-06
708,1.000,1.000,39.881905,49.843673,0.008708,0.000000,0.000000,40.017950,50.013733,0.008703,0.000000,0.000000,1.00e-06
709,1.000,1.000,39.909805,49.878546,0.008709,0.000000,0.000000,40.017735,50.013466,0.008703,0.000000,0.000000,1.00e-06
710,1.000,1.000,39.892895,49.857410,0.008708,0.000000,0.000000,40.017817,50.013569,0.008704,0.000000,0.000000,1.00e-06
711,1.000,1.000,39.873598,49.833287,0.008710,0.000000,0.000000,40.017859,50.013619,0.008704,0.000000,0.000000,1.00e-06
712,1.000,1.000,39.905089,49.872651,0.008709,0.000000,0.000000,40.017777,50.013517,0.008704,0.000000,0.000000,1.00e-06
713,1.000,1.000,39.912554,49.881982,0.008710,0.000000,0.000000,40.017460,50.013118,0.008704,0.000000,0.000000,1.00e-06
714,1.000,1.000,39.869248,49.827847,0.008712,0.000000,0.000000,40.017938,50.013716,0.008705,0.000000,0.000000,1.00e-06
715,1.000,1.000,39.913925,49.883695,0.008710,0.000000,0.000000,40.017412,50.013060,0.008705,0.000000,0.000000,1.00e-06
716,1.000,1.000,39.875504,49.835669,0.008710,0.000000,0.000000,40.017178,50.012765,0.008705,0.000000,0.000000,1.00e-06
717,1.000,1.000,39.912990,49.882527,0.008710,0.000000,0.000000,40.016564,50.011998,0.008706,0.000000,0.000000,1.00e-06
718,1.000,1.000,39.844962,49.797492,0.008710,0.000000,0.000000,40.017373,50.013008,0.008706,0.000000,0.000000,1.00e-06
719,1.000,1.000,39.897532,49.863203,0.008711,0.000000,0.000000,40.018365,50.014249,0.008706,0.000000,0.000000,1.00e-06
720,1.000,1.000,39.895110,49.860175,0.008711,0.000000,0.000000,40.018757,50.014737,0.008706,0.000000,0.000000,1.00e-06
721,1.000,1.000,39.872921,49.832441,0.008709,0.000000,0.000000,40.017781,50.013518,0.008707,0.000000,0.000000,1.00e-06
722,1.000,1.000,39.900199,49.866536,0.008712,0.000000,0.000000,40.017622,50.013318,0.008707,0.000000,0.000000,1.00e-06
723,1.000,1.000,39.900549,49.866974,0.008711,0.000000,0.000000,40.018307,50.014175,0.008708,0.000000,0.000000,1.00e-06
724,1.000,1.000,39.904318,49.871685,0.008712,0.000000,0.000000,40.017755,50.013483,0.008708,0.000000,0.000000,1.00e-06
725,1.000,1.000,39.897634,49.863330,0.008712,0.000000,0.000000,40.017558,50.013238,0.008708,0.000000,0.000000,1.00e-06
726,1.000,1.000,39.873538,49.833208,0.008714,0.000000,0.000000,40.017605,50.013297,0.008709,0.000000,0.000000,1.00e-06
727,1.000,1.000,39.894235,49.859079,0.008713,0.000000,0.000000,40.017740,50.013466,0.008709,0.000000,0.000000,1.00e-06
728,1.000,1.000,39.890356,49.854232,0.008712,0.000000,0.000000,40.018314,50.014184,0.008709,0.000000,0.000000,1.00e-06
729,1.000,1.000,39.893567,49.858247,0.008711,0.000000,0.000000,40.018510,50.014427,0.008709,0.000000,0.000000,1.00e-06
730,1.000,1.000,39.884312,49.846676,0.008713,0.000000,0.000000,40.018198,50.014036,0.008709,0.000000,0.000000,1.00e-06
731,1.000,1.000,39.881957,49.843733,0.008713,0.000000,0.000000,40.017731,50.013452,0.008710,0.000000,0.000000,1.00e-06
732,1.000,1.000,39.886541,49.849461,0.008714,0.000000,0.000000,40.017485,50.013144,0.008710,0.000000,0.000000,1.00e-06
733,1.000,1.000,39.923441,49.895586,0.008714,0.000000,0.000000,40.017390,50.013025,0.008711,0.000000,0.000000,1.00e-06
734,1.000,1.000,39.878295,49.839153,0.008715,0.000000,0.000000,40.017776,50.013510,0.008711,0.000000,0.000000,1.00e-06
735,1.000,1.000,39.866051,49.823848,0.008714,0.000000,0.000000,40.018682,50.014639,0.008712,0.000000,0.000000,1.00e-06
736,1.000,1.000,39.883887,49.846143,0.008715,0.000000,0.000000,40.019307,50.015421,0.008712,0.000000,0.000000,1.00e-06
737,1.000,1.000,39.877895,49.838652,0.008716,0.000000,0.000000,40.019742,50.015965,0.008712,0.000000,0.000000,1.00e-06
738,1.000,1.000,39.901822,49.868560,0.008716,0.000000,0.000000,40.020307,50.016670,0.008712,0.000000,0.000000,1.00e-06
739,1.000,1.000,39.878347,49.839216,0.008716,0.000000,0.000000,40.019899,50.016160,0.008713,0.000000,0.000000,1.00e-06
740,1.000,1.000,39.884148,49.846466,0.008718,0.000000,0.000000,40.019114,50.015178,0.008713,0.000000,0.000000,1.00e-06
741,1.000,1.000,39.901794,49.868525,0.008716,0.000000,0.000000,40.019340,50.015461,0.008713,0.000000,0.000000,1.00e-06
742,1.000,1.000,39.905098,49.872655,0.008717,0.000000,0.000000,40.019964,50.016241,0.008713,0.000000,0.000000,1.00e-06
743,1.000,1.000,39.844747,49.797218,0.008715,0.000000,0.000000,40.020385,50.016768,0.008714,0.000000,0.000000,1.00e-06
744,1.000,1.000,39.886989,49.850019,0.008716,0.000000,0.000000,40.020679,50.017136,0.008714,0.000000,0.000000,1.00e-06
745,1.000,1.000,39.871540,49.830707,0.008717,0.000000,0.000000,40.020822,50.017313,0.008714,0.000000,0.000000,1.00e-06
746,1.000,1.000,39.876796,49.837277,0.008717,0.000000,0.000000,40.021662,50.018361,0.008714,0.000000,0.000000,1.00e-06
747,1.000,1.000,39.878421,49.839308,0.008717,0.000000,0.000000,40.022850,50.019846,0.008714,0.000000,0.000000,1.00e-06
748,1.000,1.000,39.926853,49.899847,0.008719,0.000000,0.000000,40.023757,50.020981,0.008714,0.000000,0.000000,1.00e-06
749,1.000,1.000,39.871784,49.831011,0.008718,0.000000,0.000000,40.023746,50.020967,0.008715,0.000000,0.000000,1.00e-06
750,1.000,1.000,39.873449,49.833092,0.008719,0.000000,0.000000,40.023514,50.020676,0.008715,0.000000,0.000000,1.00e-06
751,1.000,1.000,39.891244,49.855335,0.008719,0.000000,0.000000,40.023001,50.020034,0.008715,0.000000,0.000000,1.00e-06
752,1.000,1.000,39.828850,49.777342,0.008719,0.000000,0.000000,40.022693,50.019649,0.008715,0.000000,0.000000,1.00e-06
753,1.000,1.000,39.888364,49.851735,0.008718,0.000000,0.000000,40.022573,50.019501,0.008715,0.000000,0.000000,1.00e-06
754,1.000,1.000,39.902138,49.868953,0.008719,0.000000,0.000000,40.021703,50.018413,0.008716,0.000000,0.000000,1.00e-06
755,1.000,1.000,39.913009,49.882540,0.008719,0.000000,0.000000,40.021482,50.018136,0.008716,0.000000,0.000000,1.00e-06
756,1.000,1.000,39.877231,49.837818,0.008720,0.000000,0.000000,40.022405,50.019289,0.008716,0.000000,0.000000,1.00e-06
757,1.000,1.000,39.838559,49.789477,0.008721,0.000000,0.000000,40.023029,50.020071,0.008716,0.000000,0.000000,1.00e-06
758,1.000,1.000,39.903523,49.870685,0.008718,0.000000,0.000000,40.024153,50.021474,0.008716,0.000000,0.000000,1.00e-06
759,1.000,1.000,39.879731,49.840942,0.008721,0.000000,0.000000,40.024488,50.021894,0.008716,0.000000,0.000000,1.00e-06
760,1.000,1.000,39.905811,49.873542,0.008721,0.000000,0.000000,40.025942,50.023710,0.008716,0.000000,0.000000,1.00e-06
761,1.000,1.000,39.891825,49.856059,0.008721,0.000000,0.000000,40.025983,50.023762,0.008717,0.000000,0.000000,1.00e-06
762,1.000,1.000,39.904059,49.871351,0.008721,0.000000,0.000000,40.025858,50.023602,0.008717,0.000000,0.000000,1.00e-06
763,1.000,1.000,39.851814,49.806045,0.008721,0.000000,0.000000,40.026276,50.024125,0.008718,0.000000,0.000000,1.00e-06
764,1.000,1.000,39.904975,49.872496,0.008721,0.000000,0.000000,40.026591,50.024519,0.008718,0.000000,0.000000,1.00e-06
765,1.000,1.000,39.885544,49.848208,0.008722,0.000000,0.000000,40.026086,50.023888,0.008718,0.000000,0.000000,1.00e-06
766,1.000,1.000,39.920938,49.892451,0.008721,0.000000,0.000000,40.025672,50.023370,0.008718,0.000000,0.000000,1.00e-06
767,1.000,1.000,39.856402,49.811780,0.008723,0.000000,0.000000,40.025433,50.023070,0.008718,0.000000,0.000000,1.00e-06
768,1.000,1.000,39.881932,49.843692,0.008722,0.000000,0.000000,40.025705,50.023411,0.008719,0.000000,0.000000,1.00e-06
769,1.000,1.000,39.873513,49.833167,0.008723,0.000000,0.000000,40.025675,50.023373,0.008719,0.000000,0.000000,1.00e-06
770,1.000,1.000,39.836551,49.786966,0.008722,0.000000,0.000000,40.025781,50.023506,0.008719,0.000000,0.000000,1.00e-06
771,1.000,1.000,39.882602,49.844530,0.008722,0.000000,0.000000,40.026484,50.024384,0.008719,0.000000,0.000000,1.00e-06
772,1.000,1.000,39.878987,49.840010,0.008722,0.000000,0.000000,40.026289,50.024140,0.008720,0.000000,0.000000,1.00e-06
773,1.000,1.000,39.902494,49.869392,0.008725,0.000000,0.000000,40.026114,50.023921,0.008720,0.000000,0.000000,1.00e-06
774,1.000,1.000,39.902740,49.869701,0.008724,0.000000,0.000000,40.026081,50.023879,0.008721,0.000000,0.000000,1.00e-06
775,1.000,1.000,39.912073,49.881369,0.008721,0.000000,0.000000,40.025699,50.023401,0.008721,0.000000,0.000000,1.00e-06
776,1.000,1.000,39.913759,49.883476,0.008722,0.000000,0.000000,40.025843,50.023581,0.008722,0.000000,0.000000,1.00e-06
777,1.000,1.000,39.851381,49.805502,0.008724,0.000000,0.000000,40.026015,50.023796,0.008722,0.000000,0.000000,1.00e-06
778,1.000,1.000,39.888330,49.851686,0.008725,0.000000,0.000000,40.026461,50.024354,0.008722,0.000000,0.000000,1.00e-06
779,1.000,1.000,39.869986,49.828757,0.008725,0.000000,0.000000,40.027819,50.026050,0.008722,0.000000,0.000000,1.00e-06
780,1.000,1.000,39.892365,49.856731,0.008725,0.000000,0.000000,40.028408,50.026787,0.008722,0.000000,0.000000,1.00e-06
781,1.000,1.000,39.893301,49.857902,0.008723,0.000000,0.000000,40.028318,50.026674,0.008723,0.000000,0.000000,1.00e-06
782,1.000,1.000,39.865557,49.823221,0.008725,0.000000,0.000000,40.027995,50.026271,0.008723,0.000000,0.000000,1.00e-06
783,1.000,1.000,39.873206,49.832781,0.008725,0.000000,0.000000,40.028201,50.026527,0.008723,0.000000,0.000000,1.00e-06
784,1.000,1.000,39.887350,49.850461,0.008725,0.000000,0.000000,40.026329,50.024188,0.008724,0.000000,0.000000,1.00e-06
785,1.000,1.000,39.856271,49.811612,0.008726,0.000000,0.000000,40.025646,50.023333,0.008724,0.000000,0.000000,1.00e-06
786,1.000,1.000,39.857560,49.813221,0.008727,0.000000,0.000000,40.025326,50.022931,0.008724,0.000000,0.000000,1.00e-06
787,1.000,1.000,39.902913,49.869914,0.008727,0.000000,0.000000,40.026320,50.024174,0.008724,0.000000,0.000000,1.00e-06
788,1.000,1.000,39.891891,49.856136,0.008727,0.000000,0.000000,40.026530,50.024437,0.008725,0.000000,0.000000,1.00e-06
789,1.000,1.000,39.835920,49.786173,0.008727,0.000000,0.000000,40.027730,50.025936,0.008725,0.000000,0.000000,1.00e-06
790,1.000,1.000,39.915918,49.886168,0.008729,0.000000,0.000000,40.028509,50.026910,0.008725,0.000000,0.000000,1.00e-06
791,1.000,1.000,39.934345,49.909204,0.008726,0.000000,0.000000,40.028901,50.027401,0.008726,0.000000,0.000000,1.00e-06
792,1.000,1.000,39.889721,49.853420,0.008730,0.000000,0.000000,40.028958,50.027473,0.008726,0.000000,0.000000,1.00e-06
793,1.000,1.000,39.898752,49.864713,0.008727,0.000000,0.000000,40.028833,50.027315,0.008726,0.000000,0.000000,1.00e-06
794,1.000,1.000,39.854753,49.809713,0.008727,0.000000,0.000000,40.029525,50.028179,0.008727,0.000000,0.000000,1.00e-06
795,1.000,1.000,39.900637,49.867065,0.008729,0.000000,0.000000,40.030320,50.029173,0.008727,0.000000,0.000000,1.00e-06
796,1.000,1.000,39.898533,49.864435,0.008730,0.000000,0.000000,40.030157,50.028968,0.008727,0.000000,0.000000,1.00e-06
797,1.000,1.000,39.872744,49.832200,0.008728,0.000000,0.000000,40.029253,50.027836,0.008728,0.000000,0.000000,1.00e-06
798,1.000,1.000,39.869161,49.827720,0.008730,0.000000,0.000000,40.029312,50.027911,0.008728,0.000000,0.000000,1.00e-06
799,1.000,1.000,39.859612,49.815784,0.008729,0.000000,0.000000,40.028877,50.027368,0.008728,0.000000,0.000000,1.00e-06
800,1.000,1.000,39.833843,49.783574,0.008729,0.000000,0.000000,40.028505,50.026902,0.008729,0.000000,0.000000,1.00e-06
801,1.000,1.000,39.896978,49.862493,0.008730,0.000000,0.000000,40.028700,50.027146,0.008729,0.000000,0.000000,1.00e-06
802,1.000,1.000,39.865179,49.822743,0.008730,0.000000,0.000000,40.028960,50.027470,0.008729,0.000000,0.000000,1.00e-06
803,1.000,1.000,39.892250,49.856582,0.008730,0.000000,0.000000,40.028643,50.027072,0.008729,0.000000,0.000000,1.00e-06
804,1.000,1.000,39.890760,49.854719,0.008730,0.000000,0.000000,40.028753,50.027211,0.008729,0.000000,0.000000,1.00e-06
805,1.000,1.000,39.864262,49.821598,0.008729,0.000000,0.000000,40.029384,50.027999,0.008730,0.000000,0.000000,1.00e-06
806,1.000,1.000,39.909973,49.878734,0.008731,0.000000,0.000000,40.030028,50.028804,0.008730,0.000000,0.000000,1.00e-06
807,1.000,1.000,39.861982,49.818746,0.008731,0.000000,0.000000,40.029566,50.028226,0.008730,0.000000,0.000000,1.00e-06
808,1.000,1.000,39.868588,49.827003,0.008731,0.000000,0.000000,40.028656,50.027089,0.008730,0.000000,0.000000,1.00e-06
809,1.000,1.000,39.908389,49.876753,0.008733,0.000000,0.000000,40.028140,50.026443,0.008730,0.000000,0.000000,1.00e-06
810,1.000,1.000,39.893867,49.858600,0.008732,0.000000,0.000000,40.027625,50.025801,0.008731,0.000000,0.000000,1.00e-06
811,1.000,1.000,39.933155,49.907709,0.008733,0.000000,0.000000,40.026631,50.024559,0.008731,0.000000,0.000000,1.00e-06
812,1.000,1.000,39.881902,49.843643,0.008733,0.000000,0.000000,40.026085,50.023874,0.008731,0.000000,0.000000,1.00e-06
813,1.000,1.000,39.858993,49.815008,0.008733,0.000000,0.000000,40.026489,50.024380,0.008731,0.000000,0.000000,1.00e-06
814,1.000,1.000,39.856021,49.811294,0.008732,0.000000,0.000000,40.026578,50.024489,0.008731,0.000000,0.000000,1.00e-06
815,1.000,1.000,39.921165,49.892722,0.008734,0.000000,0.000000,40.027527,50.025676,0.008731,0.000000,0.000000,1.00e-06
816,1.000,1.000,39.873406,49.833022,0.008734,0.000000,0.000000,40.027553,50.025708,0.008731,0.000000,0.000000,1.00e-06
817,1.000,1.000,39.892890,49.857381,0.008731,0.000000,0.000000,40.027724,50.025923,0.008732,0.000000,0.000000,1.00e-06
818,1.000,1.000,39.901305,49.867897,0.008734,0.000000,0.000000,40.028420,50.026792,0.008732,0.000000,0.000000,1.00e-06
819,1.000,1.000,39.891950,49.856202,0.008734,0.000000,0.000000,40.029074,50.027609,0.008732,0.000000,0.000000,1.00e-06
820,1.000,1.000,39.856701,49.812142,0.008734,0.000000,0.000000,40.030188,50.029000,0.008732,0.000000,0.000000,1.00e-06
821,1.000,1.000,39.889723,49.853418,0.008734,0.000000,0.000000,40.031014,50.030034,0.008733,0.000000,0.000000,1.00e-06
822,1.000,1.000,39.846832,49.799804,0.008735,0.000000,0.000000,40.030984,50.029997,0.008733,0.000000,0.000000,1.00e-06
823,1.000,1.000,39.864033,49.821305,0.008736,0.000000,0.000000,40.030129,50.028929,0.008733,0.000000,0.000000,1.00e-06
824,1.000,1.000,39.882893,49.844878,0.008737,0.000000,0.000000,40.029522,50.028169,0.008734,0.000000,0.000000,1.00e-06
825,1.000,1.000,39.856219,49.811537,0.008735,0.000000,0.000000,40.029544,50.028194,0.008734,0.000000,0.000000,1.00e-06
826,1.000,1.000,39.870031,49.828802,0.008736,0.000000,0.000000,40.029277,50.027862,0.008734,0.000000,0.000000,1.00e-06
827,1.000,1.000,39.824989,49.772499,0.008736,0.000000,0.000000,40.029650,50.028328,0.008735,0.000000,0.000000,1.00e-06
828,1.000,1.000,39.903671,49.870850,0.008738,0.000000,0.000000,40.030267,50.029098,0.008735,0.000000,0.000000,1.00e-06
829,1.000,1.000,39.884641,49.847062,0.008738,0.000000,0.000000,40.031363,50.030467,0.008735,0.000000,0.000000,1.00e-06
830,1.000,1.000,39.903637,49.870808,0.008737,0.000000,0.000000,40.032499,50.031889,0.008735,0.000000,0.000000,1.00e-06
831,1.000,1.000,39.895077,49.860110,0.008735,0.000000,0.000000,40.032534,50.031931,0.008735,0.000000,0.000000,1.00e-06
832,1.000,1.000,39.851091,49.805126,0.008737,0.000000,0.000000,40.033273,50.032854,0.008736,0.000000,0.000000,1.00e-06
833,1.000,1.000,39.880614,49.842029,0.008739,0.000000,0.000000,40.033582,50.033240,0.008736,0.000000,0.000000,1.00e-06
834,1.000,1.000,39.868597,49.827009,0.008737,0.000000,0.000000,40.034059,50.033836,0.008736,0.000000,0.000000,1.00e-06
835,1.000,1.000,39.855238,49.810309,0.008737,0.000000,0.000000,40.034249,50.034075,0.008736,0.000000,0.000000,1.00e-06
836,1.000,1.000,39.863338,49.820433,0.008739,0.000000,0.000000,40.032968,50.032472,0.008736,0.000000,0.000000,1.00e-06
837,1.000,1.000,39.874092,49.833875,0.008740,0.000000,0.000000,40.033639,50.033310,0.008737,0.000000,0.000000,1.00e-06
838,1.000,1.000,39.860394,49.816752,0.008739,0.000000,0.000000,40.034331,50.034176,0.008737,0.000000,0.000000,1.00e-06
839,1.000,1.000,39.868027,49.826294,0.008739,0.000000,0.000000,40.034292,50.034126,0.008737,0.000000,0.000000,1.00e-06
840,1.000,1.000,39.869526,49.828167,0.008739,0.000000,0.000000,40.033866,50.033594,0.008737,0.000000,0.000000,1.00e-06
841,1.000,1.000,39.873387,49.832994,0.008739,0.000000,0.000000,40.032008,50.031272,0.008738,0.000000,0.000000,1.00e-06
842,1.000,1.000,39.888882,49.852363,0.008739,0.000000,0.000000,40.030982,50.029989,0.008738,0.000000,0.000000,1.00e-06
843,1.000,1.000,39.893482,49.858113,0.008739,0.000000,0.000000,40.031316,50.030407,0.008738,0.000000,0.000000,1.00e-06
844,1.000,1.000,39.859794,49.816001,0.008740,0.000000,0.000000,40.031496,50.030631,0.008739,0.000000,0.000000,1.00e-06
845,1.000,1.000,39.871063,49.830088,0.008739,0.000000,0.000000,40.031744,50.030941,0.008739,0.000000,0.000000,1.00e-06
846,1.000,1.000,39.852162,49.806462,0.008740,0.000000,0.000000,40.031487,50.030620,0.008739,0.000000,0.000000,1.00e-06
847,1.000,1.000,39.876558,49.836957,0.008739,0.000000,0.000000,40.031534,50.030678,0.008740,0.000000,0.000000,1.00e-06
848,1.000,1.000,39.851567,49.805717,0.008741,0.000000,0.000000,40.031689,50.030869,0.008740,0.000000,0.000000,1.00e-06
849,1.000,1.000,39.900415,49.866777,0.008741,0.000000,0.000000,40.031989,50.031245,0.008740,0.000000,0.000000,1.00e-06
850,1.000,1.000,39.845933,49.798673,0.008741,0.000000,0.000000,40.032018,50.031281,0.008740,0.000000,0.000000,1.00e-06
851,1.000,1.000,39.841650,49.793321,0.008741,0.000000,0.000000,40.033204,50.032763,0.008740,0.000000,0.000000,1.00e-06
852,1.000,1.000,39.851877,49.806104,0.008741,0.000000,0.000000,40.033366,50.032967,0.008741,0.000000,0.000000,1.00e-06
853,1.000,1.000,39.838905,49.789889,0.008741,0.000000,0.000000,40.032749,50.032194,0.008741,0.000000,0.000000,1.00e-06
854,1.000,1.000,39.893103,49.857636,0.008742,0.000000,0.000000,40.032061,50.031334,0.008741,0.000000,0.000000,1.00e-06
855,1.000,1.000,39.883010,49.845020,0.008741,0.000000,0.000000,40.032197,50.031505,0.008741,0.000000,0.000000,1.00e-06
856,1.000,1.000,39.855182,49.810233,0.008743,0.000000,0.000000,40.032964,50.032462,0.008741,0.000000,0.000000,1.00e-06
857,1.000,1.000,39.861285,49.817864,0.008742,0.000000,0.000000,40.033809,50.033519,0.008741,0.000000,0.000000,1.00e-06
858,1.000,1.000,39.875895,49.836123,0.008745,0.000000,0.000000,40.034184,50.033988,0.008741,0.000000,0.000000,1.00e-06
859,1.000,1.000,39.904907,49.872392,0.008741,0.000000,0.000000,40.034650,50.034571,0.008741,0.000000,0.000000,1.00e-06
860,1.000,1.000,39.887763,49.850959,0.008744,0.000000,0.000000,40.035552,50.035698,0.008742,0.000000,0.000000,1.00e-06
861,1.000,1.000,39.865707,49.823390,0.008743,0.000000,0.000000,40.035811,50.036022,0.008742,0.000000,0.000000,1.00e-06
862,1.000,1.000,39.865708,49.823391,0.008743,0.000000,0.000000,40.037697,50.038378,0.008742,0.000000,0.000000,1.00e-06
863,1.000,1.000,39.884405,49.846762,0.008743,0.000000,0.000000,40.037772,50.038472,0.008742,0.000000,0.000000,1.00e-06
864,1.000,1.000,39.867636,49.825801,0.008743,0.000000,0.000000,40.037392,50.037996,0.008743,0.000000,0.000000,1.00e-06
865,1.000,1.000,39.897969,49.863716,0.008744,0.000000,0.000000,40.037272,50.037847,0.008743,0.000000,0.000000,1.00e-06
866,1.000,1.000,39.851141,49.805180,0.008744,0.000000,0.000000,40.036738,50.037179,0.008743,0.000000,0.000000,1.00e-06
867,1.000,1.000,39.849527,49.803163,0.008745,0.000000,0.000000,40.037010,50.037519,0.008743,0.000000,0.000000,1.00e-06
868,1.000,1.000,39.913471,49.883094,0.008744,0.000000,0.000000,40.036499,50.036879,0.008744,0.000000,0.000000,1.00e-06
869,1.000,1.000,39.856472,49.811844,0.008744,0.000000,0.000000,40.034482,50.034357,0.008744,0.000000,0.000000,1.00e-06
870,1.000,1.000,39.884851,49.847319,0.008744,0.000000,0.000000,40.033970,50.033716,0.008745,0.000000,0.000000,1.00e-06
871,1.000,1.000,39.863186,49.820238,0.008743,0.000000,0.000000,40.034187,50.033988,0.008745,0.000000,0.000000,1.00e-06
872,1.000,1.000,39.876564,49.836958,0.008746,0.000000,0.000000,40.034122,50.033904,0.008745,0.000000,0.000000,1.00e-06
873,1.000,1.000,39.919193,49.890244,0.008746,0.000000,0.000000,40.034112,50.033893,0.008746,0.000000,0.000000,1.00e-06
874,1.000,1.000,39.874702,49.834629,0.008747,0.000000,0.000000,40.034350,50.034192,0.008746,0.000000,0.000000,1.00e-06
875,1.000,1.000,39.871271,49.830340,0.008748,0.000000,0.000000,40.036672,50.037093,0.008746,0.000000,0.000000,1.00e-06
876,1.000,1.000,39.888121,49.851403,0.008748,0.000000,0.000000,40.037012,50.037518,0.008746,0.000000,0.000000,1.00e-06
877,1.000,1.000,39.873047,49.832560,0.008747,0.000000,0.000000,40.036904,50.037383,0.008746,0.000000,0.000000,1.00e-06
878,1.000,1.000,39.875973,49.836219,0.008747,0.000000,0.000000,40.036911,50.037393,0.008747,0.000000,0.000000,1.00e-06
879,1.000,1.000,39.905749,49.873438,0.008748,0.000000,0.000000,40.037793,50.038493,0.008747,0.000000,0.000000,1.00e-06
880,1.000,1.000,39.902822,49.869779,0.008748,0.000000,0.000000,40.037381,50.037978,0.008747,0.000000,0.000000,1.00e-06
881,1.000,1.000,39.868731,49.827166,0.008746,0.000000,0.000000,40.037323,50.037905,0.008747,0.000000,0.000000,1.00e-06
882,1.000,1.000,39.876995,49.837494,0.008748,0.000000,0.000000,40.038517,50.039397,0.008748,0.000000,0.000000,1.00e-06
883,1.000,1.000,39.878113,49.838891,0.008749,0.000000,0.000000,40.037889,50.038613,0.008748,0.000000,0.000000,1.00e-06
884,1.000,1.000,39.840764,49.792204,0.008749,0.000000,0.000000,40.036778,50.037224,0.008748,0.000000,0.000000,1.00e-06
885,1.000,1.000,39.893528,49.858160,0.008749,0.000000,0.000000,40.036175,50.036469,0.008748,0.000000,0.000000,1.00e-06
886,1.000,1.000,39.872120,49.831399,0.008750,0.000000,0.000000,40.036020,50.036277,0.008749,0.000000,0.000000,1.00e-06
887,1.000,1.000,39.890534,49.854417,0.008750,0.000000,0.000000,40.036382,50.036727,0.008749,0.000000,0.000000,1.00e-06
888,1.000,1.000,39.848902,49.802376,0.008750,0.000000,0.000000,40.036796,50.037245,0.008749,0.000000,0.000000,1.00e-06
889,1.000,1.000,39.863242,49.820303,0.008749,0.000000,0.000000,40.037086,50.037609,0.008749,0.000000,0.000000,1.00e-06
890,1.000,1.000,39.876120,49.836400,0.008749,0.000000,0.000000,40.037741,50.038425,0.008749,0.000000,0.000000,1.00e-06
891,1.000,1.000,39.874416,49.834268,0.008751,0.000000,0.000000,40.036205,50.036507,0.008750,0.000000,0.000000,1.00e-06
892,1.000,1.000,39.859725,49.815905,0.008750,0.000000,0.000000,40.035792,50.035990,0.008750,0.000000,0.000000,1.00e-06
893,1.000,1.000,39.860290,49.816613,0.008749,0.000000,0.000000,40.035218,50.035272,0.008750,0.000000,0.000000,1.00e-06
894,1.000,1.000,39.880041,49.841299,0.008751,0.000000,0.000000,40.035506,50.035633,0.008751,0.000000,0.000000,1.00e-06
895,1.000,1.000,39.874433,49.834289,0.008751,0.000000,0.000000,40.035484,50.035604,0.008751,0.000000,0.000000,1.00e-06
896,1.000,1.000,39.873502,49.833126,0.008750,0.000000,0.000000,40.035624,50.035777,0.008751,0.000000,0.000000,1.00e-06
897,1.000,1.000,39.832665,49.782078,0.008751,0.000000,0.000000,40.035032,50.035038,0.008752,0.000000,0.000000,1.00e-06
898,1.000,1.000,39.871169,49.830208,0.008752,0.000000,0.000000,40.034841,50.034798,0.008752,0.000000,0.000000,1.00e-06
899,1.000,1.000,39.877067,49.837581,0.008752,0.000000,0.000000,40.034468,50.034330,0.008752,0.000000,0.000000,1.00e-06
900,1.000,1.000,39.863573,49.820712,0.008753,0.000000,0.000000,40.034502,50.034374,0.008753,0.000000,0.000000,1.00e-06
901,1.000,1.000,39.888146,49.851430,0.008752,0.000000,0.000000,40.035340,50.035422,0.008753,0.000000,0.000000,1.00e-06
902,1.000,1.000,39.884830,49.847282,0.008755,0.000000,0.000000,40.036323,50.036649,0.008753,0.000000,0.000000,1.00e-06
903,1.000,1.000,39.878613,49.839514,0.008752,0.000000,0.000000,40.036722,50.037148,0.008753,0.000000,0.000000,1.00e-06
904,1.000,1.000,39.871281,49.830348,0.008753,0.000000,0.000000,40.036364,50.036699,0.008754,0.000000,0.000000,1.00e-06
905,1.000,1.000,39.853356,49.807941,0.008753,0.000000,0.000000,40.037029,50.037531,0.008754,0.000000,0.000000,1.00e-06
906,1.000,1.000,39.859105,49.815125,0.008754,0.000000,0.000000,40.037356,50.037939,0.008754,0.000000,0.000000,1.00e-06
907,1.000,1.000,39.876146,49.836426,0.008755,0.000000,0.000000,40.036695,50.037113,0.008755,0.000000,0.000000,1.00e-06
908,1.000,1.000,39.849368,49.802957,0.008753,0.000000,0.000000,40.036304,50.036626,0.008755,0.000000,0.000000,1.00e-06
909,1.000,1.000,39.879563,49.840700,0.008752,0.000000,0.000000,40.035356,50.035439,0.008755,0.000000,0.000000,1.00e-06
910,1.000,1.000,39.856592,49.811985,0.008755,0.000000,0.000000,40.035114,50.035136,0.008756,0.000000,0.000000,1.00e-06
911,1.000,1.000,39.885638,49.848291,0.008755,0.000000,0.000000,40.035145,50.035173,0.008756,0.000000,0.000000,1.00e-06
912,1.000,1.000,39.870294,49.829112,0.008754,0.000000,0.000000,40.034500,50.034369,0.008756,0.000000,0.000000,1.00e-06
913,1.000,1.000,39.870030,49.828781,0.008756,0.000000,0.000000,40.034122,50.033895,0.008756,0.000000,0.000000,1.00e-06
914,1.000,1.000,39.862619,49.819517,0.008756,0.000000,0.000000,40.033504,50.033123,0.008757,0.000000,0.000000,1.00e-06
915,1.000,1.000,39.845606,49.798250,0.008757,0.000000,0.000000,40.033257,50.032813,0.008757,0.000000,0.000000,1.00e-06
916,1.000,1.000,39.873449,49.833052,0.008758,0.000000,0.000000,40.033786,50.033474,0.008757,0.000000,0.000000,1.00e-06
917,1.000,1.000,39.860097,49.816364,0.008756,0.000000,0.000000,40.033429,50.033027,0.008758,0.000000,0.000000,1.00e-06
918,1.000,1.000,39.845298,49.797866,0.008756,0.000000,0.000000,40.032919,50.032390,0.008758,0.000000,0.000000,1.00e-06
919,1.000,1.000,39.914412,49.884256,0.008757,0.000000,0.000000,40.033280,50.032841,0.008758,0.000000,0.000000,1.00e-06
920,1.000,1.000,39.881042,49.842543,0.008759,0.000000,0.000000,40.033614,50.033257,0.008759,0.000000,0.000000,1.00e-06
921,1.000,1.000,39.839310,49.790377,0.008759,0.000000,0.000000,40.034789,50.034726,0.008759,0.000000,0.000000,1.00e-06
922,1.000,1.000,39.865187,49.822725,0.008758,0.000000,0.000000,40.034647,50.034548,0.008759,0.000000,0.000000,1.00e-06
923,1.000,1.000,39.844502,49.796869,0.008757,0.000000,0.000000,40.034431,50.034278,0.008759,0.000000,0.000000,1.00e-06
924,1.000,1.000,39.877972,49.838707,0.008757,0.000000,0.000000,40.034292,50.034105,0.008760,0.000000,0.000000,1.00e-06
925,1.000,1.000,39.847187,49.800226,0.008757,0.000000,0.000000,40.033923,50.033644,0.008760,0.000000,0.000000,1.00e-06
926,1.000,1.000,39.872690,49.832102,0.008759,0.000000,0.000000,40.033336,50.032909,0.008760,0.000000,0.000000,1.00e-06
927,1.000,1.000,39.880026,49.841273,0.008758,0.000000,0.000000,40.032358,50.031687,0.008761,0.000000,0.000000,1.00e-06
928,1.000,1.000,39.829643,49.778295,0.008758,0.000000,0.000000,40.031190,50.030226,0.008761,0.000000,0.000000,1.00e-06
929,1.000,1.000,39.851698,49.805863,0.008759,0.000000,0.000000,40.030080,50.028838,0.008762,0.000000,0.000000,1.00e-06
930,1.000,1.000,39.838742,49.789666,0.008761,0.000000,0.000000,40.030326,50.029144,0.008762,0.000000,0.000000,1.00e-06
931,1.000,1.000,39.865788,49.823476,0.008759,0.000000,0.000000,40.031338,50.030410,0.008762,0.000000,0.000000,1.00e-06
932,1.000,1.000,39.852370,49.806702,0.008760,0.000000,0.000000,40.032679,50.032084,0.008762,0.000000,0.000000,1.00e-06
933,1.000,1.000,39.856212,49.811504,0.008760,0.000000,0.000000,40.033278,50.032832,0.008762,0.000000,0.000000,1.00e-06
934,1.000,1.000,39.862971,49.819951,0.008762,0.000000,0.000000,40.033520,50.033135,0.008763,0.000000,0.000000,1.00e-06
935,1.000,1.000,39.883300,49.845363,0.008760,0.000000,0.000000,40.033330,50.032898,0.008763,0.000000,0.000000,1.00e-06
936,1.000,1.000,39.857745,49.813418,0.008762,0.000000,0.000000,40.033603,50.033239,0.008763,0.000000,0.000000,1.00e-06
937,1.000,1.000,39.868962,49.827440,0.008762,0.000000,0.000000,40.033482,50.033086,0.008763,0.000000,0.000000,1.00e-06
938,1.000,1.000,39.902061,49.868814,0.008761,0.000000,0.000000,40.033730,50.033397,0.008764,0.000000,0.000000,1.00e-06
939,1.000,1.000,39.883744,49.845918,0.008762,0.000000,0.000000,40.033673,50.033327,0.008764,0.000000,0.000000,1.00e-06
940,1.000,1.000,39.870845,49.829794,0.008762,0.000000,0.000000,40.033933,50.033650,0.008764,0.000000,0.000000,1.00e-06
941,1.000,1.000,39.885991,49.848727,0.008760,0.000000,0.000000,40.034389,50.034221,0.008765,0.000000,0.000000,1.00e-06
942,1.000,1.000,39.870468,49.829323,0.008761,0.000000,0.000000,40.034794,50.034725,0.008765,0.000000,0.000000,1.00e-06
943,1.000,1.000,39.828838,49.777283,0.008763,0.000000,0.000000,40.034265,50.034063,0.008765,0.000000,0.000000,1.00e-06
944,1.000,1.000,39.855447,49.810544,0.008763,0.000000,0.000000,40.034254,50.034051,0.008765,0.000000,0.000000,1.00e-06
945,1.000,1.000,39.852723,49.807140,0.008763,0.000000,0.000000,40.034961,50.034935,0.008766,0.000000,0.000000,1.00e-06
946,1.000,1.000,39.886305,49.849117,0.008763,0.000000,0.000000,40.036254,50.036551,0.008766,0.000000,0.000000,1.00e-06
947,1.000,1.000,39.839737,49.790907,0.008764,0.000000,0.000000,40.035392,50.035474,0.008766,0.000000,0.000000,1.00e-06
948,1.000,1.000,39.869167,49.827695,0.008763,0.000000,0.000000,40.035769,50.035945,0.008766,0.000000,0.000000,1.00e-06
949,1.000,1.000,39.875454,49.835553,0.008763,0.000000,0.000000,40.037041,50.037533,0.008766,0.000000,0.000000,1.00e-06
950,1.000,1.000,39.908486,49.876843,0.008763,0.000000,0.000000,40.037948,50.038667,0.008767,0.000000,0.000000,1.00e-06
951,1.000,1.000,39.885931,49.848649,0.008763,0.000000,0.000000,40.037922,50.038634,0.008767,0.000000,0.000000,1.00e-06
952,1.000,1.000,39.881394,49.842976,0.008766,0.000000,0.000000,40.038684,50.039586,0.008767,0.000000,0.000000,1.00e-06
953,1.000,1.000,39.897527,49.863144,0.008765,0.000000,0.000000,40.038903,50.039861,0.008768,0.000000,0.000000,1.00e-06
954,1.000,1.000,39.873886,49.833591,0.008766,0.000000,0.000000,40.038095,50.038850,0.008768,0.000000,0.000000,1.00e-06
955,1.000,1.000,39.834422,49.784261,0.008766,0.000000,0.000000,40.037584,50.038212,0.008768,0.000000,0.000000,1.00e-06
956,1.000,1.000,39.865016,49.822505,0.008764,0.000000,0.000000,40.036073,50.036322,0.008768,0.000000,0.000000,1.00e-06
957,1.000,1.000,39.834128,49.783892,0.008767,0.000000,0.000000,40.036241,50.036531,0.008768,0.000000,0.000000,1.00e-06
958,1.000,1.000,39.883824,49.846013,0.008765,0.000000,0.000000,40.036548,50.036914,0.008769,0.000000,0.000000,1.00e-06
959,1.000,1.000,39.878400,49.839234,0.008765,0.000000,0.000000,40.037418,50.038003,0.008769,0.000000,0.000000,1.00e-06
960,1.000,1.000,39.902429,49.869269,0.008766,0.000000,0.000000,40.037735,50.038400,0.008769,0.000000,0.000000,1.00e-06
961,1.000,1.000,39.856181,49.811458,0.008767,0.000000,0.000000,40.038087,50.038838,0.008769,0.000000,0.000000,1.00e-06
962,1.000,1.000,39.880881,49.842336,0.008765,0.000000,0.000000,40.037843,50.038534,0.008770,0.000000,0.000000,1.00e-06
963,1.000,1.000,39.842689,49.794593,0.008767,0.000000,0.000000,40.037806,50.038487,0.008770,0.000000,0.000000,1.00e-06
964,1.000,1.000,39.847496,49.800602,0.008767,0.000000,0.000000,40.037434,50.038021,0.008770,0.000000,0.000000,1.00e-06
965,1.000,1.000,39.884572,49.846946,0.008767,0.000000,0.000000,40.036683,50.037085,0.008770,0.000000,0.000000,1.00e-06
966,1.000,1.000,39.857670,49.813320,0.008767,0.000000,0.000000,40.036520,50.036878,0.008771,0.000000,0.000000,1.00e-06
967,1.000,1.000,39.868191,49.826469,0.008768,0.000000,0.000000,40.037070,50.037566,0.008771,0.000000,0.000000,1.00e-06
968,1.000,1.000,39.879591,49.840720,0.008769,0.000000,0.000000,40.037476,50.038071,0.008771,0.000000,0.000000,1.00e-06
969,1.000,1.000,39.909489,49.878092,0.008769,0.000000,0.000000,40.037489,50.038088,0.008772,0.000000,0.000000,1.00e-06
970,1.000,1.000,39.869328,49.827890,0.008768,0.000000,0.000000,40.037302,50.037853,0.008772,0.000000,0.000000,1.00e-06
971,1.000,1.000,39.843817,49.796002,0.008769,0.000000,0.000000,40.038331,50.039140,0.008772,0.000000,0.000000,1.00e-06
972,1.000,1.000,39.851636,49.805772,0.008772,0.000000,0.000000,40.039148,50.040162,0.008772,0.000000,0.000000,1.00e-06
973,1.000,1.000,39.856696,49.812098,0.008771,0.000000,0.000000,40.039406,50.040483,0.008772,0.000000,0.000000,1.00e-06
974,1.000,1.000,39.871330,49.830392,0.008769,0.000000,0.000000,40.039131,50.040140,0.008772,0.000000,0.000000,1.00e-06
975,1.000,1.000,39.890686,49.854587,0.008769,0.000000,0.000000,40.040141,50.041404,0.008772,0.000000,0.000000,1.00e-06
976,1.000,1.000,39.886856,49.849799,0.008770,0.000000,0.000000,40.040663,50.042056,0.008772,0.000000,0.000000,1.00e-06
977,1.000,1.000,39.859283,49.815333,0.008770,0.000000,0.000000,40.041202,50.042728,0.008773,0.000000,0.000000,1.00e-06
978,1.000,1.000,39.873676,49.833322,0.008772,0.000000,0.000000,40.041731,50.043389,0.008773,0.000000,0.000000,1.00e-06
979,1.000,1.000,39.876128,49.836388,0.008771,0.000000,0.000000,40.043309,50.045363,0.008773,0.000000,0.000000,1.00e-06
980,1.000,1.000,39.875567,49.835688,0.008771,0.000000,0.000000,40.044065,50.046307,0.008773,0.000000,0.000000,1.00e-06
981,1.000,1.000,39.876087,49.836338,0.008770,0.000000,0.000000,40.043579,50.045700,0.008774,0.000000,0.000000,1.00e-06
982,1.000,1.000,39.877915,49.838622,0.008770,0.000000,0.000000,40.045251,50.047789,0.008774,0.000000,0.000000,1.00e-06
983,1.000,1.000,39.880550,49.841915,0.008771,0.000000,0.000000,40.046890,50.049837,0.008774,0.000000,0.000000,1.00e-06
984,1.000,1.000,39.855317,49.810376,0.008770,0.000000,0.000000,40.046990,50.049961,0.008775,0.000000,0.000000,1.00e-06
985,1.000,1.000,39.841431,49.793015,0.008773,0.000000,0.000000,40.046803,50.049728,0.008775,0.000000,0.000000,1.00e-06
986,1.000,1.000,39.879065,49.840058,0.008772,0.000000,0.000000,40.047188,50.050209,0.008775,0.000000,0.000000,1.00e-06
987,1.000,1.000,39.828704,49.777107,0.008771,0.000000,0.000000,40.047894,50.051093,0.008775,0.000000,0.000000,1.00e-06
988,1.000,1.000,39.855757,49.810924,0.008771,0.000000,0.000000,40.047898,50.051098,0.008775,0.000000,0.000000,1.00e-06
989,1.000,1.000,39.850174,49.803941,0.008775,0.000000,0.000000,40.048707,50.052105,0.008776,0.000000,0.000000,1.00e-06
990,1.000,1.000,39.841488,49.793085,0.008774,0.000000,0.000000,40.049748,50.053409,0.008776,0.000000,0.000000,1.00e-06
991,1.000,1.000,39.873569,49.833187,0.008774,0.000000,0.000000,40.049146,50.052655,0.008776,0.000000,0.000000,1.00e-06
992,1.000,1.000,39.824150,49.771412,0.008774,0.000000,0.000000,40.050621,50.054499,0.008776,0.000000,0.000000,1.00e-06
993,1.000,1.000,39.870441,49.829276,0.008774,0.000000,0.000000,40.050692,50.054587,0.008776,0.000000,0.000000,1.00e-06
994,1.000,1.000,39.877230,49.837764,0.008772,0.000000,0.000000,40.051809,50.055984,0.008777,0.000000,0.000000,1.00e-06
995,1.000,1.000,39.825393,49.772966,0.008774,0.000000,0.000000,40.051827,50.056006,0.008777,0.000000,0.000000,1.00e-06
996,1.000,1.000,39.845238,49.797772,0.008774,0.000000,0.000000,40.053555,50.058166,0.008777,0.000000,0.000000,1.00e-06
997,1.000,1.000,39.867815,49.825993,0.008775,0.000000,0.000000,40.055147,50.060156,0.008777,0.000000,0.000000,1.00e-06
998,1.000,1.000,39.852311,49.806615,0.008773,0.000000,0.000000,40.056410,50.061736,0.008777,0.000000,0.000000,1.00e-06
999,1.000,1.000,39.853783,49.808451,0.008777,0.000000,0.000000,40.055840,50.061022,0.008778,0.000000,0.000000,1.00e-06
1000,1.000,1.000,39.870313,49.829117,0.008775,0.000000,0.000000,40.054449,50.059282,0.008778,0.000000,0.000000,1.00e-06
1001,1.000,1.000,39.861146,49.817657,0.008775,0.000000,0.000000,40.054053,50.058787,0.008778,0.000000,0.000000,1.00e-06
1002,1.000,1.000,39.824866,49.772306,0.008776,0.000000,0.000000,40.052416,50.056741,0.008778,0.000000,0.000000,1.00e-06
1003,1.000,1.000,39.841162,49.792676,0.008775,0.000000,0.000000,40.051923,50.056124,0.008779,0.000000,0.000000,1.00e-06
1004,1.000,1.000,39.845348,49.797909,0.008776,0.000000,0.000000,40.053981,50.058697,0.008779,0.000000,0.000000,1.00e-06
1005,1.000,1.000,39.876196,49.836468,0.008776,0.000000,0.000000,40.055599,50.060719,0.008779,0.000000,0.000000,1.00e-06
1006,1.000,1.000,39.845924,49.798627,0.008776,0.000000,0.000000,40.056504,50.061849,0.008779,0.000000,0.000000,1.00e-06
1007,1.000,1.000,39.866028,49.823757,0.008777,0.000000,0.000000,40.054894,50.059837,0.008779,0.000000,0.000000,1.00e-06
1008,1.000,1.000,39.855016,49.809993,0.008777,0.000000,0.000000,40.052729,50.057130,0.008779,0.000000,0.000000,1.00e-06
1009,1.000,1.000,39.897765,49.863429,0.008776,0.000000,0.000000,40.052090,50.056332,0.008780,0.000000,0.000000,1.00e-06
1010,1.000,1.000,39.855047,49.810030,0.008777,0.000000,0.000000,40.052027,50.056252,0.008780,0.000000,0.000000,1.00e-06
1011,1.000,1.000,39.835150,49.785159,0.008778,0.000000,0.000000,40.053664,50.058301,0.008780,0.000000,0.000000,1.00e-06
1012,1.000,1.000,39.877713,49.838361,0.008780,0.000000,0.000000,40.053445,50.058024,0.008780,0.000000,0.000000,1.00e-06
1013,1.000,1.000,39.866751,49.824662,0.008776,0.000000,0.000000,40.053730,50.058381,0.008780,0.000000,0.000000,1.00e-06
1014,1.000,1.000,39.829515,49.778114,0.008779,0.000000,0.000000,40.054123,50.058873,0.008781,0.000000,0.000000,1.00e-06
1015,1.000,1.000,39.881984,49.843700,0.008779,0.000000,0.000000,40.052842,50.057272,0.008781,0.000000,0.000000,1.00e-06
1016,1.000,1.000,39.844240,49.796522,0.008778,0.000000,0.000000,40.053344,50.057899,0.008781,0.000000,0.000000,1.00e-06
1017,1.000,1.000,39.888913,49.852361,0.008779,0.000000,0.000000,40.054067,50.058802,0.008781,0.000000,0.000000,1.00e-06
1018,1.000,1.000,39.882712,49.844610,0.008779,0.000000,0.000000,40.053773,50.058434,0.008782,0.000000,0.000000,1.00e-06
1019,1.000,1.000,39.891437,49.855516,0.008779,0.000000,0.000000,40.054453,50.059283,0.008782,0.000000,0.000000,1.00e-06
1020,1.000,1.000,39.826665,49.774552,0.008778,0.000000,0.000000,40.053844,50.058523,0.008782,0.000000,0.000000,1.00e-06
1021,1.000,1.000,39.853630,49.808257,0.008779,0.000000,0.000000,40.053748,50.058401,0.008782,0.000000,0.000000,1.00e-06
1022,1.000,1.000,39.898707,49.864602,0.008781,0.000000,0.000000,40.055762,50.060918,0.008783,0.000000,0.000000,1.00e-06
1023,1.000,1.000,39.861267,49.817800,0.008782,0.000000,0.000000,40.054891,50.059829,0.008783,0.000000,0.000000,1.00e-06
1024,1.000,1.000,39.863228,49.820252,0.008782,0.000000,0.000000,40.053599,50.058214,0.008783,0.000000,0.000000,1.00e-06
1025,1.000,1.000,39.865154,49.822659,0.008782,0.000000,0.000000,40.053266,50.057797,0.008783,0.000000,0.000000,1.00e-06
1026,1.000,1.000,39.837356,49.787915,0.008779,0.000000,0.000000,40.053561,50.058167,0.008783,0.000000,0.000000,1.00e-06
1027,1.000,1.000,39.879780,49.840946,0.008779,0.000000,0.000000,40.054304,50.059095,0.008784,0.000000,0.000000,1.00e-06
1028,1.000,1.000,39.902397,49.869215,0.008779,0.000000,0.000000,40.054787,50.059698,0.008784,0.000000,0.000000,1.00e-06
1029,1.000,1.000,39.885552,49.848157,0.008782,0.000000,0.000000,40.054176,50.058935,0.008785,0.000000,0.000000,1.00e-06
1030,1.000,1.000,39.827798,49.775964,0.008783,0.000000,0.000000,40.052263,50.056543,0.008785,0.000000,0.000000,1.00e-06
1031,1.000,1.000,39.865197,49.822715,0.008781,0.000000,0.000000,40.051977,50.056186,0.008785,0.000000,0.000000,1.00e-06
1032,1.000,1.000,39.851070,49.805054,0.008782,0.000000,0.000000,40.050882,50.054817,0.008785,0.000000,0.000000,1.00e-06
1033,1.000,1.000,39.853802,49.808470,0.008782,0.000000,0.000000,40.050770,50.054677,0.008785,0.000000,0.000000,1.00e-06
1034,1.000,1.000,39.875456,49.835536,0.008783,0.000000,0.000000,40.051632,50.055755,0.008786,0.000000,0.000000,1.00e-06
1035,1.000,1.000,39.817222,49.762744,0.008782,0.000000,0.000000,40.052898,50.057336,0.008786,0.000000,0.000000,1.00e-06
1036,1.000,1.000,39.856320,49.811616,0.008783,0.000000,0.000000,40.052924,50.057368,0.008786,0.000000,0.000000,1.00e-06
1037,1.000,1.000,39.830191,49.778956,0.008782,0.000000,0.000000,40.052729,50.057122,0.008787,0.000000,0.000000,1.00e-06
1038,1.000,1.000,39.820050,49.766277,0.008784,0.000000,0.000000,40.052552,50.056901,0.008787,0.000000,0.000000,1.00e-06
1039,1.000,1.000,39.867903,49.826094,0.008783,0.000000,0.000000,40.054849,50.059772,0.008787,0.000000,0.000000,1.00e-06
1040,1.000,1.000,39.826863,49.774792,0.008785,0.000000,0.000000,40.054132,50.058875,0.008787,0.000000,0.000000,1.00e-06
1041,1.000,1.000,39.855536,49.810633,0.008785,0.000000,0.000000,40.052182,50.056439,0.008788,0.000000,0.000000,1.00e-06
1042,1.000,1.000,39.866997,49.824961,0.008784,0.000000,0.000000,40.050611,50.054476,0.008788,0.000000,0.000000,1.00e-06
1043,1.000,1.000,39.826702,49.774593,0.008784,0.000000,0.000000,40.050406,50.054217,0.008788,0.000000,0.000000,1.00e-06
1044,1.000,1.000,39.864683,49.822067,0.008785,0.000000,0.000000,40.051365,50.055417,0.008788,0.000000,0.000000,1.00e-06
1045,1.000,1.000,39.874263,49.834042,0.008786,0.000000,0.000000,40.052095,50.056331,0.008788,0.000000,0.000000,1.00e-06
1046,1.000,1.000,39.836435,49.786756,0.008786,0.000000,0.000000,40.052496,50.056831,0.008788,0.000000,0.000000,1.00e-06
1047,1.000,1.000,39.867062,49.825041,0.008785,0.000000,0.000000,40.052503,50.056839,0.008789,0.000000,0.000000,1.00e-06
1048,1.000,1.000,39.870312,49.829101,0.008787,0.000000,0.000000,40.052280,50.056562,0.008789,0.000000,0.000000,1.00e-06
1049,1.000,1.000,39.853157,49.807660,0.008786,0.000000,0.000000,40.052649,50.057024,0.008789,0.000000,0.000000,1.00e-06
1050,1.000,1.000,39.851255,49.805283,0.008785,0.000000,0.000000,40.051458,50.055534,0.008790,0.000000,0.000000,1.00e-06
1051,1.000,1.000,39.848821,49.802238,0.008787,0.000000,0.000000,40.053281,50.057810,0.008790,0.000000,0.000000,1.00e-06
1052,1.000,1.000,39.850113,49.803856,0.008785,0.000000,0.000000,40.053329,50.057870,0.008790,0.000000,0.000000,1.00e-06
1053,1.000,1.000,39.856278,49.811559,0.008787,0.000000,0.000000,40.054680,50.059557,0.008790,0.000000,0.000000,1.00e-06
1054,1.000,1.000,39.869452,49.828027,0.008786,0.000000,0.000000,40.054531,50.059374,0.008791,0.000000,0.000000,1.00e-06
1055,1.000,1.000,39.838756,49.789656,0.008788,0.000000,0.000000,40.054869,50.059794,0.008791,0.000000,0.000000,1.00e-06
1056,1.000,1.000,39.860253,49.816529,0.008786,0.000000,0.000000,40.055449,50.060517,0.008791,0.000000,0.000000,1.00e-06
1057,1.000,1.000,39.851197,49.805209,0.008786,0.000000,0.000000,40.056045,50.061264,0.008791,0.000000,0.000000,1.00e-06
1058,1.000,1.000,39.840950,49.792397,0.008789,0.000000,0.000000,40.055972,50.061172,0.008791,0.000000,0.000000,1.00e-06
1059,1.000,1.000,39.852335,49.806628,0.008789,0.000000,0.000000,40.058106,50.063839,0.008792,0.000000,0.000000,1.00e-06
1060,1.000,1.000,39.845814,49.798478,0.008789,0.000000,0.000000,40.059721,50.065858,0.008792,0.000000,0.000000,1.00e-06
1061,1.000,1.000,39.848371,49.801673,0.008790,0.000000,0.000000,40.058960,50.064907,0.008792,0.000000,0.000000,1.00e-06
1062,1.000,1.000,39.859485,49.815564,0.008791,0.000000,0.000000,40.058700,50.064581,0.008793,0.000000,0.000000,1.00e-06
1063,1.000,1.000,39.857800,49.813458,0.008791,0.000000,0.000000,40.057701,50.063332,0.008793,0.000000,0.000000,1.00e-06
1064,1.000,1.000,39.865084,49.822564,0.008790,0.000000,0.000000,40.058036,50.063750,0.008793,0.000000,0.000000,1.00e-06
1065,1.000,1.000,39.839476,49.790553,0.008791,0.000000,0.000000,40.057270,50.062793,0.008793,0.000000,0.000000,1.00e-06
1066,1.000,1.000,39.862129,49.818870,0.008790,0.000000,0.000000,40.057309,50.062842,0.008794,0.000000,0.000000,1.00e-06
1067,1.000,1.000,39.830393,49.779201,0.008790,0.000000,0.000000,40.057701,50.063332,0.008794,0.000000,0.000000,1.00e-06
1068,1.000,1.000,39.882125,49.843865,0.008790,0.000000,0.000000,40.057861,50.063532,0.008794,0.000000,0.000000,1.00e-06
1069,1.000,1.000,39.853205,49.807716,0.008790,0.000000,0.000000,40.057800,50.063455,0.008794,0.000000,0.000000,1.00e-06
1070,1.000,1.000,39.843628,49.795744,0.008789,0.000000,0.000000,40.059435,50.065497,0.008794,0.000000,0.000000,1.00e-06
1071,1.000,1.000,39.858819,49.814732,0.008790,0.000000,0.000000,40.060740,50.067130,0.008795,0.000000,0.000000,1.00e-06
1072,1.000,1.000,39.867216,49.825226,0.008793,0.000000,0.000000,40.063025,50.069985,0.008795,0.000000,0.000000,1.00e-06
1073,1.000,1.000,39.820559,49.766908,0.008789,0.000000,0.000000,40.062739,50.069628,0.008795,0.000000,0.000000,1.00e-06
1074,1.000,1.000,39.848608,49.801967,0.008792,0.000000,0.000000,40.061427,50.067986,0.008796,0.000000,0.000000,1.00e-06
1075,1.000,1.000,39.841258,49.792780,0.008792,0.000000,0.000000,40.060389,50.066688,0.008796,0.000000,0.000000,1.00e-06
1076,1.000,1.000,39.836343,49.786635,0.008793,0.000000,0.000000,40.059010,50.064963,0.008796,0.000000,0.000000,1.00e-06
1077,1.000,1.000,39.830277,49.779052,0.008794,0.000000,0.000000,40.057354,50.062894,0.008797,0.000000,0.000000,1.00e-06
1078,1.000,1.000,39.880784,49.842187,0.008791,0.000000,0.000000,40.056037,50.061248,0.008797,0.000000,0.000000,1.00e-06
1079,1.000,1.000,39.840994,49.792448,0.008794,0.000000,0.000000,40.055090,50.060063,0.008797,0.000000,0.000000,1.00e-06
1080,1.000,1.000,39.864697,49.822078,0.008792,0.000000,0.000000,40.056245,50.061507,0.008798,0.000000,0.000000,1.00e-06
1081,1.000,1.000,39.851381,49.805433,0.008792,0.000000,0.000000,40.055875,50.061045,0.008798,0.000000,0.000000,1.00e-06
1082,1.000,1.000,39.834100,49.783832,0.008792,0.000000,0.000000,40.055758,50.060900,0.008798,0.000000,0.000000,1.00e-06
1083,1.000,1.000,39.833345,49.782887,0.008793,0.000000,0.000000,40.055222,50.060228,0.008799,0.000000,0.000000,1.00e-06
1084,1.000,1.000,39.840414,49.791723,0.008794,0.000000,0.000000,40.055672,50.060791,0.008799,0.000000,0.000000,1.00e-06
1085,1.000,1.000,39.853047,49.807514,0.008794,0.000000,0.000000,40.056091,50.061316,0.008799,0.000000,0.000000,1.00e-06
1086,1.000,1.000,39.839808,49.790964,0.008795,0.000000,0.000000,40.056287,50.061559,0.008799,0.000000,0.000000,1.00e-06
1087,1.000,1.000,39.845589,49.798188,0.008797,0.000000,0.000000,40.056886,50.062306,0.008799,0.000000,0.000000,1.00e-06
1088,1.000,1.000,39.816088,49.761314,0.008794,0.000000,0.000000,40.056714,50.062092,0.008799,0.000000,0.000000,1.00e-06
1089,1.000,1.000,39.838929,49.789865,0.008795,0.000000,0.000000,40.056172,50.061415,0.008799,0.000000,0.000000,1.00e-06
1090,1.000,1.000,39.884824,49.847234,0.008796,0.000000,0.000000,40.058291,50.064064,0.008800,0.000000,0.000000,1.00e-06
1091,1.000,1.000,39.867414,49.825470,0.008797,0.000000,0.000000,40.059661,50.065775,0.008800,0.000000,0.000000,1.00e-06
1092,1.000,1.000,39.845816,49.798473,0.008796,0.000000,0.000000,40.059951,50.066136,0.008800,0.000000,0.000000,1.00e-06
1093,1.000,1.000,39.847101,49.800079,0.008796,0.000000,0.000000,40.060450,50.066762,0.008800,0.000000,0.000000,1.00e-06
1094,1.000,1.000,39.851992,49.806194,0.008795,0.000000,0.000000,40.060912,50.067339,0.008800,0.000000,0.000000,1.00e-06
1095,1.000,1.000,39.829489,49.778064,0.008796,0.000000,0.000000,40.060667,50.067033,0.008801,0.000000,0.000000,1.00e-06
1096,1.000,1.000,39.838923,49.789855,0.008798,0.000000,0.000000,40.061517,50.068094,0.008801,0.000000,0.000000,1.00e-06
1097,1.000,1.000,39.855211,49.810216,0.008797,0.000000,0.000000,40.062760,50.069648,0.008801,0.000000,0.000000,1.00e-06
1098,1.000,1.000,39.851686,49.805810,0.008798,0.000000,0.000000,40.064811,50.072211,0.008802,0.000000,0.000000,1.00e-06
1099,1.000,1.000,39.869788,49.828437,0.008798,0.000000,0.000000,40.064317,50.071594,0.008802,0.000000,0.000000,1.00e-06
1100,1.000,1.000,39.848990,49.802442,0.008795,0.000000,0.000000,40.065733,50.073363,0.008802,0.000000,0.000000,1.00e-06
1101,1.000,1.000,39.815595,49.760696,0.008797,0.000000,0.000000,40.067901,50.076074,0.008803,0.000000,0.000000,1.00e-06
1102,1.000,1.000,39.838900,49.789825,0.008799,0.000000,0.000000,40.070061,50.078773,0.008803,0.000000,0.000000,1.00e-06
1103,1.000,1.000,39.821761,49.768404,0.008797,0.000000,0.000000,40.071298,50.080317,0.008803,0.000000,0.000000,1.00e-06
1104,1.000,1.000,39.839403,49.790455,0.008797,0.000000,0.000000,40.071679,50.080793,0.008803,0.000000,0.000000,1.00e-06
1105,1.000,1.000,39.846590,49.799438,0.008798,0.000000,0.000000,40.071136,50.080113,0.008804,0.000000,0.000000,1.00e-06
1106,1.000,1.000,39.832433,49.781742,0.008798,0.000000,0.000000,40.067655,50.075763,0.008804,0.000000,0.000000,1.00e-06
1107,1.000,1.000,39.836982,49.787428,0.008799,0.000000,0.000000,40.065328,50.072853,0.008804,0.000000,0.000000,1.00e-06
1108,1.000,1.000,39.824638,49.771998,0.008798,0.000000,0.000000,40.065879,50.073542,0.008804,0.000000,0.000000,1.00e-06
1109,1.000,1.000,39.856621,49.811977,0.008799,0.000000,0.000000,40.065848,50.073503,0.008804,0.000000,0.000000,1.00e-06
1110,1.000,1.000,39.806595,49.749443,0.008800,0.000000,0.000000,40.065500,50.073070,0.008804,0.000000,0.000000,1.00e-06
1111,1.000,1.000,39.838000,49.788700,0.008799,0.000000,0.000000,40.065613,50.073210,0.008805,0.000000,0.000000,1.00e-06
1112,1.000,1.000,39.807406,49.750457,0.008799,0.000000,0.000000,40.065195,50.072688,0.008805,0.000000,0.000000,1.00e-06
1113,1.000,1.000,39.839660,49.790774,0.008800,0.000000,0.000000,40.064448,50.071754,0.008805,0.000000,0.000000,1.00e-06
1114,1.000,1.000,39.851396,49.805444,0.008800,0.000000,0.000000,40.064440,50.071744,0.008805,0.000000,0.000000,1.00e-06
1115,1.000,1.000,39.852755,49.807143,0.008800,0.000000,0.000000,40.064262,50.071523,0.008805,0.000000,0.000000,1.00e-06
1116,1.000,1.000,39.853155,49.807642,0.008801,0.000000,0.000000,40.065634,50.073236,0.008806,0.000000,0.000000,1.00e-06
1117,1.000,1.000,39.822592,49.769439,0.008801,0.000000,0.000000,40.066335,50.074112,0.008806,0.000000,0.000000,1.00e-06
1118,1.000,1.000,39.829422,49.777974,0.008802,0.000000,0.000000,40.064672,50.072034,0.008806,0.000000,0.000000,1.00e-06
1119,1.000,1.000,39.859214,49.815216,0.008801,0.000000,0.000000,40.064954,50.072386,0.008806,0.000000,0.000000,1.00e-06
1120,1.000,1.000,39.829362,49.777899,0.008802,0.000000,0.000000,40.064683,50.072047,0.008807,0.000000,0.000000,1.00e-06
1121,1.000,1.000,39.862232,49.818986,0.008803,0.000000,0.000000,40.064905,50.072325,0.008807,0.000000,0.000000,1.00e-06
1122,1.000,1.000,39.836362,49.786648,0.008803,0.000000,0.000000,40.066587,50.074427,0.008807,0.000000,0.000000,1.00e-06
1123,1.000,1.000,39.857356,49.812892,0.008802,0.000000,0.000000,40.068746,50.077123,0.008807,0.000000,0.000000,1.00e-06
1124,1.000,1.000,39.843064,49.795026,0.008803,0.000000,0.000000,40.068975,50.077412,0.008807,0.000000,0.000000,1.00e-06
1125,1.000,1.000,39.865278,49.822794,0.008802,0.000000,0.000000,40.066042,50.073744,0.008808,0.000000,0.000000,1.00e-06
1126,1.000,1.000,39.831244,49.780251,0.008803,0.000000,0.000000,40.065913,50.073582,0.008808,0.000000,0.000000,1.00e-06
1127,1.000,1.000,39.844629,49.796982,0.008803,0.000000,0.000000,40.065186,50.072673,0.008808,0.000000,0.000000,1.00e-06
1128,1.000,1.000,39.845835,49.798488,0.008804,0.000000,0.000000,40.066097,50.073812,0.008808,0.000000,0.000000,1.00e-06
1129,1.000,1.000,39.839674,49.790789,0.008803,0.000000,0.000000,40.066540,50.074365,0.008808,0.000000,0.000000,1.00e-06
1130,1.000,1.000,39.864168,49.821403,0.008805,0.000000,0.000000,40.066836,50.074737,0.008809,0.000000,0.000000,1.00e-06
1131,1.000,1.000,39.856645,49.812001,0.008805,0.000000,0.000000,40.066627,50.074472,0.008809,0.000000,0.000000,1.00e-06
1132,1.000,1.000,39.862506,49.819325,0.008806,0.000000,0.000000,40.066805,50.074697,0.008809,0.000000,0.000000,1.00e-06
1133,1.000,1.000,39.824877,49.772292,0.008804,0.000000,0.000000,40.067775,50.075908,0.008810,0.000000,0.000000,1.00e-06
1134,1.000,1.000,39.871998,49.831193,0.008804,0.000000,0.000000,40.068832,50.077230,0.008810,0.000000,0.000000,1.00e-06
1135,1.000,1.000,39.829908,49.778580,0.008804,0.000000,0.000000,40.070292,50.079054,0.008810,0.000000,0.000000,1.00e-06
1136,1.000,1.000,39.844498,49.796816,0.008806,0.000000,0.000000,40.070516,50.079334,0.008810,0.000000,0.000000,1.00e-06
1137,1.000,1.000,39.848944,49.802374,0.008805,0.000000,0.000000,40.070085,50.078794,0.008810,0.000000,0.000000,1.00e-06
1138,1.000,1.000,39.842116,49.793837,0.008806,0.000000,0.000000,40.071890,50.081052,0.008811,0.000000,0.000000,1.00e-06
1139,1.000,1.000,39.847361,49.800393,0.008807,0.000000,0.000000,40.074260,50.084011,0.008811,0.000000,0.000000,1.00e-06
1140,1.000,1.000,39.808030,49.751230,0.008807,0.000000,0.000000,40.074595,50.084432,0.008811,0.000000,0.000000,1.00e-06
1141,1.000,1.000,39.844450,49.796755,0.008806,0.000000,0.000000,40.075131,50.085101,0.008811,0.000000,0.000000,1.00e-06
1142,1.000,1.000,39.824924,49.772348,0.008806,0.000000,0.000000,40.074284,50.084042,0.008812,0.000000,0.000000,1.00e-06
1143,1.000,1.000,39.814425,49.759223,0.008807,0.000000,0.000000,40.073614,50.083203,0.008812,0.000000,0.000000,1.00e-06
1144,1.000,1.000,39.854843,49.809746,0.008807,0.000000,0.000000,40.074082,50.083789,0.008812,0.000000,0.000000,1.00e-06
1145,1.000,1.000,39.843847,49.796001,0.008807,0.000000,0.000000,40.073064,50.082516,0.008812,0.000000,0.000000,1.00e-06
1146,1.000,1.000,39.847597,49.800689,0.008807,0.000000,0.000000,40.072666,50.082018,0.008812,0.000000,0.000000,1.00e-06
1147,1.000,1.000,39.853308,49.807827,0.008807,0.000000,0.000000,40.071862,50.081015,0.008813,0.000000,0.000000,1.00e-06
1148,1.000,1.000,39.845171,49.797655,0.008808,0.000000,0.000000,40.071078,50.080033,0.008813,0.000000,0.000000,1.00e-06
1149,1.000,1.000,39.835170,49.785154,0.008807,0.000000,0.000000,40.071851,50.081000,0.008813,0.000000,0.000000,1.00e-06
1150,1.000,1.000,39.858986,49.814922,0.008809,0.000000,0.000000,40.071577,50.080656,0.008814,0.000000,0.000000,1.00e-06
1151,1.000,1.000,39.873084,49.832547,0.008807,0.000000,0.000000,40.069877,50.078531,0.008814,0.000000,0.000000,1.00e-06
1152,1.000,1.000,39.831303,49.780319,0.008809,0.000000,0.000000,40.070273,50.079026,0.008814,0.000000,0.000000,1.00e-06
1153,1.000,1.000,39.846879,49.799787,0.008810,0.000000,0.000000,40.072250,50.081499,0.008814,0.000000,0.000000,1.00e-06
1154,1.000,1.000,39.874031,49.833731,0.008807,0.000000,0.000000,40.073241,50.082735,0.008814,0.000000,0.000000,1.00e-06
1155,1.000,1.000,39.810268,49.754025,0.008810,0.000000,0.000000,40.073523,50.083088,0.008815,0.000000,0.000000,1.00e-06
1156,1.000,1.000,39.832558,49.781887,0.008810,0.000000,0.000000,40.071908,50.081067,0.008815,0.000000,0.000000,1.00e-06
1157,1.000,1.000,39.838017,49.788712,0.008808,0.000000,0.000000,40.071421,50.080459,0.008815,0.000000,0.000000,1.00e-06
1158,1.000,1.000,39.847504,49.800569,0.008810,0.000000,0.000000,40.072595,50.081926,0.008815,0.000000,0.000000,1.00e-06
1159,1.000,1.000,39.864428,49.821723,0.008811,0.000000,0.000000,40.072969,50.082395,0.008816,0.000000,0.000000,1.00e-06
1160,1.000,1.000,39.841212,49.792705,0.008808,0.000000,0.000000,40.071483,50.080536,0.008816,0.000000,0.000000,1.00e-06
1161,1.000,1.000,39.863474,49.820531,0.008811,0.000000,0.000000,40.069032,50.077473,0.008816,0.000000,0.000000,1.00e-06
1162,1.000,1.000,39.841401,49.792942,0.008808,0.000000,0.000000,40.069131,50.077596,0.008816,0.000000,0.000000,1.00e-06
1163,1.000,1.000,39.823075,49.770033,0.008811,0.000000,0.000000,40.068123,50.076337,0.008817,0.000000,0.000000,1.00e-06
1164,1.000,1.000,39.863824,49.820968,0.008810,0.000000,0.000000,40.065125,50.072587,0.008817,0.000000,0.000000,1.00e-06
1165,1.000,1.000,39.813015,49.757457,0.008810,0.000000,0.000000,40.065044,50.072487,0.008817,0.000000,0.000000,1.00e-06
1166,1.000,1.000,39.837463,49.788015,0.008812,0.000000,0.000000,40.065191,50.072671,0.008818,0.000000,0.000000,1.00e-06
1167,1.000,1.000,39.835285,49.785293,0.008812,0.000000,0.000000,40.066335,50.074100,0.008818,0.000000,0.000000,1.00e-06
1168,1.000,1.000,39.839596,49.790681,0.008813,0.000000,0.000000,40.067878,50.076029,0.008818,0.000000,0.000000,1.00e-06
1169,1.000,1.000,39.833516,49.783080,0.008814,0.000000,0.000000,40.067336,50.075352,0.008818,0.000000,0.000000,1.00e-06
1170,1.000,1.000,39.837372,49.787901,0.008814,0.000000,0.000000,40.066960,50.074882,0.008819,0.000000,0.000000,1.00e-06
1171,1.000,1.000,39.834512,49.784326,0.008813,0.000000,0.000000,40.068274,50.076525,0.008819,0.000000,0.000000,1.00e-06
1172,1.000,1.000,39.824428,49.771720,0.008814,0.000000,0.000000,40.066839,50.074730,0.008819,0.000000,0.000000,1.00e-06
1173,1.000,1.000,39.808735,49.752106,0.008812,0.000000,0.000000,40.064068,50.071264,0.008819,0.000000,0.000000,1.00e-06
1174,1.000,1.000,39.819106,49.765066,0.008816,0.000000,0.000000,40.062866,50.069762,0.008819,0.000000,0.000000,1.00e-06
1175,1.000,1.000,39.828403,49.776690,0.008813,0.000000,0.000000,40.061291,50.067793,0.008820,0.000000,0.000000,1.00e-06
1176,1.000,1.000,39.844802,49.797186,0.008815,0.000000,0.000000,40.061325,50.067834,0.008820,0.000000,0.000000,1.00e-06
1177,1.000,1.000,39.820472,49.766775,0.008814,0.000000,0.000000,40.061283,50.067783,0.008820,0.000000,0.000000,1.00e-06
1178,1.000,1.000,39.839727,49.790845,0.008814,0.000000,0.000000,40.061008,50.067438,0.008820,0.000000,0.000000,1.00e-06
1179,1.000,1.000,39.826457,49.774257,0.008814,0.000000,0.000000,40.061297,50.067800,0.008821,0.000000,0.000000,1.00e-06
1180,1.000,1.000,39.808193,49.751427,0.008813,0.000000,0.000000,40.062965,50.069883,0.008821,0.000000,0.000000,1.00e-06
1181,1.000,1.000,39.826073,49.773775,0.008815,0.000000,0.000000,40.063032,50.069967,0.008821,0.000000,0.000000,1.00e-06
1182,1.000,1.000,39.818912,49.764822,0.008817,0.000000,0.000000,40.063627,50.070712,0.008821,0.000000,0.000000,1.00e-06
1183,1.000,1.000,39.816545,49.761865,0.008815,0.000000,0.000000,40.063550,50.070616,0.008821,0.000000,0.000000,1.00e-06
1184,1.000,1.000,39.834963,49.784886,0.008816,0.000000,0.000000,40.063316,50.070322,0.008822,0.000000,0.000000,1.00e-06
1185,1.000,1.000,39.875660,49.835759,0.008815,0.000000,0.000000,40.063477,50.070523,0.008822,0.000000,0.000000,1.00e-06
1186,1.000,1.000,39.830047,49.778741,0.008817,0.000000,0.000000,40.065083,50.072531,0.008822,0.000000,0.000000,1.00e-06
1187,1.000,1.000,39.846260,49.799007,0.008816,0.000000,0.000000,40.066591,50.074416,0.008823,0.000000,0.000000,1.00e-06
1188,1.000,1.000,39.817534,49.763101,0.008816,0.000000,0.000000,40.066580,50.074402,0.008823,0.000000,0.000000,1.00e-06
1189,1.000,1.000,39.844522,49.796833,0.008818,0.000000,0.000000,40.066747,50.074609,0.008823,0.000000,0.000000,1.00e-06
1190,1.000,1.000,39.821587,49.768166,0.008817,0.000000,0.000000,40.067326,50.075333,0.008823,0.000000,0.000000,1.00e-06
1191,1.000,1.000,39.828956,49.777378,0.008817,0.000000,0.000000,40.069649,50.078236,0.008824,0.000000,0.000000,1.00e-06
1192,1.000,1.000,39.833908,49.783566,0.008817,0.000000,0.000000,40.070632,50.079465,0.008824,0.000000,0.000000,1.00e-06
1193,1.000,1.000,39.829191,49.777671,0.008817,0.000000,0.000000,40.072323,50.081579,0.008824,0.000000,0.000000,1.00e-06
1194,1.000,1.000,39.834279,49.784030,0.008818,0.000000,0.000000,40.072660,50.082000,0.008824,0.000000,0.000000,1.00e-06
1195,1.000,1.000,39.828271,49.776519,0.008818,0.000000,0.000000,40.072932,50.082339,0.008825,0.000000,0.000000,1.00e-06
1196,1.000,1.000,39.820822,49.767208,0.008818,0.000000,0.000000,40.072626,50.081956,0.008825,0.000000,0.000000,1.00e-06
1197,1.000,1.000,39.874710,49.834569,0.008818,0.000000,0.000000,40.073453,50.082990,0.008825,0.000000,0.000000,1.00e-06
1198,1.000,1.000,39.853868,49.808514,0.008820,0.000000,0.000000,40.075931,50.086086,0.008826,0.000000,0.000000,1.00e-06
1199,1.000,1.000,39.835770,49.785893,0.008818,0.000000,0.000000,40.076003,50.086176,0.008826,0.000000,0.000000,1.00e-06
1200,1.000,1.000,39.855330,49.810343,0.008818,0.000000,0.000000,40.075420,50.085449,0.008826,0.000000,0.000000,1.00e-06
1201,1.000,1.000,39.826156,49.773875,0.008820,0.000000,0.000000,40.077254,50.087741,0.008826,0.000000,0.000000,1.00e-06
1202,1.000,1.000,39.783384,49.720409,0.008820,0.000000,0.000000,40.076262,50.086499,0.008826,0.000000,0.000000,1.00e-06
1203,1.000,1.000,39.826141,49.773856,0.008820,0.000000,0.000000,40.075622,50.085701,0.008826,0.000000,0.000000,1.00e-06
1204,1.000,1.000,39.834907,49.784812,0.008820,0.000000,0.000000,40.072614,50.081940,0.008827,0.000000,0.000000,1.00e-06
1205,1.000,1.000,39.804552,49.746871,0.008817,0.000000,0.000000,40.071580,50.080647,0.008827,0.000000,0.000000,1.00e-06
1206,1.000,1.000,39.833436,49.782973,0.008821,0.000000,0.000000,40.071385,50.080404,0.008827,0.000000,0.000000,1.00e-06
1207,1.000,1.000,39.823458,49.770501,0.008821,0.000000,0.000000,40.071285,50.080279,0.008827,0.000000,0.000000,1.00e-06
1208,1.000,1.000,39.831486,49.780534,0.008822,0.000000,0.000000,40.073418,50.082944,0.008828,0.000000,0.000000,1.00e-06
1209,1.000,1.000,39.831544,49.780607,0.008822,0.000000,0.000000,40.074514,50.084312,0.008828,0.000000,0.000000,1.00e-06
1210,1.000,1.000,39.827388,49.775413,0.008821,0.000000,0.000000,40.074759,50.084620,0.008828,0.000000,0.000000,1.00e-06
1211,1.000,1.000,39.852889,49.807289,0.008821,0.000000,0.000000,40.074247,50.083979,0.008828,0.000000,0.000000,1.00e-06
1212,1.000,1.000,39.816610,49.761939,0.008822,0.000000,0.000000,40.074113,50.083812,0.008829,0.000000,0.000000,1.00e-06
1213,1.000,1.000,39.815081,49.760028,0.008822,0.000000,0.000000,40.074347,50.084103,0.008829,0.000000,0.000000,1.00e-06
1214,1.000,1.000,39.864974,49.822396,0.008822,0.000000,0.000000,40.071481,50.080522,0.008829,0.000000,0.000000,1.00e-06
1215,1.000,1.000,39.831404,49.780431,0.008822,0.000000,0.000000,40.071029,50.079956,0.008829,0.000000,0.000000,1.00e-06
1216,1.000,1.000,39.884123,49.846331,0.008821,0.000000,0.000000,40.071378,50.080391,0.008829,0.000000,0.000000,1.00e-06
1217,1.000,1.000,39.806725,49.749581,0.008824,0.000000,0.000000,40.071626,50.080702,0.008830,0.000000,0.000000,1.00e-06
1218,1.000,1.000,39.825807,49.773434,0.008824,0.000000,0.000000,40.071898,50.081042,0.008830,0.000000,0.000000,1.00e-06
1219,1.000,1.000,39.820822,49.767202,0.008825,0.000000,0.000000,40.074862,50.084747,0.008830,0.000000,0.000000,1.00e-06
1220,1.000,1.000,39.817032,49.762464,0.008824,0.000000,0.000000,40.076689,50.087029,0.008830,0.000000,0.000000,1.00e-06
1221,1.000,1.000,39.825153,49.772616,0.008824,0.000000,0.000000,40.078937,50.089840,0.008831,0.000000,0.000000,1.00e-06
1222,1.000,1.000,39.838953,49.789865,0.008826,0.000000,0.000000,40.077197,50.087666,0.008831,0.000000,0.000000,1.00e-06
1223,1.000,1.000,39.812615,49.756943,0.008825,0.000000,0.000000,40.076584,50.086899,0.008831,0.000000,0.000000,1.00e-06
1224,1.000,1.000,39.818602,49.764427,0.008824,0.000000,0.000000,40.076893,50.087284,0.008831,0.000000,0.000000,1.00e-06
1225,1.000,1.000,39.859111,49.815064,0.008824,0.000000,0.000000,40.077554,50.088111,0.008832,0.000000,0.000000,1.00e-06
1226,1.000,1.000,39.843864,49.796004,0.008825,0.000000,0.000000,40.077640,50.088217,0.008832,0.000000,0.000000,1.00e-06
1227,1.000,1.000,39.823588,49.770660,0.008824,0.000000,0.000000,40.080377,50.091638,0.008832,0.000000,0.000000,1.00e-06
1228,1.000,1.000,39.821936,49.768594,0.008825,0.000000,0.000000,40.082742,50.094594,0.008832,0.000000,0.000000,1.00e-06
1229,1.000,1.000,39.846369,49.799133,0.008827,0.000000,0.000000,40.083684,50.095772,0.008832,0.000000,0.000000,1.00e-06
1230,1.000,1.000,39.821098,49.767545,0.008826,0.000000,0.000000,40.082713,50.094556,0.008833,0.000000,0.000000,1.00e-06
1231,1.000,1.000,39.834347,49.784107,0.008826,0.000000,0.000000,40.084989,50.097401,0.008833,0.000000,0.000000,1.00e-06
1232,1.000,1.000,39.837404,49.787926,0.008827,0.000000,0.000000,40.084491,50.096778,0.008833,0.000000,0.000000,1.00e-06
1233,1.000,1.000,39.824274,49.771515,0.008826,0.000000,0.000000,40.084964,50.097369,0.008833,0.000000,0.000000,1.00e-06
1234,1.000,1.000,39.832798,49.782171,0.008825,0.000000,0.000000,40.085181,50.097642,0.008834,0.000000,0.000000,1.00e-06
1235,1.000,1.000,39.824607,49.771931,0.008826,0.000000,0.000000,40.087772,50.100880,0.008834,0.000000,0.000000,1.00e-06
1236,1.000,1.000,39.846249,49.798983,0.008828,0.000000,0.000000,40.087267,50.100249,0.008834,0.000000,0.000000,1.00e-06
1237,1.000,1.000,39.855672,49.810764,0.008825,0.000000,0.000000,40.084804,50.097170,0.008835,0.000000,0.000000,1.00e-06
1238,1.000,1.000,39.851341,49.805347,0.008829,0.000000,0.000000,40.083045,50.094971,0.008835,0.000000,0.000000,1.00e-06
1239,1.000,1.000,39.858061,49.813748,0.008828,0.000000,0.000000,40.086917,50.099811,0.008836,0.000000,0.000000,1.00e-06
1240,1.000,1.000,39.846649,49.799482,0.008829,0.000000,0.000000,40.089030,50.102451,0.008836,0.000000,0.000000,1.00e-06
1241,1.000,1.000,39.828438,49.776718,0.008829,0.000000,0.000000,40.088588,50.101899,0.008836,0.000000,0.000000,1.00e-06
1242,1.000,1.000,39.811099,49.755046,0.008827,0.000000,0.000000,40.086692,50.099530,0.008836,0.000000,0.000000,1.00e-06
1243,1.000,1.000,39.864843,49.822224,0.008829,0.000000,0.000000,40.084636,50.096958,0.008837,0.000000,0.000000,1.00e-06
1244,1.000,1.000,39.823564,49.770624,0.008831,0.000000,0.000000,40.085144,50.097592,0.008837,0.000000,0.000000,1.00e-06
1245,1.000,1.000,39.836748,49.787105,0.008828,0.000000,0.000000,40.085764,50.098366,0.008837,0.000000,0.000000,1.00e-06
1246,1.000,1.000,39.807570,49.750632,0.008829,0.000000,0.000000,40.082837,50.094709,0.008837,0.000000,0.000000,1.00e-06
1247,1.000,1.000,39.837503,49.788047,0.008831,0.000000,0.000000,40.083035,50.094955,0.008837,0.000000,0.000000,1.00e-06
1248,1.000,1.000,39.866597,49.824415,0.008830,0.000000,0.000000,40.083666,50.095743,0.008837,0.000000,0.000000,1.00e-06
1249,1.000,1.000,39.867995,49.826162,0.008831,0.000000,0.000000,40.083630,50.095697,0.008838,0.000000,0.000000,1.00e-06
1250,1.000,1.000,39.849578,49.803141,0.008832,0.000000,0.000000,40.086143,50.098838,0.008838,0.000000,0.000000,1.00e-06
1251,1.000,1.000,39.849005,49.802423,0.008832,0.000000,0.000000,40.084620,50.096936,0.008838,0.000000,0.000000,1.00e-06
1252,1.000,1.000,39.823941,49.771096,0.008830,0.000000,0.000000,40.084823,50.097189,0.008838,0.000000,0.000000,1.00e-06
1253,1.000,1.000,39.857372,49.812882,0.008832,0.000000,0.000000,40.085302,50.097788,0.008839,0.000000,0.000000,1.00e-06
1254,1.000,1.000,39.818600,49.764417,0.008833,0.000000,0.000000,40.084982,50.097388,0.008839,0.000000,0.000000,1.00e-06
1255,1.000,1.000,39.841954,49.793610,0.008831,0.000000,0.000000,40.081960,50.093610,0.008839,0.000000,0.000000,1.00e-06
1256,1.000,1.000,39.835821,49.785942,0.008832,0.000000,0.000000,40.083401,50.095411,0.008839,0.000000,0.000000,1.00e-06
1257,1.000,1.000,39.825141,49.772593,0.008832,0.000000,0.000000,40.084531,50.096824,0.008840,0.000000,0.000000,1.00e-06
1258,1.000,1.000,39.820850,49.767229,0.008832,0.000000,0.000000,40.086160,50.098861,0.008840,0.000000,0.000000,1.00e-06
1259,1.000,1.000,39.819381,49.765393,0.008833,0.000000,0.000000,40.085514,50.098052,0.008840,0.000000,0.000000,1.00e-06
1260,1.000,1.000,39.816548,49.761852,0.008833,0.000000,0.000000,40.083392,50.095398,0.008840,0.000000,0.000000,1.00e-06
1261,1.000,1.000,39.841810,49.793429,0.008833,0.000000,0.000000,40.083394,50.095401,0.008840,0.000000,0.000000,1.00e-06
1262,1.000,1.000,39.840798,49.792165,0.008833,0.000000,0.000000,40.083076,50.095003,0.008840,0.000000,0.000000,1.00e-06
1263,1.000,1.000,39.886958,49.849865,0.008832,0.000000,0.000000,40.081827,50.093442,0.008841,0.000000,0.000000,1.00e-06
1264,1.000,1.000,39.844689,49.797025,0.008835,0.000000,0.000000,40.081602,50.093161,0.008841,0.000000,0.000000,1.00e-06
1265,1.000,1.000,39.800451,49.741729,0.008833,0.000000,0.000000,40.081550,50.093095,0.008841,0.000000,0.000000,1.00e-06
1266,1.000,1.000,39.825810,49.773428,0.008834,0.000000,0.000000,40.084561,50.096859,0.008841,0.000000,0.000000,1.00e-06
1267,1.000,1.000,39.823663,49.770746,0.008831,0.000000,0.000000,40.087913,50.101048,0.008842,0.000000,0.000000,1.00e-06
1268,1.000,1.000,39.820550,49.766851,0.008836,0.000000,0.000000,40.088845,50.102213,0.008842,0.000000,0.000000,1.00e-06
1269,1.000,1.000,39.803358,49.745362,0.008835,0.000000,0.000000,40.092458,50.106728,0.008842,0.000000,0.000000,1.00e-06
1270,1.000,1.000,39.835362,49.785367,0.008834,0.000000,0.000000,40.093109,50.107543,0.008843,0.000000,0.000000,1.00e-06
1271,1.000,1.000,39.852797,49.807159,0.008835,0.000000,0.000000,40.090936,50.104826,0.008843,0.000000,0.000000,1.00e-06
1272,1.000,1.000,39.835161,49.785114,0.008837,0.000000,0.000000,40.090772,50.104621,0.008843,0.000000,0.000000,1.00e-06
1273,1.000,1.000,39.823840,49.770962,0.008837,0.000000,0.000000,40.087822,50.100934,0.008844,0.000000,0.000000,1.00e-06
1274,1.000,1.000,39.807366,49.750369,0.008836,0.000000,0.000000,40.088198,50.101402,0.008844,0.000000,0.000000,1.00e-06
1275,1.000,1.000,39.834436,49.784207,0.008837,0.000000,0.000000,40.087093,50.100022,0.008844,0.000000,0.000000,1.00e-06
1276,1.000,1.000,39.823165,49.770118,0.008837,0.000000,0.000000,40.087065,50.099985,0.008844,0.000000,0.000000,1.00e-06
1277,1.000,1.000,39.813153,49.757604,0.008837,0.000000,0.000000,40.085329,50.097816,0.008844,0.000000,0.000000,1.00e-06
1278,1.000,1.000,39.826177,49.773884,0.008836,0.000000,0.000000,40.086243,50.098957,0.008845,0.000000,0.000000,1.00e-06
1279,1.000,1.000,39.802828,49.744699,0.008835,0.000000,0.000000,40.085492,50.098020,0.008845,0.000000,0.000000,1.00e-06
1280,1.000,1.000,39.812920,49.757312,0.008837,0.000000,0.000000,40.084827,50.097187,0.008845,0.000000,0.000000,1.00e-06
1281,1.000,1.000,39.818279,49.764009,0.008838,0.000000,0.000000,40.085354,50.097846,0.008845,0.000000,0.000000,1.00e-06
1282,1.000,1.000,39.821373,49.767877,0.008839,0.000000,0.000000,40.087309,50.100288,0.008846,0.000000,0.000000,1.00e-06
1283,1.000,1.000,39.827121,49.775062,0.008838,0.000000,0.000000,40.087129,50.100064,0.008846,0.000000,0.000000,1.00e-06
1284,1.000,1.000,39.799060,49.739985,0.008840,0.000000,0.000000,40.088395,50.101645,0.008846,0.000000,0.000000,1.00e-06
1285,1.000,1.000,39.797390,49.737899,0.008837,0.000000,0.000000,40.088707,50.102036,0.008846,0.000000,0.000000,1.00e-06
1286,1.000,1.000,39.847234,49.800204,0.008838,0.000000,0.000000,40.088002,50.101155,0.008846,0.000000,0.000000,1.00e-06
1287,1.000,1.000,39.811267,49.755244,0.008838,0.000000,0.000000,40.090067,50.103735,0.008847,0.000000,0.000000,1.00e-06
1288,1.000,1.000,39.817875,49.763502,0.008841,0.000000,0.000000,40.089995,50.103645,0.008847,0.000000,0.000000,1.00e-06
1289,1.000,1.000,39.797134,49.737576,0.008840,0.000000,0.000000,40.090896,50.104771,0.008847,0.000000,0.000000,1.00e-06
1290,1.000,1.000,39.831979,49.781133,0.008839,0.000000,0.000000,40.091310,50.105289,0.008847,0.000000,0.000000,1.00e-06
1291,1.000,1.000,39.825414,49.772928,0.008839,0.000000,0.000000,40.088910,50.102289,0.008847,0.000000,0.000000,1.00e-06
1292,1.000,1.000,39.824210,49.771422,0.008839,0.000000,0.000000,40.086718,50.099548,0.008847,0.000000,0.000000,1.00e-06
1293,1.000,1.000,39.816272,49.761498,0.008841,0.000000,0.000000,40.089416,50.102921,0.008848,0.000000,0.000000,1.00e-06
1294,1.000,1.000,39.816432,49.761701,0.008839,0.000000,0.000000,40.091005,50.104908,0.008848,0.000000,0.000000,1.00e-06
1295,1.000,1.000,39.811416,49.755429,0.008841,0.000000,0.000000,40.094823,50.109680,0.008849,0.000000,0.000000,1.00e-06
1296,1.000,1.000,39.823255,49.770227,0.008841,0.000000,0.000000,40.098334,50.114067,0.008849,0.000000,0.000000,1.00e-06
1297,1.000,1.000,39.810047,49.753717,0.008840,0.000000,0.000000,40.100909,50.117286,0.008849,0.000000,0.000000,1.00e-06
1298,1.000,1.000,39.839097,49.790028,0.008842,0.000000,0.000000,40.101400,50.117899,0.008850,0.000000,0.000000,1.00e-06
1299,1.000,1.000,39.833158,49.782605,0.008842,0.000000,0.000000,40.102541,50.119324,0.008850,0.000000,0.000000,1.00e-06
1300,1.000,1.000,39.809733,49.753323,0.008843,0.000000,0.000000,40.099794,50.115891,0.008850,0.000000,0.000000,1.00e-06
1301,1.000,1.000,39.813713,49.758298,0.008843,0.000000,0.000000,40.097371,50.112863,0.008850,0.000000,0.000000,1.00e-06
1302,1.000,1.000,39.825681,49.773258,0.008842,0.000000,0.000000,40.098138,50.113820,0.008850,0.000000,0.000000,1.00e-06
1303,1.000,1.000,39.816703,49.762035,0.008842,0.000000,0.000000,40.098952,50.114839,0.008850,0.000000,0.000000,1.00e-06
1304,1.000,1.000,39.838089,49.788767,0.008843,0.000000,0.000000,40.098597,50.114395,0.008851,0.000000,0.000000,1.00e-06
1305,1.000,1.000,39.813268,49.757740,0.008844,0.000000,0.000000,40.099095,50.115018,0.008851,0.000000,0.000000,1.00e-06
1306,1.000,1.000,39.773821,49.708431,0.008844,0.000000,0.000000,40.098806,50.114655,0.008851,0.000000,0.000000,1.00e-06
1307,1.000,1.000,39.843502,49.795532,0.008844,0.000000,0.000000,40.097672,50.113238,0.008851,0.000000,0.000000,1.00e-06
1308,1.000,1.000,39.856304,49.811535,0.008844,0.000000,0.000000,40.096854,50.112216,0.008852,0.000000,0.000000,1.00e-06
1309,1.000,1.000,39.830647,49.779463,0.008845,0.000000,0.000000,40.099182,50.115127,0.008852,0.000000,0.000000,1.00e-06
1310,1.000,1.000,39.783691,49.720767,0.008846,0.000000,0.000000,40.099391,50.115386,0.008852,0.000000,0.000000,1.00e-06
1311,1.000,1.000,39.862176,49.818874,0.008845,0.000000,0.000000,40.100457,50.116719,0.008853,0.000000,0.000000,1.00e-06
1312,1.000,1.000,39.778217,49.713925,0.008845,0.000000,0.000000,40.102628,50.119431,0.008853,0.000000,0.000000,1.00e-06
1313,1.000,1.000,39.844696,49.797024,0.008845,0.000000,0.000000,40.104417,50.121668,0.008853,0.000000,0.000000,1.00e-06
1314,1.000,1.000,39.847196,49.800149,0.008845,0.000000,0.000000,40.104115,50.121287,0.008853,0.000000,0.000000,1.00e-06
1315,1.000,1.000,39.826008,49.773664,0.008844,0.000000,0.000000,40.106104,50.123775,0.008854,0.000000,0.000000,1.00e-06
1316,1.000,1.000,39.820939,49.767327,0.008845,0.000000,0.000000,40.107937,50.126065,0.008854,0.000000,0.000000,1.00e-06
1317,1.000,1.000,39.875527,49.835562,0.008846,0.000000,0.000000,40.106747,50.124578,0.008854,0.000000,0.000000,1.00e-06
1318,1.000,1.000,39.868539,49.826828,0.008845,0.000000,0.000000,40.107540,50.125569,0.008854,0.000000,0.000000,1.00e-06
1319,1.000,1.000,39.805584,49.748132,0.008846,0.000000,0.000000,40.106608,50.124406,0.008855,0.000000,0.000000,1.00e-06
1320,1.000,1.000,39.805856,49.748472,0.008847,0.000000,0.000000,40.109200,50.127644,0.008855,0.000000,0.000000,1.00e-06
1321,1.000,1.000,39.782440,49.719202,0.008847,0.000000,0.000000,40.110902,50.129771,0.008855,0.000000,0.000000,1.00e-06
1322,1.000,1.000,39.816004,49.761156,0.008848,0.000000,0.000000,40.111962,50.131098,0.008855,0.000000,0.000000,1.00e-06
1323,1.000,1.000,39.805027,49.747436,0.008847,0.000000,0.000000,40.113905,50.133525,0.008855,0.000000,0.000000,1.00e-06
1324,1.000,1.000,39.828536,49.776821,0.008848,0.000000,0.000000,40.115200,50.135143,0.008856,0.000000,0.000000,1.00e-06
1325,1.000,1.000,39.776848,49.712214,0.008845,0.000000,0.000000,40.116876,50.137239,0.008856,0.000000,0.000000,1.00e-06
1326,1.000,1.000,39.824913,49.772293,0.008847,0.000000,0.000000,40.116491,50.136757,0.008856,0.000000,0.000000,1.00e-06
1327,1.000,1.000,39.833037,49.782448,0.008848,0.000000,0.000000,40.115614,50.135661,0.008856,0.000000,0.000000,1.00e-06
1328,1.000,1.000,39.818308,49.764036,0.008848,0.000000,0.000000,40.118076,50.138740,0.008857,0.000000,0.000000,1.00e-06
1329,1.000,1.000,39.822365,49.769108,0.008848,0.000000,0.000000,40.118012,50.138659,0.008857,0.000000,0.000000,1.00e-06
1330,1.000,1.000,39.829776,49.778370,0.008848,0.000000,0.000000,40.119771,50.140856,0.008857,0.000000,0.000000,1.00e-06
1331,1.000,1.000,39.811740,49.755824,0.008850,0.000000,0.000000,40.127240,50.150192,0.008857,0.000000,0.000000,1.00e-06
1332,1.000,1.000,39.814054,49.758717,0.008850,0.000000,0.000000,40.133111,50.157529,0.008858,0.000000,0.000000,1.00e-06
1333,1.000,1.000,39.810163,49.753856,0.008847,0.000000,0.000000,40.135875,50.160985,0.008858,0.000000,0.000000,1.00e-06
1334,1.000,1.000,39.819780,49.765874,0.008850,0.000000,0.000000,40.134338,50.159063,0.008858,0.000000,0.000000,1.00e-06
1335,1.000,1.000,39.817004,49.762405,0.008849,0.000000,0.000000,40.131476,50.155485,0.008858,0.000000,0.000000,1.00e-06
1336,1.000,1.000,39.841158,49.792597,0.008849,0.000000,0.000000,40.132914,50.157284,0.008858,0.000000,0.000000,1.00e-06
1337,1.000,1.000,39.791316,49.730294,0.008849,0.000000,0.000000,40.134732,50.159554,0.008859,0.000000,0.000000,1.00e-06
1338,1.000,1.000,39.857566,49.813108,0.008849,0.000000,0.000000,40.129770,50.153353,0.008859,0.000000,0.000000,1.00e-06
1339,1.000,1.000,39.832810,49.782160,0.008851,0.000000,0.000000,40.128434,50.151682,0.008859,0.000000,0.000000,1.00e-06
1340,1.000,1.000,39.811068,49.754986,0.008849,0.000000,0.000000,40.128983,50.152369,0.008860,0.000000,0.000000,1.00e-06
1341,1.000,1.000,39.837202,49.787650,0.008851,0.000000,0.000000,40.131783,50.155868,0.008860,0.000000,0.000000,1.00e-06
1342,1.000,1.000,39.845524,49.798055,0.008850,0.000000,0.000000,40.133051,50.157454,0.008860,0.000000,0.000000,1.00e-06
1343,1.000,1.000,39.813500,49.758023,0.008851,0.000000,0.000000,40.128659,50.151964,0.008860,0.000000,0.000000,1.00e-06
1344,1.000,1.000,39.820567,49.766856,0.008852,0.000000,0.000000,40.126025,50.148671,0.008861,0.000000,0.000000,1.00e-06
1345,1.000,1.000,39.823521,49.770548,0.008852,0.000000,0.000000,40.126009,50.148651,0.008861,0.000000,0.000000,1.00e-06
1346,1.000,1.000,39.815548,49.760583,0.008851,0.000000,0.000000,40.124784,50.147120,0.008861,0.000000,0.000000,1.00e-06
1347,1.000,1.000,39.837511,49.788036,0.008852,0.000000,0.000000,40.123484,50.145494,0.008861,0.000000,0.000000,1.00e-06
1348,1.000,1.000,39.794440,49.734196,0.008853,0.000000,0.000000,40.126261,50.148965,0.008862,0.000000,0.000000,1.00e-06
1349,1.000,1.000,39.809583,49.753124,0.008853,0.000000,0.000000,40.127627,50.150671,0.008862,0.000000,0.000000,1.00e-06
1350,1.000,1.000,39.834702,49.784524,0.008853,0.000000,0.000000,40.127438,50.150434,0.008862,0.000000,0.000000,1.00e-06
1351,1.000,1.000,39.817730,49.763308,0.008853,0.000000,0.000000,40.128595,50.151880,0.008862,0.000000,0.000000,1.00e-06
1352,1.000,1.000,39.829286,49.777753,0.008853,0.000000,0.000000,40.129995,50.153629,0.008862,0.000000,0.000000,1.00e-06
1353,1.000,1.000,39.839447,49.790455,0.008852,0.000000,0.000000,40.126456,50.149206,0.008863,0.000000,0.000000,1.00e-06
1354,1.000,1.000,39.808429,49.751682,0.008854,0.000000,0.000000,40.126185,50.148868,0.008863,0.000000,0.000000,1.00e-06
1355,1.000,1.000,39.818348,49.764081,0.008854,0.000000,0.000000,40.124396,50.146631,0.008863,0.000000,0.000000,1.00e-06
1356,1.000,1.000,39.814694,49.759513,0.008853,0.000000,0.000000,40.130212,50.153900,0.008863,0.000000,0.000000,1.00e-06
1357,1.000,1.000,39.808582,49.751874,0.008853,0.000000,0.000000,40.129089,50.152498,0.008864,0.000000,0.000000,1.00e-06
1358,1.000,1.000,39.854964,49.809849,0.008854,0.000000,0.000000,40.127142,50.150062,0.008864,0.000000,0.000000,1.00e-06
1359,1.000,1.000,39.836196,49.786391,0.008853,0.000000,0.000000,40.124913,50.147276,0.008864,0.000000,0.000000,1.00e-06
1360,1.000,1.000,39.817590,49.763132,0.008855,0.000000,0.000000,40.121409,50.142897,0.008864,0.000000,0.000000,1.00e-06
1361,1.000,1.000,39.807247,49.750203,0.008855,0.000000,0.000000,40.118797,50.139631,0.008865,0.000000,0.000000,1.00e-06
1362,1.000,1.000,39.806486,49.749251,0.008855,0.000000,0.000000,40.118031,50.138673,0.008865,0.000000,0.000000,1.00e-06
1363,1.000,1.000,39.851017,49.804914,0.008857,0.000000,0.000000,40.117412,50.137899,0.008865,0.000000,0.000000,1.00e-06
1364,1.000,1.000,39.798971,49.739855,0.008857,0.000000,0.000000,40.117386,50.137867,0.008865,0.000000,0.000000,1.00e-06
1365,1.000,1.000,39.834629,49.784430,0.008855,0.000000,0.000000,40.117577,50.138105,0.008865,0.000000,0.000000,1.00e-06
1366,1.000,1.000,39.797771,49.738356,0.008857,0.000000,0.000000,40.114193,50.133875,0.008866,0.000000,0.000000,1.00e-06
1367,1.000,1.000,39.859563,49.815596,0.008857,0.000000,0.000000,40.113576,50.133103,0.008866,0.000000,0.000000,1.00e-06
1368,1.000,1.000,39.810813,49.754659,0.008856,0.000000,0.000000,40.111692,50.130749,0.008866,0.000000,0.000000,1.00e-06
1369,1.000,1.000,39.845057,49.797464,0.008857,0.000000,0.000000,40.112014,50.131148,0.008866,0.000000,0.000000,1.00e-06
1370,1.000,1.000,39.801174,49.742609,0.008858,0.000000,0.000000,40.110651,50.129445,0.008867,0.000000,0.000000,1.00e-06
1371,1.000,1.000,39.835820,49.785917,0.008857,0.000000,0.000000,40.113095,50.132502,0.008867,0.000000,0.000000,1.00e-06
1372,1.000,1.000,39.832577,49.781861,0.008859,0.000000,0.000000,40.111614,50.130649,0.008867,0.000000,0.000000,1.00e-06
1373,1.000,1.000,39.869740,49.828314,0.008860,0.000000,0.000000,40.110780,50.129605,0.008867,0.000000,0.000000,1.00e-06
1374,1.000,1.000,39.813407,49.757901,0.008856,0.000000,0.000000,40.111973,50.131097,0.008868,0.000000,0.000000,1.00e-06
1375,1.000,1.000,39.837180,49.787617,0.008857,0.000000,0.000000,40.114839,50.134680,0.008868,0.000000,0.000000,1.00e-06
1376,1.000,1.000,39.824685,49.771999,0.008857,0.000000,0.000000,40.115489,50.135493,0.008868,0.000000,0.000000,1.00e-06
1377,1.000,1.000,39.842849,49.794702,0.008858,0.000000,0.000000,40.114342,50.134057,0.008868,0.000000,0.000000,1.00e-06
1378,1.000,1.000,39.829162,49.777592,0.008859,0.000000,0.000000,40.118913,50.139771,0.008869,0.000000,0.000000,1.00e-06
1379,1.000,1.000,39.831412,49.780404,0.008860,0.000000,0.000000,40.122296,50.144000,0.008869,0.000000,0.000000,1.00e-06
1380,1.000,1.000,39.811139,49.755065,0.008858,0.000000,0.000000,40.121305,50.142761,0.008869,0.000000,0.000000,1.00e-06
1381,1.000,1.000,39.778912,49.714782,0.008858,0.000000,0.000000,40.123413,50.145397,0.008869,0.000000,0.000000,1.00e-06
1382,1.000,1.000,39.800520,49.741787,0.008861,0.000000,0.000000,40.122133,50.143798,0.008870,0.000000,0.000000,1.00e-06
1383,1.000,1.000,39.794035,49.733682,0.008861,0.000000,0.000000,40.118864,50.139711,0.008870,0.000000,0.000000,1.00e-06
1384,1.000,1.000,39.791617,49.730660,0.008860,0.000000,0.000000,40.121114,50.142523,0.008870,0.000000,0.000000,1.00e-06
1385,1.000,1.000,39.825566,49.773097,0.008859,0.000000,0.000000,40.121287,50.142737,0.008870,0.000000,0.000000,1.00e-06
1386,1.000,1.000,39.800283,49.741493,0.008860,0.000000,0.000000,40.122854,50.144696,0.008870,0.000000,0.000000,1.00e-06
1387,1.000,1.000,39.852656,49.806961,0.008859,0.000000,0.000000,40.124426,50.146660,0.008871,0.000000,0.000000,1.00e-06
1388,1.000,1.000,39.802872,49.744728,0.008861,0.000000,0.000000,40.126692,50.149492,0.008871,0.000000,0.000000,1.00e-06
1389,1.000,1.000,39.815650,49.760700,0.008861,0.000000,0.000000,40.131330,50.155290,0.008871,0.000000,0.000000,1.00e-06
1390,1.000,1.000,39.802380,49.744112,0.008862,0.000000,0.000000,40.134972,50.159842,0.008872,0.000000,0.000000,1.00e-06
1391,1.000,1.000,39.792140,49.731312,0.008862,0.000000,0.000000,40.135047,50.159935,0.008872,0.000000,0.000000,1.00e-06
1392,1.000,1.000,39.813765,49.758343,0.008862,0.000000,0.000000,40.137327,50.162786,0.008872,0.000000,0.000000,1.00e-06
1393,1.000,1.000,39.830037,49.778683,0.008862,0.000000,0.000000,40.133463,50.157956,0.008872,0.000000,0.000000,1.00e-06
1394,1.000,1.000,39.845514,49.798031,0.008861,0.000000,0.000000,40.136229,50.161412,0.008873,0.000000,0.000000,1.00e-06
1395,1.000,1.000,39.831981,49.781113,0.008862,0.000000,0.000000,40.133368,50.157838,0.008873,0.000000,0.000000,1.00e-06
1396,1.000,1.000,39.806879,49.749735,0.008862,0.000000,0.000000,40.136388,50.161611,0.008873,0.000000,0.000000,1.00e-06
1397,1.000,1.000,39.860608,49.816895,0.008864,0.000000,0.000000,40.139768,50.165836,0.008873,0.000000,0.000000,1.00e-06
1398,1.000,1.000,39.822367,49.769096,0.008863,0.000000,0.000000,40.140271,50.166465,0.008874,0.000000,0.000000,1.00e-06
1399,1.000,1.000,39.827872,49.775976,0.008864,0.000000,0.000000,40.142153,50.168817,0.008874,0.000000,0.000000,1.00e-06
1400,1.000,1.000,39.792295,49.731505,0.008863,0.000000,0.000000,40.140050,50.166189,0.008874,0.000000,0.000000,1.00e-06
1401,1.000,1.000,39.770420,49.704162,0.008862,0.000000,0.000000,40.137249,50.162688,0.008874,0.000000,0.000000,1.00e-06
1402,1.000,1.000,39.788456,49.726705,0.008864,0.000000,0.000000,40.140668,50.166959,0.008874,0.000000,0.000000,1.00e-06
1403,1.000,1.000,39.826305,49.774015,0.008865,0.000000,0.000000,40.137915,50.163518,0.008874,0.000000,0.000000,1.00e-06
1404,1.000,1.000,39.798532,49.739299,0.008865,0.000000,0.000000,40.140474,50.166718,0.008875,0.000000,0.000000,1.00e-06
1405,1.000,1.000,39.813553,49.758075,0.008865,0.000000,0.000000,40.141329,50.167785,0.008875,0.000000,0.000000,1.00e-06
1406,1.000,1.000,39.817226,49.762667,0.008864,0.000000,0.000000,40.142908,50.169758,0.008875,0.000000,0.000000,1.00e-06
1407,1.000,1.000,39.833484,49.782989,0.008866,0.000000,0.000000,40.141972,50.168587,0.008875,0.000000,0.000000,1.00e-06
1408,1.000,1.000,39.803292,49.745250,0.008863,0.000000,0.000000,40.138328,50.164033,0.008876,0.000000,0.000000,1.00e-06
1409,1.000,1.000,39.825227,49.772668,0.008865,0.000000,0.000000,40.134674,50.159467,0.008876,0.000000,0.000000,1.00e-06
1410,1.000,1.000,39.795130,49.735045,0.008867,0.000000,0.000000,40.131476,50.155468,0.008876,0.000000,0.000000,1.00e-06
1411,1.000,1.000,39.834406,49.784141,0.008865,0.000000,0.000000,40.134671,50.159460,0.008876,0.000000,0.000000,1.00e-06
1412,1.000,1.000,39.839144,49.790064,0.008865,0.000000,0.000000,40.137536,50.163043,0.008877,0.000000,0.000000,1.00e-06
1413,1.000,1.000,39.822615,49.769404,0.008865,0.000000,0.000000,40.141647,50.168180,0.008877,0.000000,0.000000,1.00e-06
1414,1.000,1.000,39.848354,49.801575,0.008866,0.000000,0.000000,40.144586,50.171855,0.008877,0.000000,0.000000,1.00e-06
1415,1.000,1.000,39.814386,49.759113,0.008869,0.000000,0.000000,40.139943,50.166051,0.008877,0.000000,0.000000,1.00e-06
1416,1.000,1.000,39.833544,49.783062,0.008866,0.000000,0.000000,40.138382,50.164099,0.008877,0.000000,0.000000,1.00e-06
1417,1.000,1.000,39.823412,49.770396,0.008867,0.000000,0.000000,40.134170,50.158834,0.008877,0.000000,0.000000,1.00e-06
1418,1.000,1.000,39.827180,49.775107,0.008867,0.000000,0.000000,40.136912,50.162263,0.008878,0.000000,0.000000,1.00e-06
1419,1.000,1.000,39.813926,49.758541,0.008866,0.000000,0.000000,40.133924,50.158526,0.008878,0.000000,0.000000,1.00e-06
1420,1.000,1.000,39.797906,49.738513,0.008867,0.000000,0.000000,40.132313,50.156511,0.008878,0.000000,0.000000,1.00e-06
1421,1.000,1.000,39.835571,49.785595,0.008868,0.000000,0.000000,40.132461,50.156695,0.008878,0.000000,0.000000,1.00e-06
1422,1.000,1.000,39.798380,49.739108,0.008866,0.000000,0.000000,40.136279,50.161468,0.008879,0.000000,0.000000,1.00e-06
1423,1.000,1.000,39.819459,49.765455,0.008868,0.000000,0.000000,40.132124,50.156274,0.008879,0.000000,0.000000,1.00e-06
1424,1.000,1.000,39.804994,49.747373,0.008868,0.000000,0.000000,40.133995,50.158613,0.008879,0.000000,0.000000,1.00e-06
1425,1.000,1.000,39.803429,49.745416,0.008869,0.000000,0.000000,40.130940,50.154795,0.008879,0.000000,0.000000,1.00e-06
1426,1.000,1.000,39.848723,49.802033,0.008870,0.000000,0.000000,40.130955,50.154812,0.008879,0.000000,0.000000,1.00e-06
1427,1.000,1.000,39.837653,49.788196,0.008869,0.000000,0.000000,40.132778,50.157092,0.008880,0.000000,0.000000,1.00e-06
1428,1.000,1.000,39.799270,49.740218,0.008869,0.000000,0.000000,40.132403,50.156625,0.008880,0.000000,0.000000,1.00e-06
1429,1.000,1.000,39.817001,49.762380,0.008870,0.000000,0.000000,40.133519,50.158018,0.008880,0.000000,0.000000,1.00e-06
1430,1.000,1.000,39.810331,49.754042,0.008870,0.000000,0.000000,40.137174,50.162584,0.008881,0.000000,0.000000,1.00e-06
1431,1.000,1.000,39.823244,49.770184,0.008870,0.000000,0.000000,40.138868,50.164704,0.008881,0.000000,0.000000,1.00e-06
1432,1.000,1.000,39.792397,49.731627,0.008868,0.000000,0.000000,40.140689,50.166980,0.008881,0.000000,0.000000,1.00e-06
1433,1.000,1.000,39.824592,49.771867,0.008871,0.000000,0.000000,40.139926,50.166026,0.008881,0.000000,0.000000,1.00e-06
1434,1.000,1.000,39.852564,49.806833,0.008872,0.000000,0.000000,40.138578,50.164341,0.008882,0.000000,0.000000,1.00e-06
1435,1.000,1.000,39.833303,49.782758,0.008869,0.000000,0.000000,40.139963,50.166071,0.008882,0.000000,0.000000,1.00e-06
1436,1.000,1.000,39.815043,49.759934,0.008870,0.000000,0.000000,40.140751,50.167055,0.008883,0.000000,0.000000,1.00e-06
1437,1.000,1.000,39.830909,49.779764,0.008872,0.000000,0.000000,40.144706,50.171999,0.008883,0.000000,0.000000,1.00e-06
1438,1.000,1.000,39.816686,49.761984,0.008872,0.000000,0.000000,40.149946,50.178547,0.008883,0.000000,0.000000,1.00e-06
1439,1.000,1.000,39.813782,49.758355,0.008872,0.000000,0.000000,40.153319,50.182765,0.008884,0.000000,0.000000,1.00e-06
1440,1.000,1.000,39.808643,49.751932,0.008871,0.000000,0.000000,40.151031,50.179904,0.008884,0.000000,0.000000,1.00e-06
1441,1.000,1.000,39.805852,49.748442,0.008873,0.000000,0.000000,40.150135,50.178784,0.008884,0.000000,0.000000,1.00e-06
1442,1.000,1.000,39.824380,49.771601,0.008873,0.000000,0.000000,40.149962,50.178568,0.008884,0.000000,0.000000,1.00e-06
1443,1.000,1.000,39.800789,49.742114,0.008872,0.000000,0.000000,40.154754,50.184555,0.008884,0.000000,0.000000,1.00e-06
1444,1.000,1.000,39.823694,49.770743,0.008873,0.000000,0.000000,40.160872,50.192204,0.008885,0.000000,0.000000,1.00e-06
1445,1.000,1.000,39.825202,49.772629,0.008872,0.000000,0.000000,40.158183,50.188843,0.008885,0.000000,0.000000,1.00e-06
1446,1.000,1.000,39.815553,49.760567,0.008874,0.000000,0.000000,40.152334,50.181532,0.008885,0.000000,0.000000,1.00e-06
1447,1.000,1.000,39.804357,49.746572,0.008872,0.000000,0.000000,40.154313,50.184006,0.008885,0.000000,0.000000,1.00e-06
1448,1.000,1.000,39.800833,49.742168,0.008872,0.000000,0.000000,40.149308,50.177748,0.008885,0.000000,0.000000,1.00e-06
1449,1.000,1.000,39.810314,49.754018,0.008873,0.000000,0.000000,40.146301,50.173991,0.008885,0.000000,0.000000,1.00e-06
1450,1.000,1.000,39.830471,49.779213,0.008874,0.000000,0.000000,40.145432,50.172904,0.008885,0.000000,0.000000,1.00e-06
1451,1.000,1.000,39.810224,49.753904,0.008875,0.000000,0.000000,40.144071,50.171203,0.008886,0.000000,0.000000,1.00e-06
1452,1.000,1.000,39.819300,49.765249,0.008875,0.000000,0.000000,40.143021,50.169888,0.008886,0.000000,0.000000,1.00e-06
1453,1.000,1.000,39.796883,49.737228,0.008875,0.000000,0.000000,40.143766,50.170822,0.008886,0.000000,0.000000,1.00e-06
1454,1.000,1.000,39.816544,49.761804,0.008876,0.000000,0.000000,40.145501,50.172991,0.008887,0.000000,0.000000,1.00e-06
1455,1.000,1.000,39.794041,49.733673,0.008877,0.000000,0.000000,40.144826,50.172145,0.008887,0.000000,0.000000,1.00e-06
1456,1.000,1.000,39.827027,49.774907,0.008876,0.000000,0.000000,40.138250,50.163926,0.008887,0.000000,0.000000,1.00e-06
1457,1.000,1.000,39.796659,49.736948,0.008875,0.000000,0.000000,40.138121,50.163764,0.008887,0.000000,0.000000,1.00e-06
1458,1.000,1.000,39.818823,49.764652,0.008877,0.000000,0.000000,40.141356,50.167807,0.008888,0.000000,0.000000,1.00e-06
1459,1.000,1.000,39.828900,49.777249,0.008875,0.000000,0.000000,40.142686,50.169467,0.008888,0.000000,0.000000,1.00e-06
1460,1.000,1.000,39.842937,49.794795,0.008875,0.000000,0.000000,40.141905,50.168490,0.008888,0.000000,0.000000,1.00e-06
1461,1.000,1.000,39.794121,49.733774,0.008876,0.000000,0.000000,40.143200,50.170110,0.008888,0.000000,0.000000,1.00e-06
1462,1.000,1.000,39.847895,49.800991,0.008877,0.000000,0.000000,40.136484,50.161716,0.008888,0.000000,0.000000,1.00e-06
1463,1.000,1.000,39.786729,49.724532,0.008879,0.000000,0.000000,40.137761,50.163311,0.008889,0.000000,0.000000,1.00e-06
1464,1.000,1.000,39.819180,49.765097,0.008876,0.000000,0.000000,40.138927,50.164768,0.008889,0.000000,0.000000,1.00e-06
1465,1.000,1.000,39.797466,49.737953,0.008878,0.000000,0.000000,40.139358,50.165306,0.008889,0.000000,0.000000,1.00e-06
1466,1.000,1.000,39.792022,49.731147,0.008879,0.000000,0.000000,40.137897,50.163481,0.008889,0.000000,0.000000,1.00e-06
1467,1.000,1.000,39.815284,49.760226,0.008877,0.000000,0.000000,40.137062,50.162437,0.008889,0.000000,0.000000,1.00e-06
1468,1.000,1.000,39.818560,49.764322,0.008876,0.000000,0.000000,40.134540,50.159285,0.008889,0.000000,0.000000,1.00e-06
1469,1.000,1.000,39.813578,49.758095,0.008877,0.000000,0.000000,40.130730,50.154523,0.008889,0.000000,0.000000,1.00e-06
1470,1.000,1.000,39.802786,49.744603,0.008879,0.000000,0.000000,40.128961,50.152309,0.008890,0.000000,0.000000,1.00e-06
1471,1.000,1.000,39.795278,49.735218,0.008879,0.000000,0.000000,40.132403,50.156614,0.008890,0.000000,0.000000,1.00e-06
1472,1.000,1.000,39.806348,49.749056,0.008878,0.000000,0.000000,40.135014,50.159877,0.008890,0.000000,0.000000,1.00e-06
1473,1.000,1.000,39.801661,49.743198,0.008878,0.000000,0.000000,40.136586,50.161842,0.008890,0.000000,0.000000,1.00e-06
1474,1.000,1.000,39.810532,49.754287,0.008878,0.000000,0.000000,40.138384,50.164088,0.008891,0.000000,0.000000,1.00e-06
1475,1.000,1.000,39.792264,49.731448,0.008881,0.000000,0.000000,40.140993,50.167350,0.008891,0.000000,0.000000,1.00e-06
1476,1.000,1.000,39.788067,49.726202,0.008881,0.000000,0.000000,40.145643,50.173162,0.008892,0.000000,0.000000,1.00e-06
1477,1.000,1.000,39.817352,49.762807,0.008881,0.000000,0.000000,40.150894,50.179723,0.008892,0.000000,0.000000,1.00e-06
1478,1.000,1.000,39.846569,49.799331,0.008880,0.000000,0.000000,40.146878,50.174706,0.008892,0.000000,0.000000,1.00e-06
1479,1.000,1.000,39.821436,49.767915,0.008879,0.000000,0.000000,40.149734,50.178273,0.008892,0.000000,0.000000,1.00e-06
1480,1.000,1.000,39.829826,49.778400,0.008881,0.000000,0.000000,40.154790,50.184593,0.008893,0.000000,0.000000,1.00e-06
1481,1.000,1.000,39.830937,49.779789,0.008881,0.000000,0.000000,40.163772,50.195819,0.008894,0.000000,0.000000,1.00e-06
1482,1.000,1.000,39.781376,49.717839,0.008881,0.000000,0.000000,40.163379,50.195329,0.008894,0.000000,0.000000,1.00e-06
1483,1.000,1.000,39.808066,49.751200,0.008881,0.000000,0.000000,40.163051,50.194919,0.008894,0.000000,0.000000,1.00e-06
1484,1.000,1.000,39.810476,49.754213,0.008881,0.000000,0.000000,40.156929,50.187265,0.008894,0.000000,0.000000,1.00e-06
1485,1.000,1.000,39.806939,49.749790,0.008882,0.000000,0.000000,40.153577,50.183076,0.008894,0.000000,0.000000,1.00e-06
1486,1.000,1.000,39.822779,49.769591,0.008882,0.000000,0.000000,40.153168,50.182566,0.008894,0.000000,0.000000,1.00e-06
1487,1.000,1.000,39.846435,49.799160,0.008882,0.000000,0.000000,40.151812,50.180870,0.008894,0.000000,0.000000,1.00e-06
1488,1.000,1.000,39.822148,49.768803,0.008881,0.000000,0.000000,40.151596,50.180600,0.008895,0.000000,0.000000,1.00e-06
1489,1.000,1.000,39.797871,49.738455,0.008883,0.000000,0.000000,40.151651,50.180669,0.008895,0.000000,0.000000,1.00e-06
1490,1.000,1.000,39.774795,49.709609,0.008884,0.000000,0.000000,40.151129,50.180016,0.008895,0.000000,0.000000,1.00e-06
1491,1.000,1.000,39.812792,49.757104,0.008884,0.000000,0.000000,40.152095,50.181223,0.008895,0.000000,0.000000,1.00e-06
1492,1.000,1.000,39.803453,49.745432,0.008884,0.000000,0.000000,40.152138,50.181277,0.008896,0.000000,0.000000,1.00e-06
1493,1.000,1.000,39.791261,49.730194,0.008881,0.000000,0.000000,40.148318,50.176501,0.008896,0.000000,0.000000,1.00e-06
1494,1.000,1.000,39.810447,49.754173,0.008885,0.000000,0.000000,40.147516,50.175497,0.008896,0.000000,0.000000,1.00e-06
1495,1.000,1.000,39.827399,49.775366,0.008883,0.000000,0.000000,40.147094,50.174969,0.008896,0.000000,0.000000,1.00e-06
1496,1.000,1.000,39.792539,49.731788,0.008884,0.000000,0.000000,40.146221,50.173880,0.008896,0.000000,0.000000,1.00e-06
1497,1.000,1.000,39.818925,49.764770,0.008885,0.000000,0.000000,40.148161,50.176304,0.008897,0.000000,0.000000,1.00e-06
1498,1.000,1.000,39.821569,49.768076,0.008884,0.000000,0.000000,40.145843,50.173406,0.008897,0.000000,0.000000,1.00e-06
1499,1.000,1.000,39.801801,49.743366,0.008885,0.000000,0.000000,40.146259,50.173924,0.008897,0.000000,0.000000,1.00e-06
1500,1.000,1.000,39.798071,49.738704,0.008885,0.000000,0.000000,40.145056,50.172421,0.008897,0.000000,0.000000,1.00e-06
1501,1.000,1.000,39.817444,49.762918,0.008886,0.000000,0.000000,40.140288,50.166463,0.008897,0.000000,0.000000,1.00e-06
1502,1.000,1.000,39.809557,49.753060,0.008885,0.000000,0.000000,40.138912,50.164742,0.008898,0.000000,0.000000,1.00e-06
1503,1.000,1.000,39.798308,49.739001,0.008883,0.000000,0.000000,40.138673,50.164441,0.008898,0.000000,0.000000,1.00e-06
1504,1.000,1.000,39.791101,49.729989,0.008886,0.000000,0.000000,40.138220,50.163877,0.008898,0.000000,0.000000,1.00e-06
1505,1.000,1.000,39.788437,49.726660,0.008886,0.000000,0.000000,40.139607,50.165610,0.008898,0.000000,0.000000,1.00e-06
1506,1.000,1.000,39.799976,49.741085,0.008884,0.000000,0.000000,40.137424,50.162880,0.008899,0.000000,0.000000,1.00e-06
1507,1.000,1.000,39.796083,49.736216,0.008887,0.000000,0.000000,40.136109,50.161238,0.008899,0.000000,0.000000,1.00e-06
1508,1.000,1.000,39.807087,49.749973,0.008885,0.000000,0.000000,40.137239,50.162649,0.008899,0.000000,0.000000,1.00e-06
1509,1.000,1.000,39.793200,49.732611,0.008888,0.000000,0.000000,40.134231,50.158889,0.008899,0.000000,0.000000,1.00e-06
1510,1.000,1.000,39.801058,49.742436,0.008886,0.000000,0.000000,40.135736,50.160769,0.008899,0.000000,0.000000,1.00e-06
1511,1.000,1.000,39.811289,49.755223,0.008887,0.000000,0.000000,40.135818,50.160873,0.008900,0.000000,0.000000,1.00e-06
1512,1.000,1.000,39.782306,49.718993,0.008888,0.000000,0.000000,40.137945,50.163530,0.008900,0.000000,0.000000,1.00e-06
1513,1.000,1.000,39.798159,49.738811,0.008887,0.000000,0.000000,40.141497,50.167970,0.008900,0.000000,0.000000,1.00e-06
1514,1.000,1.000,39.860619,49.816886,0.008887,0.000000,0.000000,40.147808,50.175858,0.008901,0.000000,0.000000,1.00e-06
1515,1.000,1.000,39.814008,49.758621,0.008888,0.000000,0.000000,40.153692,50.183212,0.008901,0.000000,0.000000,1.00e-06
1516,1.000,1.000,39.805384,49.747839,0.008890,0.000000,0.000000,40.153911,50.183484,0.008901,0.000000,0.000000,1.00e-06
1517,1.000,1.000,39.817483,49.762964,0.008889,0.000000,0.000000,40.154055,50.183666,0.008901,0.000000,0.000000,1.00e-06
1518,1.000,1.000,39.813165,49.757566,0.008889,0.000000,0.000000,40.154166,50.183805,0.008902,0.000000,0.000000,1.00e-06
1519,1.000,1.000,39.766312,49.699000,0.008889,0.000000,0.000000,40.147541,50.175524,0.008902,0.000000,0.000000,1.00e-06
1520,1.000,1.000,39.820836,49.767155,0.008889,0.000000,0.000000,40.145462,50.172925,0.008902,0.000000,0.000000,1.00e-06
1521,1.000,1.000,39.793492,49.732975,0.008889,0.000000,0.000000,40.144099,50.171221,0.008902,0.000000,0.000000,1.00e-06
1522,1.000,1.000,39.808218,49.751382,0.008889,0.000000,0.000000,40.141533,50.168013,0.008902,0.000000,0.000000,1.00e-06
1523,1.000,1.000,39.773526,49.708016,0.008890,0.000000,0.000000,40.140313,50.166489,0.008902,0.000000,0.000000,1.00e-06
1524,1.000,1.000,39.807775,49.750829,0.008890,0.000000,0.000000,40.139565,50.165553,0.008902,0.000000,0.000000,1.00e-06
1525,1.000,1.000,39.780977,49.717331,0.008890,0.000000,0.000000,40.143021,50.169872,0.008903,0.000000,0.000000,1.00e-06
1526,1.000,1.000,39.815862,49.760935,0.008891,0.000000,0.000000,40.143747,50.170781,0.008903,0.000000,0.000000,1.00e-06
1527,1.000,1.000,39.826848,49.774668,0.008892,0.000000,0.000000,40.144315,50.171490,0.008903,0.000000,0.000000,1.00e-06
1528,1.000,1.000,39.797588,49.738094,0.008891,0.000000,0.000000,40.148144,50.176275,0.008904,0.000000,0.000000,1.00e-06
1529,1.000,1.000,39.783115,49.720002,0.008891,0.000000,0.000000,40.152910,50.182232,0.008904,0.000000,0.000000,1.00e-06
1530,1.000,1.000,39.818923,49.764761,0.008891,0.000000,0.000000,40.153500,50.182969,0.008904,0.000000,0.000000,1.00e-06
1531,1.000,1.000,39.781423,49.717886,0.008892,0.000000,0.000000,40.155960,50.186043,0.008905,0.000000,0.000000,1.00e-06
1532,1.000,1.000,39.809883,49.753460,0.008892,0.000000,0.000000,40.154549,50.184278,0.008905,0.000000,0.000000,1.00e-06
1533,1.000,1.000,39.805016,49.747379,0.008891,0.000000,0.000000,40.158802,50.189596,0.008905,0.000000,0.000000,1.00e-06
1534,1.000,1.000,39.794607,49.734365,0.008893,0.000000,0.000000,40.164794,50.197084,0.008905,0.000000,0.000000,1.00e-06
1535,1.000,1.000,39.799879,49.740955,0.008893,0.000000,0.000000,40.164767,50.197052,0.008906,0.000000,0.000000,1.00e-06
1536,1.000,1.000,39.791787,49.730840,0.008892,0.000000,0.000000,40.164927,50.197252,0.008906,0.000000,0.000000,1.00e-06
1537,1.000,1.000,39.786275,49.723952,0.008892,0.000000,0.000000,40.161003,50.192348,0.008906,0.000000,0.000000,1.00e-06
1538,1.000,1.000,39.828947,49.777291,0.008892,0.000000,0.000000,40.161397,50.192839,0.008906,0.000000,0.000000,1.00e-06
1539,1.000,1.000,39.763942,49.696033,0.008894,0.000000,0.000000,40.162491,50.194207,0.008906,0.000000,0.000000,1.00e-06
1540,1.000,1.000,39.804830,49.747143,0.008893,0.000000,0.000000,40.166827,50.199627,0.008907,0.000000,0.000000,1.00e-06
1541,1.000,1.000,39.796168,49.736315,0.008893,0.000000,0.000000,40.169415,50.202862,0.008907,0.000000,0.000000,1.00e-06
1542,1.000,1.000,39.787210,49.725119,0.008892,0.000000,0.000000,40.169268,50.202678,0.008907,0.000000,0.000000,1.00e-06
1543,1.000,1.000,39.787383,49.725332,0.008895,0.000000,0.000000,40.171839,50.205892,0.008908,0.000000,0.000000,1.00e-06
1544,1.000,1.000,39.806033,49.748645,0.008895,0.000000,0.000000,40.177292,50.212708,0.008908,0.000000,0.000000,1.00e-06
1545,1.000,1.000,39.812879,49.757204,0.008894,0.000000,0.000000,40.179966,50.216048,0.008909,0.000000,0.000000,1.00e-06
1546,1.000,1.000,39.798913,49.739745,0.008895,0.000000,0.000000,40.187657,50.225662,0.008909,0.000000,0.000000,1.00e-06
1547,1.000,1.000,39.780973,49.717319,0.008895,0.000000,0.000000,40.188363,50.226543,0.008909,0.000000,0.000000,1.00e-06
1548,1.000,1.000,39.811820,49.755878,0.008896,0.000000,0.000000,40.186728,50.224498,0.008910,0.000000,0.000000,1.00e-06
1549,1.000,1.000,39.772794,49.707099,0.008893,0.000000,0.000000,40.187097,50.224957,0.008910,0.000000,0.000000,1.00e-06
1550,1.000,1.000,39.768320,49.701502,0.008896,0.000000,0.000000,40.191495,50.230456,0.008910,0.000000,0.000000,1.00e-06
1551,1.000,1.000,39.802919,49.744751,0.008897,0.000000,0.000000,40.187512,50.225477,0.008910,0.000000,0.000000,1.00e-06
1552,1.000,1.000,39.802826,49.744635,0.008896,0.000000,0.000000,40.188432,50.226627,0.008910,0.000000,0.000000,1.00e-06
1553,1.000,1.000,39.813931,49.758516,0.008896,0.000000,0.000000,40.191358,50.230287,0.008911,0.000000,0.000000,1.00e-06
1554,1.000,1.000,39.792490,49.731715,0.008896,0.000000,0.000000,40.188870,50.227177,0.008911,0.000000,0.000000,1.00e-06
1555,1.000,1.000,39.803123,49.745005,0.008898,0.000000,0.000000,40.186618,50.224360,0.008911,0.000000,0.000000,1.00e-06
1556,1.000,1.000,39.820921,49.767253,0.008898,0.000000,0.000000,40.184134,50.221256,0.008911,0.000000,0.000000,1.00e-06
1557,1.000,1.000,39.808188,49.751335,0.008899,0.000000,0.000000,40.177635,50.213132,0.008911,0.000000,0.000000,1.00e-06
1558,1.000,1.000,39.806683,49.749457,0.008896,0.000000,0.000000,40.173753,50.208280,0.008911,0.000000,0.000000,1.00e-06
1559,1.000,1.000,39.789533,49.728018,0.008897,0.000000,0.000000,40.172705,50.206968,0.008911,0.000000,0.000000,1.00e-06
1560,1.000,1.000,39.812149,49.756286,0.008899,0.000000,0.000000,40.169906,50.203472,0.008911,0.000000,0.000000,1.00e-06
1561,1.000,1.000,39.799161,49.740051,0.008898,0.000000,0.000000,40.171297,50.205210,0.008912,0.000000,0.000000,1.00e-06
1562,1.000,1.000,39.809584,49.753081,0.008898,0.000000,0.000000,40.172646,50.206895,0.008912,0.000000,0.000000,1.00e-06
1563,1.000,1.000,39.788269,49.726436,0.008898,0.000000,0.000000,40.172892,50.207203,0.008912,0.000000,0.000000,1.00e-06
1564,1.000,1.000,39.808484,49.751706,0.008898,0.000000,0.000000,40.173273,50.207677,0.008913,0.000000,0.000000,1.00e-06
1565,1.000,1.000,39.807678,49.750698,0.008899,0.000000,0.000000,40.170402,50.204087,0.008913,0.000000,0.000000,1.00e-06
1566,1.000,1.000,39.830240,49.778900,0.008899,0.000000,0.000000,40.167697,50.200706,0.008913,0.000000,0.000000,1.00e-06
1567,1.000,1.000,39.801923,49.743503,0.008900,0.000000,0.000000,40.165277,50.197680,0.008913,0.000000,0.000000,1.00e-06
1568,1.000,1.000,39.790923,49.729753,0.008900,0.000000,0.000000,40.164513,50.196727,0.008913,0.000000,0.000000,1.00e-06
1569,1.000,1.000,39.794269,49.733935,0.008900,0.000000,0.000000,40.164910,50.197222,0.008914,0.000000,0.000000,1.00e-06
1570,1.000,1.000,39.829522,49.778002,0.008899,0.000000,0.000000,40.167960,50.201034,0.008914,0.000000,0.000000,1.00e-06
1571,1.000,1.000,39.797947,49.738533,0.008900,0.000000,0.000000,40.170800,50.204585,0.008914,0.000000,0.000000,1.00e-06
1572,1.000,1.000,39.788250,49.726413,0.008899,0.000000,0.000000,40.176010,50.211098,0.008915,0.000000,0.000000,1.00e-06
1573,1.000,1.000,39.784600,49.721848,0.008900,0.000000,0.000000,40.177277,50.212679,0.008915,0.000000,0.000000,1.00e-06
1574,1.000,1.000,39.846139,49.798772,0.008901,0.000000,0.000000,40.177179,50.212559,0.008915,0.000000,0.000000,1.00e-06
1575,1.000,1.000,39.793597,49.733095,0.008901,0.000000,0.000000,40.171591,50.205572,0.008915,0.000000,0.000000,1.00e-06
1576,1.000,1.000,39.785698,49.723223,0.008899,0.000000,0.000000,40.169230,50.202622,0.008915,0.000000,0.000000,1.00e-06
1577,1.000,1.000,39.794098,49.733719,0.008902,0.000000,0.000000,40.168756,50.202029,0.008916,0.000000,0.000000,1.00e-06
1578,1.000,1.000,39.802098,49.743720,0.008902,0.000000,0.000000,40.170897,50.204705,0.008916,0.000000,0.000000,1.00e-06
1579,1.000,1.000,39.818318,49.763994,0.008902,0.000000,0.000000,40.173826,50.208366,0.008916,0.000000,0.000000,1.00e-06
1580,1.000,1.000,39.793306,49.732731,0.008902,0.000000,0.000000,40.176192,50.211324,0.008917,0.000000,0.000000,1.00e-06
1581,1.000,1.000,39.780114,49.716240,0.008902,0.000000,0.000000,40.181713,50.218224,0.008917,0.000000,0.000000,1.00e-06
1582,1.000,1.000,39.781925,49.718503,0.008901,0.000000,0.000000,40.180908,50.217216,0.008917,0.000000,0.000000,1.00e-06
1583,1.000,1.000,39.800230,49.741382,0.008904,0.000000,0.000000,40.180346,50.216511,0.008917,0.000000,0.000000,1.00e-06
1584,1.000,1.000,39.810073,49.753688,0.008903,0.000000,0.000000,40.181937,50.218502,0.008918,0.000000,0.000000,1.00e-06
1585,1.000,1.000,39.778440,49.714146,0.008903,0.000000,0.000000,40.184204,50.221335,0.008918,0.000000,0.000000,1.00e-06
1586,1.000,1.000,39.801171,49.742560,0.008903,0.000000,0.000000,40.184152,50.221269,0.008918,0.000000,0.000000,1.00e-06
1587,1.000,1.000,39.806405,49.749100,0.008904,0.000000,0.000000,40.184710,50.221967,0.008918,0.000000,0.000000,1.00e-06
1588,1.000,1.000,39.793301,49.732722,0.008904,0.000000,0.000000,40.184972,50.222295,0.008919,0.000000,0.000000,1.00e-06
1589,1.000,1.000,39.790473,49.729189,0.008902,0.000000,0.000000,40.187713,50.225721,0.008919,0.000000,0.000000,1.00e-06
1590,1.000,1.000,39.812178,49.756318,0.008904,0.000000,0.000000,40.186858,50.224653,0.008919,0.000000,0.000000,1.00e-06
1591,1.000,1.000,39.832690,49.781957,0.008904,0.000000,0.000000,40.184829,50.222116,0.008919,0.000000,0.000000,1.00e-06
1592,1.000,1.000,39.800364,49.741549,0.008905,0.000000,0.000000,40.182729,50.219491,0.008919,0.000000,0.000000,1.00e-06
1593,1.000,1.000,39.817288,49.762704,0.008905,0.000000,0.000000,40.174305,50.208962,0.008919,0.000000,0.000000,1.00e-06
1594,1.000,1.000,39.802957,49.744789,0.008906,0.000000,0.000000,40.167857,50.200903,0.008919,0.000000,0.000000,1.00e-06
1595,1.000,1.000,39.777632,49.713135,0.008905,0.000000,0.000000,40.168912,50.202220,0.008919,0.000000,0.000000,1.00e-06
1596,1.000,1.000,39.756742,49.687021,0.008906,0.000000,0.000000,40.172403,50.206585,0.008920,0.000000,0.000000,1.00e-06
1597,1.000,1.000,39.809376,49.752815,0.008904,0.000000,0.000000,40.177350,50.212768,0.008920,0.000000,0.000000,1.00e-06
1598,1.000,1.000,39.775170,49.710055,0.008907,0.000000,0.000000,40.177101,50.212457,0.008920,0.000000,0.000000,1.00e-06
1599,1.000,1.000,39.769422,49.702869,0.008907,0.000000,0.000000,40.178398,50.214076,0.008920,0.000000,0.000000,1.00e-06
1600,1.000,1.000,39.852024,49.806123,0.008906,0.000000,0.000000,40.175296,50.210197,0.008921,0.000000,0.000000,1.00e-06
1601,1.000,1.000,39.779932,49.716007,0.008907,0.000000,0.000000,40.176858,50.212149,0.008921,0.000000,0.000000,1.00e-06
1602,1.000,1.000,39.776379,49.711567,0.008906,0.000000,0.000000,40.176279,50.211427,0.008921,0.000000,0.000000,1.00e-06
1603,1.000,1.000,39.809744,49.753271,0.008907,0.000000,0.000000,40.175957,50.211022,0.008921,0.000000,0.000000,1.00e-06
1604,1.000,1.000,39.778734,49.714510,0.008907,0.000000,0.000000,40.175337,50.210248,0.008921,0.000000,0.000000,1.00e-06
1605,1.000,1.000,39.821841,49.768395,0.008906,0.000000,0.000000,40.176548,50.211762,0.008922,0.000000,0.000000,1.00e-06
1606,1.000,1.000,39.791964,49.731045,0.008909,0.000000,0.000000,40.186224,50.223856,0.008922,0.000000,0.000000,1.00e-06
1607,1.000,1.000,39.808360,49.751540,0.008909,0.000000,0.000000,40.194207,50.233834,0.008923,0.000000,0.000000,1.00e-06
1608,1.000,1.000,39.776694,49.711958,0.008908,0.000000,0.000000,40.195705,50.235708,0.008923,0.000000,0.000000,1.00e-06
1609,1.000,1.000,39.817830,49.763379,0.008908,0.000000,0.000000,40.197802,50.238328,0.008923,0.000000,0.000000,1.00e-06
1610,1.000,1.000,39.791344,49.730270,0.008910,0.000000,0.000000,40.201603,50.243079,0.008924,0.000000,0.000000,1.00e-06
1611,1.000,1.000,39.796495,49.736709,0.008909,0.000000,0.000000,40.200063,50.241154,0.008924,0.000000,0.000000,1.00e-06
1612,1.000,1.000,39.781667,49.718176,0.008907,0.000000,0.000000,40.199434,50.240369,0.008924,0.000000,0.000000,1.00e-06
1613,1.000,1.000,39.804612,49.746854,0.008910,0.000000,0.000000,40.204640,50.246875,0.008925,0.000000,0.000000,1.00e-06
1614,1.000,1.000,39.776619,49.711864,0.008909,0.000000,0.000000,40.200803,50.242078,0.008925,0.000000,0.000000,1.00e-06
1615,1.000,1.000,39.780927,49.717249,0.008908,0.000000,0.000000,40.192642,50.231877,0.008925,0.000000,0.000000,1.00e-06
1616,1.000,1.000,39.756442,49.686641,0.008910,0.000000,0.000000,40.187738,50.225748,0.008925,0.000000,0.000000,1.00e-06
1617,1.000,1.000,39.801622,49.743117,0.008909,0.000000,0.000000,40.182412,50.219091,0.008925,0.000000,0.000000,1.00e-06
1618,1.000,1.000,39.786717,49.724484,0.008912,0.000000,0.000000,40.178844,50.214628,0.008925,0.000000,0.000000,1.00e-06
1619,1.000,1.000,39.756347,49.686522,0.008910,0.000000,0.000000,40.176749,50.212009,0.008925,0.000000,0.000000,1.00e-06
1620,1.000,1.000,39.785377,49.722811,0.008909,0.000000,0.000000,40.179378,50.215295,0.008925,0.000000,0.000000,1.00e-06
1621,1.000,1.000,39.781318,49.717737,0.008910,0.000000,0.000000,40.174529,50.209235,0.008925,0.000000,0.000000,1.00e-06
1622,1.000,1.000,39.816986,49.762323,0.008909,0.000000,0.000000,40.178170,50.213785,0.008926,0.000000,0.000000,1.00e-06
1623,1.000,1.000,39.795148,49.735024,0.008910,0.000000,0.000000,40.179510,50.215460,0.008926,0.000000,0.000000,1.00e-06
1624,1.000,1.000,39.810083,49.753691,0.008911,0.000000,0.000000,40.183330,50.220235,0.008926,0.000000,0.000000,1.00e-06
1625,1.000,1.000,39.806456,49.749159,0.008910,0.000000,0.000000,40.183380,50.220297,0.008927,0.000000,0.000000,1.00e-06
1626,1.000,1.000,39.812292,49.756451,0.008912,0.000000,0.000000,40.178729,50.214483,0.008927,0.000000,0.000000,1.00e-06
1627,1.000,1.000,39.813592,49.758075,0.008914,0.000000,0.000000,40.184091,50.221185,0.008927,0.000000,0.000000,1.00e-06
1628,1.000,1.000,39.770005,49.703594,0.008911,0.000000,0.000000,40.184833,50.222112,0.008927,0.000000,0.000000,1.00e-06
1629,1.000,1.000,39.796280,49.736437,0.008912,0.000000,0.000000,40.184255,50.221389,0.008928,0.000000,0.000000,1.00e-06
1630,1.000,1.000,39.786541,49.724263,0.008913,0.000000,0.000000,40.179190,50.215059,0.008927,0.000000,0.000000,1.00e-06
1631,1.000,1.000,39.793098,49.732458,0.008914,0.000000,0.000000,40.175529,50.210485,0.008927,0.000000,0.000000,1.00e-06
1632,1.000,1.000,39.803490,49.745449,0.008913,0.000000,0.000000,40.174218,50.208845,0.008928,0.000000,0.000000,1.00e-06
1633,1.000,1.000,39.788655,49.726903,0.008915,0.000000,0.000000,40.172450,50.206635,0.008928,0.000000,0.000000,1.00e-06
1634,1.000,1.000,39.788279,49.726433,0.008914,0.000000,0.000000,40.169043,50.202375,0.008928,0.000000,0.000000,1.00e-06
1635,1.000,1.000,39.784518,49.721733,0.008915,0.000000,0.000000,40.170917,50.204719,0.008928,0.000000,0.000000,1.00e-06
1636,1.000,1.000,39.784551,49.721773,0.008914,0.000000,0.000000,40.177779,50.213295,0.008929,0.000000,0.000000,1.00e-06
1637,1.000,1.000,39.828929,49.777247,0.008914,0.000000,0.000000,40.179537,50.215490,0.008929,0.000000,0.000000,1.00e-06
1638,1.000,1.000,39.788555,49.726778,0.008915,0.000000,0.000000,40.186152,50.223760,0.008930,0.000000,0.000000,1.00e-06
1639,1.000,1.000,39.803217,49.745106,0.008915,0.000000,0.000000,40.184226,50.221351,0.008930,0.000000,0.000000,1.00e-06
1640,1.000,1.000,39.823116,49.769979,0.008915,0.000000,0.000000,40.183909,50.220956,0.008930,0.000000,0.000000,1.00e-06
1641,1.000,1.000,39.774350,49.709021,0.008915,0.000000,0.000000,40.183197,50.220065,0.008930,0.000000,0.000000,1.00e-06
1642,1.000,1.000,39.827143,49.775011,0.008916,0.000000,0.000000,40.184884,50.222173,0.008930,0.000000,0.000000,1.00e-06
1643,1.000,1.000,39.792721,49.731986,0.008915,0.000000,0.000000,40.189773,50.228285,0.008931,0.000000,0.000000,1.00e-06
1644,1.000,1.000,39.804617,49.746854,0.008915,0.000000,0.000000,40.190973,50.229784,0.008931,0.000000,0.000000,1.00e-06
1645,1.000,1.000,39.782622,49.719363,0.008914,0.000000,0.000000,40.188123,50.226221,0.008931,0.000000,0.000000,1.00e-06
1646,1.000,1.000,39.785743,49.723262,0.008916,0.000000,0.000000,40.189157,50.227512,0.008931,0.000000,0.000000,1.00e-06
1647,1.000,1.000,39.758759,49.689533,0.008916,0.000000,0.000000,40.197480,50.237919,0.008932,0.000000,0.000000,1.00e-06
1648,1.000,1.000,39.801170,49.742543,0.008919,0.000000,0.000000,40.191135,50.229988,0.008932,0.000000,0.000000,1.00e-06
1649,1.000,1.000,39.771629,49.705619,0.008916,0.000000,0.000000,40.185445,50.222876,0.008931,0.000000,0.000000,1.00e-06
1650,1.000,1.000,39.784398,49.721581,0.008916,0.000000,0.000000,40.185420,50.222843,0.008932,0.000000,0.000000,1.00e-06
1651,1.000,1.000,39.795234,49.735123,0.008918,0.000000,0.000000,40.179384,50.215300,0.008932,0.000000,0.000000,1.00e-06
1652,1.000,1.000,39.787967,49.726039,0.008918,0.000000,0.000000,40.177613,50.213084,0.008932,0.000000,0.000000,1.00e-06
1653,1.000,1.000,39.791516,49.730476,0.008919,0.000000,0.000000,40.176158,50.211266,0.008932,0.000000,0.000000,1.00e-06
1654,1.000,1.000,39.795797,49.735827,0.008918,0.000000,0.000000,40.171575,50.205536,0.008932,0.000000,0.000000,1.00e-06
1655,1.000,1.000,39.802352,49.744022,0.008918,0.000000,0.000000,40.172012,50.206080,0.008932,0.000000,0.000000,1.00e-06
1656,1.000,1.000,39.779364,49.715286,0.008919,0.000000,0.000000,40.174251,50.208879,0.008932,0.000000,0.000000,1.00e-06
1657,1.000,1.000,39.798668,49.739415,0.008920,0.000000,0.000000,40.175531,50.210480,0.008933,0.000000,0.000000,1.00e-06
1658,1.000,1.000,39.799931,49.740994,0.008919,0.000000,0.000000,40.185292,50.222681,0.008933,0.000000,0.000000,1.00e-06
1659,1.000,1.000,39.787493,49.725445,0.008920,0.000000,0.000000,40.190351,50.229003,0.008934,0.000000,0.000000,1.00e-06
1660,1.000,1.000,39.751154,49.680022,0.008919,0.000000,0.000000,40.191979,50.231037,0.008934,0.000000,0.000000,1.00e-06
1661,1.000,1.000,39.757939,49.688504,0.008919,0.000000,0.000000,40.195843,50.235868,0.008935,0.000000,0.000000,1.00e-06
1662,1.000,1.000,39.787816,49.725850,0.008919,0.000000,0.000000,40.191810,50.230827,0.008935,0.000000,0.000000,1.00e-06
1663,1.000,1.000,39.789847,49.728388,0.008920,0.000000,0.000000,40.193800,50.233315,0.008935,0.000000,0.000000,1.00e-06
1664,1.000,1.000,39.795934,49.735996,0.008921,0.000000,0.000000,40.193845,50.233369,0.008935,0.000000,0.000000,1.00e-06
1665,1.000,1.000,39.787239,49.725129,0.008918,0.000000,0.000000,40.192466,50.231646,0.008935,0.000000,0.000000,1.00e-06
1666,1.000,1.000,39.776589,49.711815,0.008920,0.000000,0.000000,40.192662,50.231892,0.008936,0.000000,0.000000,1.00e-06
1667,1.000,1.000,39.784591,49.721816,0.008921,0.000000,0.000000,40.193931,50.233477,0.008936,0.000000,0.000000,1.00e-06
1668,1.000,1.000,39.812120,49.756229,0.008920,0.000000,0.000000,40.198251,50.238876,0.008936,0.000000,0.000000,1.00e-06
1669,1.000,1.000,39.777395,49.712820,0.008922,0.000000,0.000000,40.195560,50.235515,0.008936,0.000000,0.000000,1.00e-06
1670,1.000,1.000,39.813484,49.757934,0.008920,0.000000,0.000000,40.196096,50.236185,0.008936,0.000000,0.000000,1.00e-06
1671,1.000,1.000,39.781260,49.717651,0.008922,0.000000,0.000000,40.191050,50.229877,0.008936,0.000000,0.000000,1.00e-06
1672,1.000,1.000,39.795378,49.735302,0.008920,0.000000,0.000000,40.186745,50.224494,0.008936,0.000000,0.000000,1.00e-06
1673,1.000,1.000,39.773757,49.708275,0.008921,0.000000,0.000000,40.180794,50.217053,0.008936,0.000000,0.000000,1.00e-06
1674,1.000,1.000,39.773707,49.708210,0.008922,0.000000,0.000000,40.180135,50.216230,0.008936,0.000000,0.000000,1.00e-06
1675,1.000,1.000,39.788096,49.726196,0.008923,0.000000,0.000000,40.170910,50.204700,0.008936,0.000000,0.000000,1.00e-06
1676,1.000,1.000,39.778010,49.713590,0.008923,0.000000,0.000000,40.168784,50.202043,0.008936,0.000000,0.000000,1.00e-06
1677,1.000,1.000,39.758380,49.689051,0.008923,0.000000,0.000000,40.161572,50.193026,0.008936,0.000000,0.000000,1.00e-06
1678,1.000,1.000,39.784693,49.721941,0.008924,0.000000,0.000000,40.161533,50.192979,0.008936,0.000000,0.000000,1.00e-06
1679,1.000,1.000,39.760812,49.692091,0.008923,0.000000,0.000000,40.163661,50.195639,0.008937,0.000000,0.000000,1.00e-06
1680,1.000,1.000,39.816720,49.761976,0.008923,0.000000,0.000000,40.164968,50.197270,0.008937,0.000000,0.000000,1.00e-06
1681,1.000,1.000,39.781716,49.718220,0.008924,0.000000,0.000000,40.170864,50.204640,0.008937,0.000000,0.000000,1.00e-06
1682,1.000,1.000,39.794565,49.734285,0.008921,0.000000,0.000000,40.174286,50.208919,0.008938,0.000000,0.000000,1.00e-06
1683,1.000,1.000,39.773307,49.707709,0.008924,0.000000,0.000000,40.174996,50.209807,0.008938,0.000000,0.000000,1.00e-06
1684,1.000,1.000,39.792430,49.731613,0.008923,0.000000,0.000000,40.176652,50.211877,0.008938,0.000000,0.000000,1.00e-06
1685,1.000,1.000,39.772852,49.707139,0.008924,0.000000,0.000000,40.176471,50.211650,0.008939,0.000000,0.000000,1.00e-06
1686,1.000,1.000,39.772530,49.706738,0.008924,0.000000,0.000000,40.175606,50.210568,0.008939,0.000000,0.000000,1.00e-06
1687,1.000,1.000,39.807939,49.750999,0.008924,0.000000,0.000000,40.183027,50.219844,0.008940,0.000000,0.000000,1.00e-06
1688,1.000,1.000,39.818272,49.763916,0.008924,0.000000,0.000000,40.193294,50.232676,0.008940,0.000000,0.000000,1.00e-06
1689,1.000,1.000,39.794417,49.734095,0.008924,0.000000,0.000000,40.198302,50.238937,0.008941,0.000000,0.000000,1.00e-06
1690,1.000,1.000,39.778236,49.713869,0.008925,0.000000,0.000000,40.200116,50.241205,0.008941,0.000000,0.000000,1.00e-06
1691,1.000,1.000,39.764848,49.697134,0.008926,0.000000,0.000000,40.203414,50.245325,0.008942,0.000000,0.000000,1.00e-06
1692,1.000,1.000,39.785660,49.723149,0.008926,0.000000,0.000000,40.210286,50.253913,0.008942,0.000000,0.000000,1.00e-06
1693,1.000,1.000,39.803382,49.745299,0.008927,0.000000,0.000000,40.210672,50.254395,0.008942,0.000000,0.000000,1.00e-06
1694,1.000,1.000,39.769368,49.702783,0.008926,0.000000,0.000000,40.209978,50.253528,0.008943,0.000000,0.000000,1.00e-06
1695,1.000,1.000,39.786965,49.724778,0.008927,0.000000,0.000000,40.215445,50.260361,0.008943,0.000000,0.000000,1.00e-06
1696,1.000,1.000,39.789138,49.727496,0.008925,0.000000,0.000000,40.219178,50.265028,0.008944,0.000000,0.000000,1.00e-06
1697,1.000,1.000,39.748606,49.676829,0.008928,0.000000,0.000000,40.214844,50.259609,0.008944,0.000000,0.000000,1.00e-06
1698,1.000,1.000,39.783404,49.720325,0.008929,0.000000,0.000000,40.219031,50.264844,0.008944,0.000000,0.000000,1.00e-06
1699,1.000,1.000,39.822882,49.769675,0.008925,0.000000,0.000000,40.217475,50.262897,0.008944,0.000000,0.000000,1.00e-06
1700,1.000,1.000,39.783905,49.720952,0.008928,0.000000,0.000000,40.217970,50.263516,0.008944,0.000000,0.000000,1.00e-06
1701,1.000,1.000,39.760777,49.692042,0.008928,0.000000,0.000000,40.214316,50.258950,0.008944,0.000000,0.000000,1.00e-06
1702,1.000,1.000,39.779955,49.716014,0.008929,0.000000,0.000000,40.212170,50.256266,0.008944,0.000000,0.000000,1.00e-06
1703,1.000,1.000,39.778259,49.713894,0.008928,0.000000,0.000000,40.204984,50.247285,0.008944,0.000000,0.000000,1.00e-06
1704,1.000,1.000,39.786277,49.723916,0.008930,0.000000,0.000000,40.204645,50.246861,0.008945,0.000000,0.000000,1.00e-06
1705,1.000,1.000,39.751301,49.680196,0.008929,0.000000,0.000000,40.205285,50.247662,0.008945,0.000000,0.000000,1.00e-06
1706,1.000,1.000,39.790454,49.729136,0.008930,0.000000,0.000000,40.209750,50.253242,0.008945,0.000000,0.000000,1.00e-06
1707,1.000,1.000,39.801338,49.742743,0.008929,0.000000,0.000000,40.214078,50.258653,0.008946,0.000000,0.000000,1.00e-06
1708,1.000,1.000,39.778313,49.713961,0.008929,0.000000,0.000000,40.217988,50.263539,0.008946,0.000000,0.000000,1.00e-06
1709,1.000,1.000,39.805426,49.747852,0.008930,0.000000,0.000000,40.223243,50.270106,0.008947,0.000000,0.000000,1.00e-06
1710,1.000,1.000,39.810648,49.754381,0.008928,0.000000,0.000000,40.219536,50.265470,0.008947,0.000000,0.000000,1.00e-06
1711,1.000,1.000,39.795021,49.734845,0.008930,0.000000,0.000000,40.216421,50.261577,0.008947,0.000000,0.000000,1.00e-06
1712,1.000,1.000,39.779567,49.715528,0.008930,0.000000,0.000000,40.214492,50.259165,0.008947,0.000000,0.000000,1.00e-06
1713,1.000,1.000,39.793617,49.733091,0.008930,0.000000,0.000000,40.207470,50.250389,0.008947,0.000000,0.000000,1.00e-06
1714,1.000,1.000,39.760818,49.692092,0.008930,0.000000,0.000000,40.204709,50.246938,0.008947,0.000000,0.000000,1.00e-06
1715,1.000,1.000,39.781602,49.718071,0.008930,0.000000,0.000000,40.203196,50.245046,0.008947,0.000000,0.000000,1.00e-06
1716,1.000,1.000,39.810593,49.754308,0.008932,0.000000,0.000000,40.203132,50.244967,0.008947,0.000000,0.000000,1.00e-06
1717,1.000,1.000,39.799479,49.740416,0.008931,0.000000,0.000000,40.197376,50.237772,0.008947,0.000000,0.000000,1.00e-06
1718,1.000,1.000,39.786360,49.724019,0.008929,0.000000,0.000000,40.196622,50.236830,0.008947,0.000000,0.000000,1.00e-06
1719,1.000,1.000,39.792725,49.731974,0.008932,0.000000,0.000000,40.202338,50.243974,0.008948,0.000000,0.000000,1.00e-06
1720,1.000,1.000,39.770387,49.704051,0.008932,0.000000,0.000000,40.205554,50.247994,0.008948,0.000000,0.000000,1.00e-06
1721,1.000,1.000,39.777926,49.713476,0.008932,0.000000,0.000000,40.209499,50.252925,0.008948,0.000000,0.000000,1.00e-06
1722,1.000,1.000,39.784189,49.721302,0.008933,0.000000,0.000000,40.211309,50.255188,0.008949,0.000000,0.000000,1.00e-06
1723,1.000,1.000,39.766306,49.698947,0.008934,0.000000,0.000000,40.208082,50.251154,0.008949,0.000000,0.000000,1.00e-06
1724,1.000,1.000,39.764895,49.697187,0.008932,0.000000,0.000000,40.203918,50.245950,0.008949,0.000000,0.000000,1.00e-06
1725,1.000,1.000,39.760782,49.692044,0.008933,0.000000,0.000000,40.204688,50.246911,0.008949,0.000000,0.000000,1.00e-06
1726,1.000,1.000,39.814034,49.758609,0.008932,0.000000,0.000000,40.205999,50.248549,0.008949,0.000000,0.000000,1.00e-06
1727,1.000,1.000,39.793902,49.733446,0.008931,0.000000,0.000000,40.211145,50.254984,0.008950,0.000000,0.000000,1.00e-06
1728,1.000,1.000,39.809811,49.753329,0.008934,0.000000,0.000000,40.207487,50.250407,0.008950,0.000000,0.000000,1.00e-06
1729,1.000,1.000,39.782288,49.718927,0.008933,0.000000,0.000000,40.199570,50.240510,0.008950,0.000000,0.000000,1.00e-06
1730,1.000,1.000,39.787704,49.725696,0.008933,0.000000,0.000000,40.201007,50.242308,0.008950,0.000000,0.000000,1.00e-06
1731,1.000,1.000,39.794715,49.734458,0.008934,0.000000,0.000000,40.203174,50.245014,0.008951,0.000000,0.000000,1.00e-06
1732,1.000,1.000,39.806784,49.749546,0.008933,0.000000,0.000000,40.200696,50.241918,0.008951,0.000000,0.000000,1.00e-06
1733,1.000,1.000,39.781628,49.718099,0.008934,0.000000,0.000000,40.201250,50.242610,0.008951,0.000000,0.000000,1.00e-06
1734,1.000,1.000,39.797956,49.738509,0.008935,0.000000,0.000000,40.203288,50.245158,0.008951,0.000000,0.000000,1.00e-06
1735,1.000,1.000,39.763548,49.695499,0.008934,0.000000,0.000000,40.211102,50.254923,0.008952,0.000000,0.000000,1.00e-06
1736,1.000,1.000,39.791762,49.730767,0.008934,0.000000,0.000000,40.213563,50.257999,0.008952,0.000000,0.000000,1.00e-06
1737,1.000,1.000,39.781761,49.718263,0.008937,0.000000,0.000000,40.216286,50.261404,0.008953,0.000000,0.000000,1.00e-06
1738,1.000,1.000,39.808444,49.751618,0.008936,0.000000,0.000000,40.211577,50.255520,0.008952,0.000000,0.000000,1.00e-06
1739,1.000,1.000,39.792700,49.731938,0.008936,0.000000,0.000000,40.207300,50.250172,0.008952,0.000000,0.000000,1.00e-06
1740,1.000,1.000,39.792081,49.731163,0.008936,0.000000,0.000000,40.207841,50.250848,0.008953,0.000000,0.000000,1.00e-06
1741,1.000,1.000,39.750629,49.679349,0.008937,0.000000,0.000000,40.207419,50.250321,0.008953,0.000000,0.000000,1.00e-06
1742,1.000,1.000,39.754816,49.684583,0.008936,0.000000,0.000000,40.207392,50.250287,0.008953,0.000000,0.000000,1.00e-06
1743,1.000,1.000,39.795920,49.735961,0.008937,0.000000,0.000000,40.197520,50.237948,0.008953,0.000000,0.000000,1.00e-06
1744,1.000,1.000,39.798082,49.738665,0.008936,0.000000,0.000000,40.198609,50.239309,0.008953,0.000000,0.000000,1.00e-06
1745,1.000,1.000,39.766129,49.698723,0.008938,0.000000,0.000000,40.199019,50.239821,0.008953,0.000000,0.000000,1.00e-06
1746,1.000,1.000,39.782933,49.719726,0.008939,0.000000,0.000000,40.199115,50.239938,0.008953,0.000000,0.000000,1.00e-06
1747,1.000,1.000,39.753003,49.682314,0.008938,0.000000,0.000000,40.202777,50.244514,0.008954,0.000000,0.000000,1.00e-06
1748,1.000,1.000,39.764220,49.696337,0.008937,0.000000,0.000000,40.200848,50.242104,0.008954,0.000000,0.000000,1.00e-06
1749,1.000,1.000,39.767289,49.700173,0.008937,0.000000,0.000000,40.197282,50.237646,0.008954,0.000000,0.000000,1.00e-06
1750,1.000,1.000,39.765935,49.698480,0.008938,0.000000,0.000000,40.197598,50.238042,0.008954,0.000000,0.000000,1.00e-06
1751,1.000,1.000,39.766060,49.698637,0.008937,0.000000,0.000000,40.202397,50.244041,0.008955,0.000000,0.000000,1.00e-06
1752,1.000,1.000,39.792718,49.731957,0.008939,0.000000,0.000000,40.199480,50.240394,0.008955,0.000000,0.000000,1.00e-06
1753,1.000,1.000,39.765788,49.698297,0.008938,0.000000,0.000000,40.198742,50.239472,0.008955,0.000000,0.000000,1.00e-06
1754,1.000,1.000,39.773434,49.707853,0.008939,0.000000,0.000000,40.202119,50.243691,0.008955,0.000000,0.000000,1.00e-06
1755,1.000,1.000,39.783705,49.720693,0.008938,0.000000,0.000000,40.205278,50.247642,0.008955,0.000000,0.000000,1.00e-06
1756,1.000,1.000,39.763854,49.695877,0.008939,0.000000,0.000000,40.206914,50.249686,0.008956,0.000000,0.000000,1.00e-06
1757,1.000,1.000,39.778419,49.714084,0.008939,0.000000,0.000000,40.212386,50.256525,0.008956,0.000000,0.000000,1.00e-06
1758,1.000,1.000,39.766537,49.699231,0.008939,0.000000,0.000000,40.212311,50.256431,0.008957,0.000000,0.000000,1.00e-06
1759,1.000,1.000,39.781227,49.717591,0.008941,0.000000,0.000000,40.212740,50.256968,0.008957,0.000000,0.000000,1.00e-06
1760,1.000,1.000,39.782838,49.719605,0.008940,0.000000,0.000000,40.209675,50.253137,0.008957,0.000000,0.000000,1.00e-06
1761,1.000,1.000,39.781915,49.718454,0.008939,0.000000,0.000000,40.209654,50.253111,0.008957,0.000000,0.000000,1.00e-06
1762,1.000,1.000,39.773000,49.707309,0.008941,0.000000,0.000000,40.210161,50.253744,0.008957,0.000000,0.000000,1.00e-06
1763,1.000,1.000,39.783016,49.719827,0.008941,0.000000,0.000000,40.216887,50.262152,0.008958,0.000000,0.000000,1.00e-06
1764,1.000,1.000,39.774726,49.709466,0.008942,0.000000,0.000000,40.222890,50.269653,0.008958,0.000000,0.000000,1.00e-06
1765,1.000,1.000,39.763444,49.695363,0.008941,0.000000,0.000000,40.227916,50.275935,0.008959,0.000000,0.000000,1.00e-06
1766,1.000,1.000,39.775693,49.710675,0.008941,0.000000,0.000000,40.224378,50.271511,0.008959,0.000000,0.000000,1.00e-06
1767,1.000,1.000,39.744098,49.671182,0.008940,0.000000,0.000000,40.220472,50.266630,0.008959,0.000000,0.000000,1.00e-06
1768,1.000,1.000,39.784286,49.721415,0.008942,0.000000,0.000000,40.220454,50.266607,0.008959,0.000000,0.000000,1.00e-06
1769,1.000,1.000,39.750086,49.678666,0.008941,0.000000,0.000000,40.218600,50.264291,0.008959,0.000000,0.000000,1.00e-06
1770,1.000,1.000,39.778088,49.713667,0.008942,0.000000,0.000000,40.216180,50.261265,0.008959,0.000000,0.000000,1.00e-06
1771,1.000,1.000,39.759964,49.691012,0.008943,0.000000,0.000000,40.215672,50.260630,0.008959,0.000000,0.000000,1.00e-06
1772,1.000,1.000,39.769023,49.702334,0.008943,0.000000,0.000000,40.218787,50.264523,0.008960,0.000000,0.000000,1.00e-06
1773,1.000,1.000,39.786692,49.724421,0.008943,0.000000,0.000000,40.221523,50.267943,0.008960,0.000000,0.000000,1.00e-06
1774,1.000,1.000,39.784848,49.722117,0.008942,0.000000,0.000000,40.224908,50.272173,0.008961,0.000000,0.000000,1.00e-06
1775,1.000,1.000,39.753794,49.683298,0.008944,0.000000,0.000000,40.224612,50.271804,0.008961,0.000000,0.000000,1.00e-06
1776,1.000,1.000,39.789143,49.727483,0.008944,0.000000,0.000000,40.223963,50.270991,0.008961,0.000000,0.000000,1.00e-06
1777,1.000,1.000,39.792768,49.732017,0.008943,0.000000,0.000000,40.216120,50.261189,0.008961,0.000000,0.000000,1.00e-06
1778,1.000,1.000,39.786208,49.723818,0.008942,0.000000,0.000000,40.209211,50.252553,0.008960,0.000000,0.000000,1.00e-06
1779,1.000,1.000,39.781393,49.717797,0.008943,0.000000,0.000000,40.209045,50.252347,0.008961,0.000000,0.000000,1.00e-06
1780,1.000,1.000,39.776431,49.711594,0.008944,0.000000,0.000000,40.212525,50.256697,0.008961,0.000000,0.000000,1.00e-06
1781,1.000,1.000,39.743747,49.670738,0.008945,0.000000,0.000000,40.213803,50.258294,0.008961,0.000000,0.000000,1.00e-06
1782,1.000,1.000,39.799428,49.740340,0.008944,0.000000,0.000000,40.216130,50.261201,0.008962,0.000000,0.000000,1.00e-06
1783,1.000,1.000,39.788696,49.726924,0.008945,0.000000,0.000000,40.215017,50.259809,0.008962,0.000000,0.000000,1.00e-06
1784,1.000,1.000,39.825354,49.772748,0.008944,0.000000,0.000000,40.212337,50.256456,0.008962,0.000000,0.000000,1.00e-06
1785,1.000,1.000,39.737231,49.662592,0.008946,0.000000,0.000000,40.213337,50.257707,0.008962,0.000000,0.000000,1.00e-06
1786,1.000,1.000,39.746505,49.674186,0.008944,0.000000,0.000000,40.215165,50.259992,0.008962,0.000000,0.000000,1.00e-06
1787,1.000,1.000,39.760332,49.691468,0.008946,0.000000,0.000000,40.218532,50.264200,0.008963,0.000000,0.000000,1.00e-06
1788,1.000,1.000,39.772864,49.707134,0.008945,0.000000,0.000000,40.213525,50.257941,0.008963,0.000000,0.000000,1.00e-06
1789,1.000,1.000,39.794779,49.734527,0.008946,0.000000,0.000000,40.214263,50.258864,0.008963,0.000000,0.000000,1.00e-06
1790,1.000,1.000,39.783244,49.720108,0.008947,0.000000,0.000000,40.219697,50.265657,0.008964,0.000000,0.000000,1.00e-06
1791,1.000,1.000,39.786620,49.724327,0.008948,0.000000,0.000000,40.232229,50.281320,0.008965,0.000000,0.000000,1.00e-06
1792,1.000,1.000,39.811503,49.755431,0.008947,0.000000,0.000000,40.237313,50.287676,0.008965,0.000000,0.000000,1.00e-06
1793,1.000,1.000,39.747414,49.675319,0.008947,0.000000,0.000000,40.236797,50.287029,0.008965,0.000000,0.000000,1.00e-06
1794,1.000,1.000,39.800329,49.741464,0.008947,0.000000,0.000000,40.238645,50.289339,0.008966,0.000000,0.000000,1.00e-06
1795,1.000,1.000,39.781946,49.718485,0.008948,0.000000,0.000000,40.244925,50.297191,0.008966,0.000000,0.000000,1.00e-06
1796,1.000,1.000,39.768948,49.702238,0.008945,0.000000,0.000000,40.247112,50.299923,0.008967,0.000000,0.000000,1.00e-06
1797,1.000,1.000,39.773013,49.707316,0.008949,0.000000,0.000000,40.244374,50.296501,0.008967,0.000000,0.000000,1.00e-06
1798,1.000,1.000,39.772106,49.706184,0.008948,0.000000,0.000000,40.239653,50.290600,0.008967,0.000000,0.000000,1.00e-06
1799,1.000,1.000,39.779564,49.715508,0.008947,0.000000,0.000000,40.235922,50.285936,0.008966,0.000000,0.000000,1.00e-06
1800,1.000,1.000,39.703255,49.620119,0.008948,0.000000,0.000000,40.233519,50.282931,0.008967,0.000000,0.000000,1.00e-06
1801,1.000,1.000,39.760019,49.691073,0.008949,0.000000,0.000000,40.237483,50.287887,0.008967,0.000000,0.000000,1.00e-06
1802,1.000,1.000,39.779343,49.715229,0.008949,0.000000,0.000000,40.239636,50.290577,0.008967,0.000000,0.000000,1.00e-06
1803,1.000,1.000,39.745037,49.672346,0.008949,0.000000,0.000000,40.244295,50.296398,0.008968,0.000000,0.000000,1.00e-06
1804,1.000,1.000,39.799716,49.740696,0.008948,0.000000,0.000000,40.247311,50.300167,0.008968,0.000000,0.000000,1.00e-06
1805,1.000,1.000,39.821020,49.767325,0.008949,0.000000,0.000000,40.246342,50.298956,0.008969,0.000000,0.000000,1.00e-06
1806,1.000,1.000,39.757353,49.687741,0.008950,0.000000,0.000000,40.245325,50.297688,0.008969,0.000000,0.000000,1.00e-06
1807,1.000,1.000,39.787490,49.725411,0.008950,0.000000,0.000000,40.238419,50.289053,0.008969,0.000000,0.000000,1.00e-06
1808,1.000,1.000,39.758205,49.688804,0.008951,0.000000,0.000000,40.230576,50.279251,0.008968,0.000000,0.000000,1.00e-06
1809,1.000,1.000,39.748472,49.676639,0.008951,0.000000,0.000000,40.225654,50.273098,0.008968,0.000000,0.000000,1.00e-06
1810,1.000,1.000,39.768540,49.701724,0.008949,0.000000,0.000000,40.232100,50.281154,0.008969,0.000000,0.000000,1.00e-06
1811,1.000,1.000,39.743415,49.670319,0.008948,0.000000,0.000000,40.237540,50.287955,0.008969,0.000000,0.000000,1.00e-06
1812,1.000,1.000,39.782910,49.719687,0.008951,0.000000,0.000000,40.236634,50.286821,0.008970,0.000000,0.000000,1.00e-06
1813,1.000,1.000,39.761523,49.692951,0.008952,0.000000,0.000000,40.232818,50.282052,0.008969,0.000000,0.000000,1.00e-06
1814,1.000,1.000,39.786020,49.723573,0.008951,0.000000,0.000000,40.232892,50.282145,0.008970,0.000000,0.000000,1.00e-06
1815,1.000,1.000,39.763787,49.695782,0.008951,0.000000,0.000000,40.240089,50.291142,0.008970,0.000000,0.000000,1.00e-06
1816,1.000,1.000,39.782065,49.718631,0.008950,0.000000,0.000000,40.241790,50.293266,0.008971,0.000000,0.000000,1.00e-06
1817,1.000,1.000,39.795164,49.735001,0.008952,0.000000,0.000000,40.241991,50.293518,0.008971,0.000000,0.000000,1.00e-06
1818,1.000,1.000,39.771457,49.705368,0.008952,0.000000,0.000000,40.241728,50.293189,0.008971,0.000000,0.000000,1.00e-06
1819,1.000,1.000,39.772159,49.706245,0.008953,0.000000,0.000000,40.239450,50.290339,0.008971,0.000000,0.000000,1.00e-06
1820,1.000,1.000,39.785322,49.722699,0.008953,0.000000,0.000000,40.232115,50.281171,0.008971,0.000000,0.000000,1.00e-06
1821,1.000,1.000,39.742977,49.669771,0.008950,0.000000,0.000000,40.220097,50.266150,0.008970,0.000000,0.000000,1.00e-06
1822,1.000,1.000,39.754571,49.684259,0.008953,0.000000,0.000000,40.221720,50.268177,0.008971,0.000000,0.000000,1.00e-06
1823,1.000,1.000,39.770033,49.703588,0.008953,0.000000,0.000000,40.223165,50.269982,0.008971,0.000000,0.000000,1.00e-06
1824,1.000,1.000,39.768499,49.701669,0.008953,0.000000,0.000000,40.226884,50.274631,0.008971,0.000000,0.000000,1.00e-06
1825,1.000,1.000,39.788004,49.726050,0.008953,0.000000,0.000000,40.228619,50.276801,0.008972,0.000000,0.000000,1.00e-06
1826,1.000,1.000,39.783608,49.720557,0.008952,0.000000,0.000000,40.233068,50.282360,0.008972,0.000000,0.000000,1.00e-06
1827,1.000,1.000,39.789638,49.728092,0.008954,0.000000,0.000000,40.236029,50.286062,0.008973,0.000000,0.000000,1.00e-06
1828,1.000,1.000,39.790644,49.729350,0.008955,0.000000,0.000000,40.234628,50.284311,0.008973,0.000000,0.000000,1.00e-06
1829,1.000,1.000,39.741278,49.667642,0.008954,0.000000,0.000000,40.232224,50.281307,0.008973,0.000000,0.000000,1.00e-06
1830,1.000,1.000,39.754984,49.684776,0.008953,0.000000,0.000000,40.233544,50.282957,0.008973,0.000000,0.000000,1.00e-06
1831,1.000,1.000,39.776358,49.711491,0.008955,0.000000,0.000000,40.226563,50.274230,0.008973,0.000000,0.000000,1.00e-06
1832,1.000,1.000,39.751705,49.680675,0.008956,0.000000,0.000000,40.226416,50.274045,0.008973,0.000000,0.000000,1.00e-06
1833,1.000,1.000,39.770049,49.703604,0.008956,0.000000,0.000000,40.223366,50.270234,0.008973,0.000000,0.000000,1.00e-06
1834,1.000,1.000,39.767528,49.700453,0.008956,0.000000,0.000000,40.227538,50.275449,0.008973,0.000000,0.000000,1.00e-06
1835,1.000,1.000,39.824111,49.771185,0.008953,0.000000,0.000000,40.227545,50.275456,0.008974,0.000000,0.000000,1.00e-06
1836,1.000,1.000,39.745684,49.673149,0.008956,0.000000,0.000000,40.220034,50.266068,0.008973,0.000000,0.000000,1.00e-06
1837,1.000,1.000,39.765423,49.697820,0.008958,0.000000,0.000000,40.215055,50.259844,0.008973,0.000000,0.000000,1.00e-06
1838,1.000,1.000,39.774238,49.708841,0.008956,0.000000,0.000000,40.208371,50.251492,0.008973,0.000000,0.000000,1.00e-06
1839,1.000,1.000,39.785446,49.722851,0.008956,0.000000,0.000000,40.208157,50.251223,0.008973,0.000000,0.000000,1.00e-06
1840,1.000,1.000,39.765012,49.697308,0.008957,0.000000,0.000000,40.206636,50.249321,0.008973,0.000000,0.000000,1.00e-06
1841,1.000,1.000,39.789329,49.727704,0.008956,0.000000,0.000000,40.210341,50.253952,0.008974,0.000000,0.000000,1.00e-06
1842,1.000,1.000,39.765988,49.698528,0.008957,0.000000,0.000000,40.215922,50.260926,0.008974,0.000000,0.000000,1.00e-06
1843,1.000,1.000,39.772125,49.706199,0.008957,0.000000,0.000000,40.222930,50.269686,0.008975,0.000000,0.000000,1.00e-06
1844,1.000,1.000,39.749533,49.677958,0.008958,0.000000,0.000000,40.233966,50.283480,0.008976,0.000000,0.000000,1.00e-06
1845,1.000,1.000,39.780345,49.716472,0.008958,0.000000,0.000000,40.235081,50.284873,0.008976,0.000000,0.000000,1.00e-06
1846,1.000,1.000,39.786477,49.724136,0.008959,0.000000,0.000000,40.228557,50.276717,0.008976,0.000000,0.000000,1.00e-06
1847,1.000,1.000,39.778765,49.714498,0.008958,0.000000,0.000000,40.223699,50.270646,0.008976,0.000000,0.000000,1.00e-06
1848,1.000,1.000,39.762537,49.694213,0.008957,0.000000,0.000000,40.219973,50.265988,0.008976,0.000000,0.000000,1.00e-06
1849,1.000,1.000,39.771717,49.705687,0.008959,0.000000,0.000000,40.218014,50.263541,0.008976,0.000000,0.000000,1.00e-06
1850,1.000,1.000,39.790953,49.729731,0.008959,0.000000,0.000000,40.216772,50.261988,0.008976,0.000000,0.000000,1.00e-06
1851,1.000,1.000,39.793526,49.732947,0.008959,0.000000,0.000000,40.207452,50.250340,0.008975,0.000000,0.000000,1.00e-06
1852,1.000,1.000,39.788713,49.726931,0.008959,0.000000,0.000000,40.205611,50.248038,0.008975,0.000000,0.000000,1.00e-06
1853,1.000,1.000,39.758951,49.689729,0.008959,0.000000,0.000000,40.217099,50.262397,0.008976,0.000000,0.000000,1.00e-06
1854,1.000,1.000,39.790035,49.728583,0.008961,0.000000,0.000000,40.218691,50.264387,0.008977,0.000000,0.000000,1.00e-06
1855,1.000,1.000,39.767154,49.699982,0.008959,0.000000,0.000000,40.222524,50.269177,0.008977,0.000000,0.000000,1.00e-06
1856,1.000,1.000,39.788354,49.726481,0.008960,0.000000,0.000000,40.222139,50.268697,0.008978,0.000000,0.000000,1.00e-06
1857,1.000,1.000,39.815418,49.760312,0.008960,0.000000,0.000000,40.218097,50.263643,0.008977,0.000000,0.000000,1.00e-06
1858,1.000,1.000,39.729828,49.653326,0.008959,0.000000,0.000000,40.217625,50.263051,0.008978,0.000000,0.000000,1.00e-06
1859,1.000,1.000,39.782978,49.719761,0.008960,0.000000,0.000000,40.223359,50.270218,0.008978,0.000000,0.000000,1.00e-06
1860,1.000,1.000,39.777109,49.712425,0.008961,0.000000,0.000000,40.229029,50.277306,0.008979,0.000000,0.000000,1.00e-06
1861,1.000,1.000,39.787862,49.725866,0.008961,0.000000,0.000000,40.232934,50.282187,0.008979,0.000000,0.000000,1.00e-06
1862,1.000,1.000,39.799154,49.739978,0.008963,0.000000,0.000000,40.231440,50.280318,0.008979,0.000000,0.000000,1.00e-06
1863,1.000,1.000,39.741374,49.667756,0.008961,0.000000,0.000000,40.234483,50.284122,0.008980,0.000000,0.000000,1.00e-06
1864,1.000,1.000,39.805175,49.747507,0.008961,0.000000,0.000000,40.236225,50.286300,0.008980,0.000000,0.000000,1.00e-06
1865,1.000,1.000,39.764654,49.696854,0.008962,0.000000,0.000000,40.231968,50.280979,0.008980,0.000000,0.000000,1.00e-06
1866,1.000,1.000,39.735635,49.660580,0.008962,0.000000,0.000000,40.227982,50.275996,0.008980,0.000000,0.000000,1.00e-06
1867,1.000,1.000,39.788360,49.726487,0.008961,0.000000,0.000000,40.224360,50.271469,0.008980,0.000000,0.000000,1.00e-06
1868,1.000,1.000,39.773856,49.708358,0.008962,0.000000,0.000000,40.227180,50.274994,0.008980,0.000000,0.000000,1.00e-06
1869,1.000,1.000,39.756451,49.686599,0.008963,0.000000,0.000000,40.235196,50.285014,0.008981,0.000000,0.000000,1.00e-06
1870,1.000,1.000,39.778165,49.713743,0.008962,0.000000,0.000000,40.236443,50.286572,0.008981,0.000000,0.000000,1.00e-06
1871,1.000,1.000,39.765237,49.697584,0.008961,0.000000,0.000000,40.237288,50.287629,0.008982,0.000000,0.000000,1.00e-06
1872,1.000,1.000,39.758168,49.688745,0.008964,0.000000,0.000000,40.240669,50.291855,0.008982,0.000000,0.000000,1.00e-06
1873,1.000,1.000,39.782937,49.719706,0.008964,0.000000,0.000000,40.237907,50.288404,0.008982,0.000000,0.000000,1.00e-06
1874,1.000,1.000,39.775512,49.710425,0.008965,0.000000,0.000000,40.231205,50.280025,0.008982,0.000000,0.000000,1.00e-06
1875,1.000,1.000,39.777827,49.713319,0.008964,0.000000,0.000000,40.239243,50.290070,0.008982,0.000000,0.000000,1.00e-06
1876,1.000,1.000,39.785165,49.722493,0.008963,0.000000,0.000000,40.247364,50.300221,0.008983,0.000000,0.000000,1.00e-06
1877,1.000,1.000,39.762727,49.694444,0.008965,0.000000,0.000000,40.255628,50.310549,0.008984,0.000000,0.000000,1.00e-06
1878,1.000,1.000,39.794493,49.734149,0.008966,0.000000,0.000000,40.254825,50.309546,0.008984,0.000000,0.000000,1.00e-06
1879,1.000,1.000,39.782610,49.719297,0.008965,0.000000,0.000000,40.258471,50.314101,0.008984,0.000000,0.000000,1.00e-06
1880,1.000,1.000,39.745727,49.673192,0.008966,0.000000,0.000000,40.256505,50.311645,0.008985,0.000000,0.000000,1.00e-06
1881,1.000,1.000,39.775355,49.710228,0.008965,0.000000,0.000000,40.264355,50.321458,0.008985,0.000000,0.000000,1.00e-06
1882,1.000,1.000,39.742507,49.669169,0.008964,0.000000,0.000000,40.263929,50.320926,0.008985,0.000000,0.000000,1.00e-06
1883,1.000,1.000,39.753634,49.683076,0.008966,0.000000,0.000000,40.254819,50.309537,0.008985,0.000000,0.000000,1.00e-06
1884,1.000,1.000,39.772080,49.706132,0.008967,0.000000,0.000000,40.252508,50.306648,0.008985,0.000000,0.000000,1.00e-06
1885,1.000,1.000,39.736751,49.661974,0.008965,0.000000,0.000000,40.250914,50.304655,0.008985,0.000000,0.000000,1.00e-06
1886,1.000,1.000,39.759027,49.689820,0.008963,0.000000,0.000000,40.248522,50.301665,0.008985,0.000000,0.000000,1.00e-06
1887,1.000,1.000,39.757520,49.687932,0.008967,0.000000,0.000000,40.245123,50.297419,0.008985,0.000000,0.000000,1.00e-06
1888,1.000,1.000,39.756686,49.686889,0.008968,0.000000,0.000000,40.237052,50.287330,0.008985,0.000000,0.000000,1.00e-06
1889,1.000,1.000,39.744717,49.671928,0.008968,0.000000,0.000000,40.238835,50.289558,0.008985,0.000000,0.000000,1.00e-06
1890,1.000,1.000,39.746023,49.673563,0.008965,0.000000,0.000000,40.241656,50.293085,0.008986,0.000000,0.000000,1.00e-06
1891,1.000,1.000,39.778644,49.714337,0.008967,0.000000,0.000000,40.238975,50.289732,0.008986,0.000000,0.000000,1.00e-06
1892,1.000,1.000,39.776339,49.711457,0.008966,0.000000,0.000000,40.233081,50.282366,0.008986,0.000000,0.000000,1.00e-06
1893,1.000,1.000,39.797926,49.738438,0.008968,0.000000,0.000000,40.230280,50.278864,0.008986,0.000000,0.000000,1.00e-06
1894,1.000,1.000,39.762496,49.694153,0.008967,0.000000,0.000000,40.229573,50.277980,0.008986,0.000000,0.000000,1.00e-06
1895,1.000,1.000,39.776136,49.711201,0.008969,0.000000,0.000000,40.223493,50.270380,0.008985,0.000000,0.000000,1.00e-06
1896,1.000,1.000,39.759821,49.690807,0.008969,0.000000,0.000000,40.218235,50.263806,0.008985,0.000000,0.000000,1.00e-06
1897,1.000,1.000,39.798614,49.739297,0.008969,0.000000,0.000000,40.218415,50.264031,0.008986,0.000000,0.000000,1.00e-06
1898,1.000,1.000,39.746924,49.674685,0.008970,0.000000,0.000000,40.221173,50.267480,0.008986,0.000000,0.000000,1.00e-06
1899,1.000,1.000,39.732910,49.657169,0.008968,0.000000,0.000000,40.221010,50.267274,0.008986,0.000000,0.000000,1.00e-06
1900,1.000,1.000,39.747790,49.675768,0.008969,0.000000,0.000000,40.227386,50.275243,0.008987,0.000000,0.000000,1.00e-06
1901,1.000,1.000,39.786314,49.723922,0.008969,0.000000,0.000000,40.234062,50.283589,0.008987,0.000000,0.000000,1.00e-06
1902,1.000,1.000,39.751837,49.680826,0.008970,0.000000,0.000000,40.234187,50.283746,0.008988,0.000000,0.000000,1.00e-06
1903,1.000,1.000,39.723520,49.645433,0.008966,0.000000,0.000000,40.230930,50.279675,0.008988,0.000000,0.000000,1.00e-06
1904,1.000,1.000,39.765459,49.697853,0.008970,0.000000,0.000000,40.237353,50.287702,0.008988,0.000000,0.000000,1.00e-06
1905,1.000,1.000,39.757747,49.688215,0.008968,0.000000,0.000000,40.240237,50.291307,0.008989,0.000000,0.000000,1.00e-06
1906,1.000,1.000,39.746744,49.674460,0.008970,0.000000,0.000000,40.243950,50.295948,0.008989,0.000000,0.000000,1.00e-06
1907,1.000,1.000,39.751185,49.680010,0.008970,0.000000,0.000000,40.245741,50.298185,0.008989,0.000000,0.000000,1.00e-06
1908,1.000,1.000,39.767772,49.700744,0.008971,0.000000,0.000000,40.243530,50.295421,0.008990,0.000000,0.000000,1.00e-06
1909,1.000,1.000,39.755503,49.685407,0.008971,0.000000,0.000000,40.236568,50.286722,0.008989,0.000000,0.000000,1.00e-06
1910,1.000,1.000,39.741211,49.667542,0.008970,0.000000,0.000000,40.229482,50.277864,0.008989,0.000000,0.000000,1.00e-06
1911,1.000,1.000,39.753760,49.683228,0.008971,0.000000,0.000000,40.224641,50.271812,0.008989,0.000000,0.000000,1.00e-06
1912,1.000,1.000,39.756733,49.686944,0.008971,0.000000,0.000000,40.227308,50.275146,0.008989,0.000000,0.000000,1.00e-06
1913,1.000,1.000,39.761260,49.692602,0.008972,0.000000,0.000000,40.225652,50.273074,0.008989,0.000000,0.000000,1.00e-06
1914,1.000,1.000,39.750095,49.678646,0.008971,0.000000,0.000000,40.220766,50.266968,0.008989,0.000000,0.000000,1.00e-06
1915,1.000,1.000,39.770467,49.704111,0.008972,0.000000,0.000000,40.218683,50.264362,0.008989,0.000000,0.000000,1.00e-06
1916,1.000,1.000,39.762311,49.693914,0.008974,0.000000,0.000000,40.213514,50.257901,0.008989,0.000000,0.000000,1.00e-06
1917,1.000,1.000,39.803164,49.744984,0.008971,0.000000,0.000000,40.210067,50.253592,0.008989,0.000000,0.000000,1.00e-06
1918,1.000,1.000,39.799049,49.739837,0.008973,0.000000,0.000000,40.210417,50.254030,0.008989,0.000000,0.000000,1.00e-06
1919,1.000,1.000,39.762362,49.693980,0.008972,0.000000,0.000000,40.211371,50.255222,0.008990,0.000000,0.000000,1.00e-06
1920,1.000,1.000,39.747534,49.675444,0.008972,0.000000,0.000000,40.218575,50.264227,0.008990,0.000000,0.000000,1.00e-06
1921,1.000,1.000,39.750956,49.679720,0.008973,0.000000,0.000000,40.224368,50.271467,0.008991,0.000000,0.000000,1.00e-06
1922,1.000,1.000,39.726990,49.649765,0.008972,0.000000,0.000000,40.225819,50.273281,0.008991,0.000000,0.000000,1.00e-06
1923,1.000,1.000,39.768718,49.701921,0.008975,0.000000,0.000000,40.229536,50.277925,0.008992,0.000000,0.000000,1.00e-06
1924,1.000,1.000,39.749614,49.678045,0.008971,0.000000,0.000000,40.226068,50.273592,0.008992,0.000000,0.000000,1.00e-06
1925,1.000,1.000,39.770424,49.704055,0.008974,0.000000,0.000000,40.225327,50.272667,0.008992,0.000000,0.000000,1.00e-06
1926,1.000,1.000,39.731833,49.655816,0.008974,0.000000,0.000000,40.232770,50.281970,0.008993,0.000000,0.000000,1.00e-06
1927,1.000,1.000,39.770205,49.703782,0.008974,0.000000,0.000000,40.232942,50.282184,0.008993,0.000000,0.000000,1.00e-06
1928,1.000,1.000,39.777226,49.712555,0.008976,0.000000,0.000000,40.237391,50.287745,0.008993,0.000000,0.000000,1.00e-06
1929,1.000,1.000,39.746150,49.673712,0.008975,0.000000,0.000000,40.238658,50.289330,0.008994,0.000000,0.000000,1.00e-06
1930,1.000,1.000,39.795401,49.735275,0.008976,0.000000,0.000000,40.239107,50.289891,0.008994,0.000000,0.000000,1.00e-06
1931,1.000,1.000,39.777190,49.712511,0.008975,0.000000,0.000000,40.240277,50.291352,0.008994,0.000000,0.000000,1.00e-06
1932,1.000,1.000,39.777627,49.713057,0.008976,0.000000,0.000000,40.240202,50.291257,0.008994,0.000000,0.000000,1.00e-06
1933,1.000,1.000,39.776408,49.711533,0.008975,0.000000,0.000000,40.249482,50.302857,0.008995,0.000000,0.000000,1.00e-06
1934,1.000,1.000,39.785941,49.723450,0.008976,0.000000,0.000000,40.251490,50.305365,0.008995,0.000000,0.000000,1.00e-06
1935,1.000,1.000,39.751005,49.679779,0.008976,0.000000,0.000000,40.256349,50.311438,0.008996,0.000000,0.000000,1.00e-06
1936,1.000,1.000,39.772383,49.706501,0.008977,0.000000,0.000000,40.255350,50.310190,0.008996,0.000000,0.000000,1.00e-06
1937,1.000,1.000,39.752256,49.681342,0.008976,0.000000,0.000000,40.259158,50.314949,0.008997,0.000000,0.000000,1.00e-06
1938,1.000,1.000,39.769201,49.702523,0.008978,0.000000,0.000000,40.259823,50.315780,0.008997,0.000000,0.000000,1.00e-06
1939,1.000,1.000,39.748997,49.677270,0.008976,0.000000,0.000000,40.255398,50.310249,0.008997,0.000000,0.000000,1.00e-06
1940,1.000,1.000,39.796797,49.737018,0.008978,0.000000,0.000000,40.255682,50.310605,0.008997,0.000000,0.000000,1.00e-06
1941,1.000,1.000,39.749113,49.677413,0.008977,0.000000,0.000000,40.258064,50.313582,0.008997,0.000000,0.000000,1.00e-06
1942,1.000,1.000,39.754922,49.684675,0.008977,0.000000,0.000000,40.260545,50.316682,0.008998,0.000000,0.000000,1.00e-06
1943,1.000,1.000,39.759018,49.689794,0.008978,0.000000,0.000000,40.256949,50.312189,0.008998,0.000000,0.000000,1.00e-06
1944,1.000,1.000,39.736878,49.662120,0.008977,0.000000,0.000000,40.254473,50.309093,0.008998,0.000000,0.000000,1.00e-06
1945,1.000,1.000,39.784540,49.721696,0.008979,0.000000,0.000000,40.256894,50.312118,0.008998,0.000000,0.000000,1.00e-06
1946,1.000,1.000,39.770584,49.704251,0.008977,0.000000,0.000000,40.248418,50.301523,0.008998,0.000000,0.000000,1.00e-06
1947,1.000,1.000,39.768097,49.701140,0.008980,0.000000,0.000000,40.243119,50.294902,0.008997,0.000000,0.000000,1.00e-06
1948,1.000,1.000,39.743323,49.670174,0.008979,0.000000,0.000000,40.242864,50.294582,0.008998,0.000000,0.000000,1.00e-06
1949,1.000,1.000,39.737130,49.662434,0.008977,0.000000,0.000000,40.249352,50.302691,0.008998,0.000000,0.000000,1.00e-06
1950,1.000,1.000,39.764148,49.696207,0.008977,0.000000,0.000000,40.251067,50.304835,0.008999,0.000000,0.000000,1.00e-06
1951,1.000,1.000,39.773683,49.708126,0.008978,0.000000,0.000000,40.252451,50.306566,0.008999,0.000000,0.000000,1.00e-06
1952,1.000,1.000,39.749064,49.677349,0.008980,0.000000,0.000000,40.249910,50.303388,0.008999,0.000000,0.000000,1.00e-06
1953,1.000,1.000,39.728358,49.651470,0.008977,0.000000,0.000000,40.243371,50.295214,0.008999,0.000000,0.000000,1.00e-06
1954,1.000,1.000,39.757654,49.688087,0.008979,0.000000,0.000000,40.240639,50.291799,0.008999,0.000000,0.000000,1.00e-06
1955,1.000,1.000,39.762230,49.693806,0.008980,0.000000,0.000000,40.241446,50.292809,0.008999,0.000000,0.000000,1.00e-06
1956,1.000,1.000,39.770814,49.704536,0.008980,0.000000,0.000000,40.236269,50.286336,0.008999,0.000000,0.000000,1.00e-06
1957,1.000,1.000,39.795672,49.735609,0.008980,0.000000,0.000000,40.230315,50.278894,0.008999,0.000000,0.000000,1.00e-06
1958,1.000,1.000,39.760790,49.692007,0.008980,0.000000,0.000000,40.227572,50.275466,0.008999,0.000000,0.000000,1.00e-06
1959,1.000,1.000,39.754133,49.683685,0.008980,0.000000,0.000000,40.226574,50.274218,0.008999,0.000000,0.000000,1.00e-06
1960,1.000,1.000,39.748052,49.676084,0.008981,0.000000,0.000000,40.228585,50.276731,0.008999,0.000000,0.000000,1.00e-06
1961,1.000,1.000,39.761443,49.692821,0.008982,0.000000,0.000000,40.229340,50.277675,0.008999,0.000000,0.000000,1.00e-06
1962,1.000,1.000,39.777860,49.713343,0.008981,0.000000,0.000000,40.222555,50.269195,0.008999,0.000000,0.000000,1.00e-06
1963,1.000,1.000,39.774222,49.708796,0.008981,0.000000,0.000000,40.219518,50.265398,0.008999,0.000000,0.000000,1.00e-06
1964,1.000,1.000,39.796155,49.736212,0.008980,0.000000,0.000000,40.225829,50.273287,0.009000,0.000000,0.000000,1.00e-06
1965,1.000,1.000,39.751276,49.680113,0.008981,0.000000,0.000000,40.225897,50.273371,0.009000,0.000000,0.000000,1.00e-06
1966,1.000,1.000,39.759079,49.689866,0.008982,0.000000,0.000000,40.230293,50.278865,0.009000,0.000000,0.000000,1.00e-06
1967,1.000,1.000,39.748941,49.677192,0.008983,0.000000,0.000000,40.238653,50.289316,0.009001,0.000000,0.000000,1.00e-06
1968,1.000,1.000,39.750972,49.679731,0.008983,0.000000,0.000000,40.242737,50.294418,0.009002,0.000000,0.000000,1.00e-06
1969,1.000,1.000,39.763808,49.695774,0.008985,0.000000,0.000000,40.244686,50.296854,0.009002,0.000000,0.000000,1.00e-06
1970,1.000,1.000,39.745631,49.673054,0.008983,0.000000,0.000000,40.250911,50.304634,0.009003,0.000000,0.000000,1.00e-06
1971,1.000,1.000,39.792913,49.732157,0.008984,0.000000,0.000000,40.259216,50.315015,0.009004,0.000000,0.000000,1.00e-06
1972,1.000,1.000,39.755912,49.685904,0.008984,0.000000,0.000000,40.260875,50.317088,0.009004,0.000000,0.000000,1.00e-06
1973,1.000,1.000,39.755828,49.685799,0.008984,0.000000,0.000000,40.259376,50.315213,0.009004,0.000000,0.000000,1.00e-06
1974,1.000,1.000,39.737560,49.662964,0.008985,0.000000,0.000000,40.253828,50.308280,0.009004,0.000000,0.000000,1.00e-06
1975,1.000,1.000,39.771500,49.705389,0.008985,0.000000,0.000000,40.249462,50.302822,0.009004,0.000000,0.000000,1.00e-06
1976,1.000,1.000,39.762221,49.693791,0.008984,0.000000,0.000000,40.248810,50.302008,0.009004,0.000000,0.000000,1.00e-06
1977,1.000,1.000,39.733135,49.657433,0.008985,0.000000,0.000000,40.244003,50.295999,0.009004,0.000000,0.000000,1.00e-06
1978,1.000,1.000,39.770194,49.703756,0.008986,0.000000,0.000000,40.234883,50.284599,0.009003,0.000000,0.000000,1.00e-06
1979,1.000,1.000,39.761797,49.693260,0.008985,0.000000,0.000000,40.228309,50.276383,0.009003,0.000000,0.000000,1.00e-06
1980,1.000,1.000,39.732032,49.656056,0.008984,0.000000,0.000000,40.224905,50.272127,0.009003,0.000000,0.000000,1.00e-06
1981,1.000,1.000,39.758747,49.689446,0.008987,0.000000,0.000000,40.219326,50.265155,0.009003,0.000000,0.000000,1.00e-06
1982,1.000,1.000,39.750069,49.678599,0.008986,0.000000,0.000000,40.214437,50.259045,0.009003,0.000000,0.000000,1.00e-06
1983,1.000,1.000,39.742599,49.669265,0.008983,0.000000,0.000000,40.210671,50.254337,0.009003,0.000000,0.000000,1.00e-06
1984,1.000,1.000,39.709210,49.627525,0.008987,0.000000,0.000000,40.211793,50.255738,0.009003,0.000000,0.000000,1.00e-06
1985,1.000,1.000,39.793087,49.732372,0.008986,0.000000,0.000000,40.201955,50.243441,0.009002,0.000000,0.000000,1.00e-06
1986,1.000,1.000,39.774516,49.709158,0.008986,0.000000,0.000000,40.202078,50.243595,0.009003,0.000000,0.000000,1.00e-06
1987,1.000,1.000,39.735738,49.660685,0.008986,0.000000,0.000000,40.212033,50.256037,0.009004,0.000000,0.000000,1.00e-06
1988,1.000,1.000,39.756912,49.687152,0.008987,0.000000,0.000000,40.216195,50.261239,0.009004,0.000000,0.000000,1.00e-06
1989,1.000,1.000,39.782050,49.718575,0.008986,0.000000,0.000000,40.223129,50.269905,0.009005,0.000000,0.000000,1.00e-06
1990,1.000,1.000,39.734052,49.658576,0.008988,0.000000,0.000000,40.225381,50.272719,0.009005,0.000000,0.000000,1.00e-06
1991,1.000,1.000,39.749614,49.678033,0.008984,0.000000,0.000000,40.234812,50.284507,0.009006,0.000000,0.000000,1.00e-06
1992,1.000,1.000,39.732135,49.656179,0.008989,0.000000,0.000000,40.243819,50.295766,0.009007,0.000000,0.000000,1.00e-06
1993,1.000,1.000,39.717638,49.638059,0.008987,0.000000,0.000000,40.246017,50.298513,0.009007,0.000000,0.000000,1.00e-06
1994,1.000,1.000,39.782832,49.719551,0.008988,0.000000,0.000000,40.249122,50.302393,0.009008,0.000000,0.000000,1.00e-06
1995,1.000,1.000,39.757381,49.687736,0.008989,0.000000,0.000000,40.246051,50.298554,0.009008,0.000000,0.000000,1.00e-06
1996,1.000,1.000,39.731975,49.655978,0.008989,0.000000,0.000000,40.243939,50.295917,0.009008,0.000000,0.000000,1.00e-06
1997,1.000,1.000,39.739645,49.665566,0.008989,0.000000,0.000000,40.234195,50.283735,0.009007,0.000000,0.000000,1.00e-06
1998,1.000,1.000,39.771205,49.705016,0.008990,0.000000,0.000000,40.226283,50.273847,0.009007,0.000000,0.000000,1.00e-06
1999,1.000,1.000,39.755988,49.685995,0.008989,0.000000,0.000000,40.226705,50.274374,0.009007,0.000000,0.000000,1.00e-06
2000,1.000,1.000,39.796398,49.736508,0.008989,0.000000,0.000000,40.225903,50.273370,0.009007,0.000000,0.000000,1.00e-06
2001,1.000,1.000,39.730255,49.653828,0.008990,0.000000,0.000000,40.228748,50.276928,0.009008,0.000000,0.000000,1.00e-06
2002,1.000,1.000,39.771678,49.705608,0.008989,0.000000,0.000000,40.235814,50.285759,0.009008,0.000000,0.000000,1.00e-06
2003,1.000,1.000,39.776301,49.711385,0.008989,0.000000,0.000000,40.233934,50.283409,0.009008,0.000000,0.000000,1.00e-06
2004,1.000,1.000,39.783442,49.720311,0.008991,0.000000,0.000000,40.229277,50.277587,0.009008,0.000000,0.000000,1.00e-06
2005,1.000,1.000,39.758814,49.689528,0.008990,0.000000,0.000000,40.230606,50.279249,0.009008,0.000000,0.000000,1.00e-06
2006,1.000,1.000,39.753546,49.682942,0.008989,0.000000,0.000000,40.225515,50.272886,0.009008,0.000000,0.000000,1.00e-06
2007,1.000,1.000,39.736287,49.661368,0.008990,0.000000,0.000000,40.227398,50.275237,0.009009,0.000000,0.000000,1.00e-06
2008,1.000,1.000,39.741396,49.667754,0.008991,0.000000,0.000000,40.227201,50.274992,0.009009,0.000000,0.000000,1.00e-06
2009,1.000,1.000,39.749011,49.677272,0.008991,0.000000,0.000000,40.229445,50.277795,0.009009,0.000000,0.000000,1.00e-06
2010,1.000,1.000,39.723422,49.645285,0.008991,0.000000,0.000000,40.232479,50.281589,0.009010,0.000000,0.000000,1.00e-06
2011,1.000,1.000,39.765426,49.697790,0.008991,0.000000,0.000000,40.233783,50.283216,0.009010,0.000000,0.000000,1.00e-06
2012,1.000,1.000,39.751609,49.680518,0.008992,0.000000,0.000000,40.237270,50.287576,0.009010,0.000000,0.000000,1.00e-06
2013,1.000,1.000,39.727483,49.650363,0.008989,0.000000,0.000000,40.237119,50.287387,0.009010,0.000000,0.000000,1.00e-06
2014,1.000,1.000,39.766949,49.699694,0.008991,0.000000,0.000000,40.239411,50.290253,0.009011,0.000000,0.000000,1.00e-06
2015,1.000,1.000,39.773302,49.707634,0.008992,0.000000,0.000000,40.236660,50.286813,0.009011,0.000000,0.000000,1.00e-06
2016,1.000,1.000,39.778697,49.714377,0.008994,0.000000,0.000000,40.228660,50.276813,0.009011,0.000000,0.000000,1.00e-06
2017,1.000,1.000,39.760758,49.691955,0.008992,0.000000,0.000000,40.233136,50.282408,0.009011,0.000000,0.000000,1.00e-06
2018,1.000,1.000,39.774320,49.708908,0.008992,0.000000,0.000000,40.233216,50.282510,0.009011,0.000000,0.000000,1.00e-06
2019,1.000,1.000,39.755364,49.685212,0.008992,0.000000,0.000000,40.222250,50.268802,0.009011,0.000000,0.000000,1.00e-06
2020,1.000,1.000,39.753864,49.683338,0.008992,0.000000,0.000000,40.224732,50.271905,0.009011,0.000000,0.000000,1.00e-06
2021,1.000,1.000,39.744464,49.671586,0.008993,0.000000,0.000000,40.226388,50.273973,0.009011,0.000000,0.000000,1.00e-06
2022,1.000,1.000,39.762953,49.694695,0.008995,0.000000,0.000000,40.217839,50.263288,0.009011,0.000000,0.000000,1.00e-06
2023,1.000,1.000,39.756046,49.686062,0.008995,0.000000,0.000000,40.215681,50.260590,0.009011,0.000000,0.000000,1.00e-06
2024,1.000,1.000,39.764548,49.696691,0.008992,0.000000,0.000000,40.218902,50.264614,0.009012,0.000000,0.000000,1.00e-06
2025,1.000,1.000,39.742220,49.668780,0.008994,0.000000,0.000000,40.222839,50.269535,0.009012,0.000000,0.000000,1.00e-06
2026,1.000,1.000,39.726358,49.648950,0.008996,0.000000,0.000000,40.228059,50.276061,0.009013,0.000000,0.000000,1.00e-06
2027,1.000,1.000,39.760751,49.691945,0.008993,0.000000,0.000000,40.229189,50.277472,0.009013,0.000000,0.000000,1.00e-06
2028,1.000,1.000,39.767581,49.700479,0.008996,0.000000,0.000000,40.225998,50.273482,0.009013,0.000000,0.000000,1.00e-06
2029,1.000,1.000,39.758097,49.688626,0.008994,0.000000,0.000000,40.228550,50.276672,0.009013,0.000000,0.000000,1.00e-06
2030,1.000,1.000,39.710599,49.629255,0.008993,0.000000,0.000000,40.228792,50.276975,0.009014,0.000000,0.000000,1.00e-06
2031,1.000,1.000,39.765096,49.697373,0.008996,0.000000,0.000000,40.223413,50.270251,0.009013,0.000000,0.000000,1.00e-06
2032,1.000,1.000,39.720570,49.641717,0.008994,0.000000,0.000000,40.226080,50.273586,0.009014,0.000000,0.000000,1.00e-06
2033,1.000,1.000,39.747614,49.675522,0.008994,0.000000,0.000000,40.228904,50.277115,0.009014,0.000000,0.000000,1.00e-06
2034,1.000,1.000,39.770149,49.703692,0.008994,0.000000,0.000000,40.228064,50.276064,0.009014,0.000000,0.000000,1.00e-06
2035,1.000,1.000,39.774989,49.709741,0.008995,0.000000,0.000000,40.230933,50.279651,0.009015,0.000000,0.000000,1.00e-06
2036,1.000,1.000,39.779988,49.715988,0.008997,0.000000,0.000000,40.225034,50.272278,0.009015,0.000000,0.000000,1.00e-06
2037,1.000,1.000,39.786011,49.723516,0.008996,0.000000,0.000000,40.224621,50.271761,0.009015,0.000000,0.000000,1.00e-06
2038,1.000,1.000,39.758335,49.688922,0.008996,0.000000,0.000000,40.222455,50.269053,0.009015,0.000000,0.000000,1.00e-06
2039,1.000,1.000,39.771699,49.705625,0.008998,0.000000,0.000000,40.225129,50.272396,0.009015,0.000000,0.000000,1.00e-06
2040,1.000,1.000,39.753345,49.682682,0.008999,0.000000,0.000000,40.231059,50.279809,0.009016,0.000000,0.000000,1.00e-06
2041,1.000,1.000,39.752161,49.681202,0.008997,0.000000,0.000000,40.235558,50.285432,0.009016,0.000000,0.000000,1.00e-06
2042,1.000,1.000,39.738347,49.663935,0.008997,0.000000,0.000000,40.232218,50.281256,0.009016,0.000000,0.000000,1.00e-06
2043,1.000,1.000,39.715025,49.634782,0.008998,0.000000,0.000000,40.234179,50.283707,0.009016,0.000000,0.000000,1.00e-06
2044,1.000,1.000,39.748236,49.676296,0.008998,0.000000,0.000000,40.234994,50.284725,0.009017,0.000000,0.000000,1.00e-06
2045,1.000,1.000,39.771286,49.705109,0.008998,0.000000,0.000000,40.233727,50.283141,0.009017,0.000000,0.000000,1.00e-06
2046,1.000,1.000,39.746884,49.674604,0.009000,0.000000,0.000000,40.238102,50.288609,0.009017,0.000000,0.000000,1.00e-06
2047,1.000,1.000,39.759071,49.689839,0.008999,0.000000,0.000000,40.237841,50.288280,0.009017,0.000000,0.000000,1.00e-06
2048,1.000,1.000,39.746051,49.673563,0.008999,0.000000,0.000000,40.237638,50.288029,0.009018,0.000000,0.000000,1.00e-06
2049,1.000,1.000,39.748103,49.676128,0.009000,0.000000,0.000000,40.231909,50.280868,0.009017,0.000000,0.000000,1.00e-06
2050,1.000,1.000,39.751190,49.679987,0.009000,0.000000,0.000000,40.228427,50.276514,0.009017,0.000000,0.000000,1.00e-06
2051,1.000,1.000,39.767032,49.699789,0.009000,0.000000,0.000000,40.233763,50.283184,0.009018,0.000000,0.000000,1.00e-06
2052,1.000,1.000,39.743538,49.670422,0.009000,0.000000,0.000000,40.233472,50.282821,0.009018,0.000000,0.000000,1.00e-06
2053,1.000,1.000,39.743097,49.669870,0.008999,0.000000,0.000000,40.237302,50.287608,0.009018,0.000000,0.000000,1.00e-06
2054,1.000,1.000,39.759453,49.690315,0.009000,0.000000,0.000000,40.236155,50.286174,0.009018,0.000000,0.000000,1.00e-06
2055,1.000,1.000,39.750940,49.679673,0.009000,0.000000,0.000000,40.237228,50.287516,0.009019,0.000000,0.000000,1.00e-06
2056,1.000,1.000,39.733664,49.658079,0.009001,0.000000,0.000000,40.240255,50.291299,0.009019,0.000000,0.000000,1.00e-06
2057,1.000,1.000,39.718388,49.638983,0.009001,0.000000,0.000000,40.243142,50.294908,0.009020,0.000000,0.000000,1.00e-06
2058,1.000,1.000,39.746614,49.674266,0.009000,0.000000,0.000000,40.247711,50.300619,0.009020,0.000000,0.000000,1.00e-06
2059,1.000,1.000,39.748874,49.677089,0.009002,0.000000,0.000000,40.243590,50.295468,0.009020,0.000000,0.000000,1.00e-06
2060,1.000,1.000,39.724015,49.646016,0.009002,0.000000,0.000000,40.244295,50.296348,0.009020,0.000000,0.000000,1.00e-06
2061,1.000,1.000,39.752497,49.681618,0.009003,0.000000,0.000000,40.241907,50.293364,0.009021,0.000000,0.000000,1.00e-06
2062,1.000,1.000,39.723413,49.645262,0.009003,0.000000,0.000000,40.240277,50.291326,0.009021,0.000000,0.000000,1.00e-06
2063,1.000,1.000,39.784757,49.721942,0.009003,0.000000,0.000000,40.240688,50.291839,0.009021,0.000000,0.000000,1.00e-06
2064,1.000,1.000,39.752448,49.681558,0.009002,0.000000,0.000000,40.236745,50.286910,0.009021,0.000000,0.000000,1.00e-06
2065,1.000,1.000,39.730604,49.654251,0.009003,0.000000,0.000000,40.240220,50.291253,0.009021,0.000000,0.000000,1.00e-06
2066,1.000,1.000,39.734326,49.658904,0.009002,0.000000,0.000000,40.241516,50.292872,0.009022,0.000000,0.000000,1.00e-06
2067,1.000,1.000,39.726838,49.649544,0.009001,0.000000,0.000000,40.245736,50.298146,0.009022,0.000000,0.000000,1.00e-06
2068,1.000,1.000,39.728433,49.651538,0.009002,0.000000,0.000000,40.251369,50.305187,0.009023,0.000000,0.000000,1.00e-06
2069,1.000,1.000,39.761255,49.692566,0.009002,0.000000,0.000000,40.253386,50.307709,0.009023,0.000000,0.000000,1.00e-06
2070,1.000,1.000,39.730130,49.653656,0.009005,0.000000,0.000000,40.256791,50.311963,0.009024,0.000000,0.000000,1.00e-06
2071,1.000,1.000,39.745259,49.672569,0.009004,0.000000,0.000000,40.258366,50.313931,0.009024,0.000000,0.000000,1.00e-06
2072,1.000,1.000,39.746663,49.674324,0.009004,0.000000,0.000000,40.261377,50.317696,0.009024,0.000000,0.000000,1.00e-06
2073,1.000,1.000,39.740344,49.666425,0.009004,0.000000,0.000000,40.257342,50.312652,0.009024,0.000000,0.000000,1.00e-06
2074,1.000,1.000,39.747354,49.675189,0.009003,0.000000,0.000000,40.244098,50.296098,0.009023,0.000000,0.000000,1.00e-06
2075,1.000,1.000,39.767901,49.700872,0.009004,0.000000,0.000000,40.242569,50.294186,0.009024,0.000000,0.000000,1.00e-06
2076,1.000,1.000,39.743980,49.670972,0.009003,0.000000,0.000000,40.246616,50.299246,0.009024,0.000000,0.000000,1.00e-06
2077,1.000,1.000,39.721911,49.643385,0.009004,0.000000,0.000000,40.250597,50.304222,0.009024,0.000000,0.000000,1.00e-06
2078,1.000,1.000,39.751974,49.680961,0.009006,0.000000,0.000000,40.251704,50.305605,0.009025,0.000000,0.000000,1.00e-06
2079,1.000,1.000,39.734615,49.659262,0.009005,0.000000,0.000000,40.252221,50.306252,0.009025,0.000000,0.000000,1.00e-06
2080,1.000,1.000,39.736231,49.661282,0.009006,0.000000,0.000000,40.254911,50.309614,0.009025,0.000000,0.000000,1.00e-06
2081,1.000,1.000,39.748959,49.677191,0.009007,0.000000,0.000000,40.257752,50.313165,0.009026,0.000000,0.000000,1.00e-06
2082,1.000,1.000,39.736411,49.661506,0.009007,0.000000,0.000000,40.262075,50.318567,0.009026,0.000000,0.000000,1.00e-06
2083,1.000,1.000,39.734605,49.659250,0.009006,0.000000,0.000000,40.263489,50.320333,0.009027,0.000000,0.000000,1.00e-06
2084,1.000,1.000,39.729561,49.652944,0.009007,0.000000,0.000000,40.270020,50.328497,0.009027,0.000000,0.000000,1.00e-06
2085,1.000,1.000,39.758519,49.689142,0.009006,0.000000,0.000000,40.271976,50.330941,0.009028,0.000000,0.000000,1.00e-06
2086,1.000,1.000,39.760183,49.691221,0.009006,0.000000,0.000000,40.272537,50.331641,0.009028,0.000000,0.000000,1.00e-06
2087,1.000,1.000,39.725185,49.647472,0.009008,0.000000,0.000000,40.265782,50.323198,0.009027,0.000000,0.000000,1.00e-06
2088,1.000,1.000,39.756433,49.686532,0.009008,0.000000,0.000000,40.261121,50.317372,0.009027,0.000000,0.000000,1.00e-06
2089,1.000,1.000,39.739875,49.665837,0.009006,0.000000,0.000000,40.257630,50.313010,0.009027,0.000000,0.000000,1.00e-06
2090,1.000,1.000,39.732873,49.657083,0.009006,0.000000,0.000000,40.253305,50.307603,0.009027,0.000000,0.000000,1.00e-06
2091,1.000,1.000,39.760196,49.691235,0.009009,0.000000,0.000000,40.249993,50.303463,0.009027,0.000000,0.000000,1.00e-06
2092,1.000,1.000,39.747638,49.675540,0.009007,0.000000,0.000000,40.249586,50.302954,0.009027,0.000000,0.000000,1.00e-06
2093,1.000,1.000,39.726284,49.648847,0.009007,0.000000,0.000000,40.254235,50.308765,0.009028,0.000000,0.000000,1.00e-06
2094,1.000,1.000,39.742342,49.668920,0.009007,0.000000,0.000000,40.258113,50.313613,0.009028,0.000000,0.000000,1.00e-06
2095,1.000,1.000,39.754879,49.684589,0.009008,0.000000,0.000000,40.252917,50.307117,0.009028,0.000000,0.000000,1.00e-06
2096,1.000,1.000,39.777962,49.713445,0.009007,0.000000,0.000000,40.251297,50.305093,0.009028,0.000000,0.000000,1.00e-06
2097,1.000,1.000,39.761605,49.692996,0.009009,0.000000,0.000000,40.248763,50.301926,0.009028,0.000000,0.000000,1.00e-06
2098,1.000,1.000,39.757586,49.687973,0.009008,0.000000,0.000000,40.244549,50.296657,0.009028,0.000000,0.000000,1.00e-06
2099,1.000,1.000,39.772720,49.706891,0.009008,0.000000,0.000000,40.244353,50.296412,0.009028,0.000000,0.000000,1.00e-06
2100,1.000,1.000,39.762817,49.694511,0.009009,0.000000,0.000000,40.241464,50.292800,0.009028,0.000000,0.000000,1.00e-06
2101,1.000,1.000,39.728368,49.651448,0.009010,0.000000,0.000000,40.244350,50.296409,0.009029,0.000000,0.000000,1.00e-06
2102,1.000,1.000,39.765599,49.697988,0.009010,0.000000,0.000000,40.246475,50.299064,0.009029,0.000000,0.000000,1.00e-06
2103,1.000,1.000,39.714039,49.633539,0.009008,0.000000,0.000000,40.246192,50.298711,0.009029,0.000000,0.000000,1.00e-06
2104,1.000,1.000,39.743370,49.670201,0.009010,0.000000,0.000000,40.248987,50.302202,0.009030,0.000000,0.000000,1.00e-06
2105,1.000,1.000,39.799993,49.740979,0.009011,0.000000,0.000000,40.248818,50.301991,0.009030,0.000000,0.000000,1.00e-06
2106,1.000,1.000,39.728132,49.651156,0.009009,0.000000,0.000000,40.246795,50.299461,0.009030,0.000000,0.000000,1.00e-06
2107,1.000,1.000,39.747997,49.675984,0.009011,0.000000,0.000000,40.243528,50.295379,0.009030,0.000000,0.000000,1.00e-06
2108,1.000,1.000,39.760002,49.690993,0.009009,0.000000,0.000000,40.246178,50.298691,0.009030,0.000000,0.000000,1.00e-06
2109,1.000,1.000,39.720673,49.641830,0.009010,0.000000,0.000000,40.249791,50.303206,0.009031,0.000000,0.000000,1.00e-06
2110,1.000,1.000,39.762634,49.694279,0.009012,0.000000,0.000000,40.257476,50.312814,0.009031,0.000000,0.000000,1.00e-06
2111,1.000,1.000,39.746728,49.674398,0.009012,0.000000,0.000000,40.264614,50.321735,0.009032,0.000000,0.000000,1.00e-06
2112,1.000,1.000,39.732613,49.656753,0.009013,0.000000,0.000000,40.267228,50.325002,0.009033,0.000000,0.000000,1.00e-06
2113,1.000,1.000,39.756455,49.686556,0.009012,0.000000,0.000000,40.269320,50.327617,0.009033,0.000000,0.000000,1.00e-06
2114,1.000,1.000,39.759314,49.690128,0.009013,0.000000,0.000000,40.264774,50.321936,0.009033,0.000000,0.000000,1.00e-06
2115,1.000,1.000,39.761495,49.692854,0.009013,0.000000,0.000000,40.263023,50.319746,0.009033,0.000000,0.000000,1.00e-06
2116,1.000,1.000,39.756585,49.686717,0.009013,0.000000,0.000000,40.257769,50.313177,0.009033,0.000000,0.000000,1.00e-06
2117,1.000,1.000,39.717509,49.637873,0.009012,0.000000,0.000000,40.252489,50.306579,0.009032,0.000000,0.000000,1.00e-06
2118,1.000,1.000,39.745227,49.672520,0.009013,0.000000,0.000000,40.254771,50.309432,0.009033,0.000000,0.000000,1.00e-06
2119,1.000,1.000,39.738865,49.664569,0.009012,0.000000,0.000000,40.255361,50.310166,0.009033,0.000000,0.000000,1.00e-06
2120,1.000,1.000,39.771101,49.704863,0.009013,0.000000,0.000000,40.258561,50.314167,0.009033,0.000000,0.000000,1.00e-06
2121,1.000,1.000,39.705371,49.622699,0.009014,0.000000,0.000000,40.263006,50.319723,0.009034,0.000000,0.000000,1.00e-06
2122,1.000,1.000,39.784094,49.721103,0.009014,0.000000,0.000000,40.265298,50.322587,0.009034,0.000000,0.000000,1.00e-06
2123,1.000,1.000,39.759300,49.690110,0.009014,0.000000,0.000000,40.269210,50.327476,0.009035,0.000000,0.000000,1.00e-06
2124,1.000,1.000,39.738232,49.663773,0.009015,0.000000,0.000000,40.265769,50.323174,0.009035,0.000000,0.000000,1.00e-06
2125,1.000,1.000,39.739534,49.665402,0.009015,0.000000,0.000000,40.267149,50.324899,0.009035,0.000000,0.000000,1.00e-06
2126,1.000,1.000,39.761585,49.692965,0.009014,0.000000,0.000000,40.268744,50.326891,0.009035,0.000000,0.000000,1.00e-06
2127,1.000,1.000,39.764101,49.696112,0.009014,0.000000,0.000000,40.269038,50.327261,0.009036,0.000000,0.000000,1.00e-06
2128,1.000,1.000,39.727472,49.650324,0.009016,0.000000,0.000000,40.265631,50.323002,0.009036,0.000000,0.000000,1.00e-06
2129,1.000,1.000,39.725761,49.648186,0.009014,0.000000,0.000000,40.260034,50.316006,0.009035,0.000000,0.000000,1.00e-06
2130,1.000,1.000,39.765301,49.697609,0.009016,0.000000,0.000000,40.255597,50.310461,0.009035,0.000000,0.000000,1.00e-06
2131,1.000,1.000,39.744573,49.671700,0.009015,0.000000,0.000000,40.250036,50.303510,0.009035,0.000000,0.000000,1.00e-06
2132,1.000,1.000,39.756095,49.686102,0.009017,0.000000,0.000000,40.250541,50.304141,0.009035,0.000000,0.000000,1.00e-06
2133,1.000,1.000,39.733089,49.657344,0.009016,0.000000,0.000000,40.251913,50.305855,0.009036,0.000000,0.000000,1.00e-06
2134,1.000,1.000,39.731574,49.655452,0.009015,0.000000,0.000000,40.252084,50.306068,0.009036,0.000000,0.000000,1.00e-06
2135,1.000,1.000,39.744023,49.671012,0.009016,0.000000,0.000000,40.251797,50.305711,0.009036,0.000000,0.000000,1.00e-06
2136,1.000,1.000,39.745197,49.672477,0.009018,0.000000,0.000000,40.249500,50.302840,0.009036,0.000000,0.000000,1.00e-06
2137,1.000,1.000,39.743823,49.670762,0.009016,0.000000,0.000000,40.244276,50.296310,0.009036,0.000000,0.000000,1.00e-06
2138,1.000,1.000,39.775191,49.709970,0.009018,0.000000,0.000000,40.240386,50.291445,0.009036,0.000000,0.000000,1.00e-06
2139,1.000,1.000,39.736519,49.661630,0.009017,0.000000,0.000000,40.238241,50.288766,0.009036,0.000000,0.000000,1.00e-06
2140,1.000,1.000,39.744512,49.671622,0.009017,0.000000,0.000000,40.238439,50.289012,0.009036,0.000000,0.000000,1.00e-06
2141,1.000,1.000,39.714814,49.634499,0.009017,0.000000,0.000000,40.242792,50.294454,0.009036,0.000000,0.000000,1.00e-06
2142,1.000,1.000,39.710665,49.629311,0.009019,0.000000,0.000000,40.239779,50.290686,0.009036,0.000000,0.000000,1.00e-06
2143,1.000,1.000,39.722749,49.644418,0.009016,0.000000,0.000000,40.234909,50.284597,0.009036,0.000000,0.000000,1.00e-06
2144,1.000,1.000,39.765714,49.698126,0.009016,0.000000,0.000000,40.234460,50.284037,0.009037,0.000000,0.000000,1.00e-06
2145,1.000,1.000,39.745122,49.672381,0.009019,0.000000,0.000000,40.240829,50.291997,0.009037,0.000000,0.000000,1.00e-06
2146,1.000,1.000,39.771796,49.705726,0.009018,0.000000,0.000000,40.241261,50.292538,0.009038,0.000000,0.000000,1.00e-06
2147,1.000,1.000,39.737368,49.662690,0.009019,0.000000,0.000000,40.234355,50.283906,0.009037,0.000000,0.000000,1.00e-06
2148,1.000,1.000,39.746389,49.673968,0.009018,0.000000,0.000000,40.228977,50.277183,0.009037,0.000000,0.000000,1.00e-06
2149,1.000,1.000,39.736641,49.661781,0.009019,0.000000,0.000000,40.229865,50.278294,0.009037,0.000000,0.000000,1.00e-06
2150,1.000,1.000,39.719167,49.639940,0.009018,0.000000,0.000000,40.236295,50.286330,0.009038,0.000000,0.000000,1.00e-06
2151,1.000,1.000,39.727260,49.650054,0.009020,0.000000,0.000000,40.243531,50.295374,0.009039,0.000000,0.000000,1.00e-06
2152,1.000,1.000,39.745715,49.673122,0.009021,0.000000,0.000000,40.244519,50.296609,0.009039,0.000000,0.000000,1.00e-06
2153,1.000,1.000,39.777376,49.712698,0.009021,0.000000,0.000000,40.246531,50.299124,0.009039,0.000000,0.000000,1.00e-06
2154,1.000,1.000,39.744649,49.671790,0.009021,0.000000,0.000000,40.248222,50.301239,0.009040,0.000000,0.000000,1.00e-06
2155,1.000,1.000,39.727891,49.650842,0.009020,0.000000,0.000000,40.245904,50.298341,0.009040,0.000000,0.000000,1.00e-06
2156,1.000,1.000,39.742411,49.668995,0.009019,0.000000,0.000000,40.242380,50.293935,0.009040,0.000000,0.000000,1.00e-06
2157,1.000,1.000,39.740915,49.667120,0.009022,0.000000,0.000000,40.241927,50.293367,0.009040,0.000000,0.000000,1.00e-06
2158,1.000,1.000,39.759750,49.690665,0.009021,0.000000,0.000000,40.239604,50.290464,0.009040,0.000000,0.000000,1.00e-06
2159,1.000,1.000,39.743751,49.670668,0.009019,0.000000,0.000000,40.238346,50.288892,0.009040,0.000000,0.000000,1.00e-06
2160,1.000,1.000,39.709860,49.628302,0.009022,0.000000,0.000000,40.239777,50.290680,0.009040,0.000000,0.000000,1.00e-06
2161,1.000,1.000,39.714343,49.633907,0.009021,0.000000,0.000000,40.240331,50.291373,0.009041,0.000000,0.000000,1.00e-06
2162,1.000,1.000,39.754426,49.684009,0.009023,0.000000,0.000000,40.242685,50.294314,0.009041,0.000000,0.000000,1.00e-06
2163,1.000,1.000,39.747573,49.675444,0.009022,0.000000,0.000000,40.246360,50.298906,0.009041,0.000000,0.000000,1.00e-06
2164,1.000,1.000,39.713872,49.633317,0.009023,0.000000,0.000000,40.246918,50.299604,0.009042,0.000000,0.000000,1.00e-06
2165,1.000,1.000,39.726616,49.649245,0.009024,0.000000,0.000000,40.241265,50.292539,0.009041,0.000000,0.000000,1.00e-06
2166,1.000,1.000,39.737977,49.663448,0.009024,0.000000,0.000000,40.242528,50.294116,0.009042,0.000000,0.000000,1.00e-06
2167,1.000,1.000,39.739944,49.665907,0.009022,0.000000,0.000000,40.245182,50.297433,0.009042,0.000000,0.000000,1.00e-06
2168,1.000,1.000,39.755922,49.685878,0.009023,0.000000,0.000000,40.249516,50.302852,0.009043,0.000000,0.000000,1.00e-06
2169,1.000,1.000,39.729954,49.653419,0.009022,0.000000,0.000000,40.255010,50.309717,0.009043,0.000000,0.000000,1.00e-06
2170,1.000,1.000,39.743359,49.670176,0.009022,0.000000,0.000000,40.250650,50.304269,0.009043,0.000000,0.000000,1.00e-06
2171,1.000,1.000,39.732905,49.657106,0.009025,0.000000,0.000000,40.250170,50.303668,0.009043,0.000000,0.000000,1.00e-06
2172,1.000,1.000,39.719762,49.640679,0.009023,0.000000,0.000000,40.247007,50.299714,0.009043,0.000000,0.000000,1.00e-06
2173,1.000,1.000,39.761802,49.693228,0.009023,0.000000,0.000000,40.245833,50.298248,0.009043,0.000000,0.000000,1.00e-06
2174,1.000,1.000,39.729288,49.652584,0.009025,0.000000,0.000000,40.245876,50.298301,0.009044,0.000000,0.000000,1.00e-06
2175,1.000,1.000,39.706051,49.623541,0.009022,0.000000,0.000000,40.248330,50.301370,0.009044,0.000000,0.000000,1.00e-06
2176,1.000,1.000,39.698217,49.613745,0.009025,0.000000,0.000000,40.249905,50.303335,0.009044,0.000000,0.000000,1.00e-06
2177,1.000,1.000,39.741331,49.667639,0.009024,0.000000,0.000000,40.248305,50.301336,0.009044,0.000000,0.000000,1.00e-06
2178,1.000,1.000,39.747386,49.675204,0.009026,0.000000,0.000000,40.245334,50.297623,0.009044,0.000000,0.000000,1.00e-06
2179,1.000,1.000,39.736752,49.661914,0.009025,0.000000,0.000000,40.241636,50.293000,0.009044,0.000000,0.000000,1.00e-06
2180,1.000,1.000,39.718825,49.639506,0.009025,0.000000,0.000000,40.240085,50.291061,0.009044,0.000000,0.000000,1.00e-06
2181,1.000,1.000,39.742191,49.668712,0.009027,0.000000,0.000000,40.247137,50.299874,0.009045,0.000000,0.000000,1.00e-06
2182,1.000,1.000,39.737879,49.663321,0.009026,0.000000,0.000000,40.245127,50.297361,0.009045,0.000000,0.000000,1.00e-06
2183,1.000,1.000,39.703558,49.620422,0.009025,0.000000,0.000000,40.244692,50.296819,0.009045,0.000000,0.000000,1.00e-06
2184,1.000,1.000,39.738203,49.663726,0.009027,0.000000,0.000000,40.250208,50.303713,0.009046,0.000000,0.000000,1.00e-06
2185,1.000,1.000,39.752884,49.682080,0.009024,0.000000,0.000000,40.256975,50.312171,0.009046,0.000000,0.000000,1.00e-06
2186,1.000,1.000,39.751423,49.680254,0.009024,0.000000,0.000000,40.256551,50.311640,0.009047,0.000000,0.000000,1.00e-06
2187,1.000,1.000,39.746736,49.674393,0.009027,0.000000,0.000000,40.256973,50.312168,0.009047,0.000000,0.000000,1.00e-06
2188,1.000,1.000,39.729070,49.652309,0.009028,0.000000,0.000000,40.255105,50.309833,0.009047,0.000000,0.000000,1.00e-06
2189,1.000,1.000,39.746998,49.674719,0.009027,0.000000,0.000000,40.253984,50.308433,0.009047,0.000000,0.000000,1.00e-06
2190,1.000,1.000,39.708104,49.626102,0.009028,0.000000,0.000000,40.257796,50.313198,0.009048,0.000000,0.000000,1.00e-06
2191,1.000,1.000,39.739517,49.665368,0.009028,0.000000,0.000000,40.256362,50.311403,0.009048,0.000000,0.000000,1.00e-06
2192,1.000,1.000,39.698279,49.613818,0.009030,0.000000,0.000000,40.259201,50.314953,0.009048,0.000000,0.000000,1.00e-06
2193,1.000,1.000,39.720216,49.641241,0.009028,0.000000,0.000000,40.263162,50.319902,0.009049,0.000000,0.000000,1.00e-06
2194,1.000,1.000,39.750091,49.678585,0.009028,0.000000,0.000000,40.259480,50.315301,0.009049,0.000000,0.000000,1.00e-06
2195,1.000,1.000,39.752279,49.681321,0.009028,0.000000,0.000000,40.252975,50.307170,0.009048,0.000000,0.000000,1.00e-06
2196,1.000,1.000,39.703586,49.620453,0.009029,0.000000,0.000000,40.251212,50.304966,0.009048,0.000000,0.000000,1.00e-06
2197,1.000,1.000,39.721034,49.642262,0.009028,0.000000,0.000000,40.246850,50.299513,0.009048,0.000000,0.000000,1.00e-06
2198,1.000,1.000,39.735830,49.660759,0.009027,0.000000,0.000000,40.250137,50.303621,0.009049,0.000000,0.000000,1.00e-06
2199,1.000,1.000,39.744993,49.672212,0.009028,0.000000,0.000000,40.251518,50.305349,0.009049,0.000000,0.000000,1.00e-06
2200,1.000,1.000,39.719108,49.639856,0.009029,0.000000,0.000000,40.252926,50.307108,0.009049,0.000000,0.000000,1.00e-06
2201,1.000,1.000,39.731600,49.655470,0.009030,0.000000,0.000000,40.258161,50.313650,0.009050,0.000000,0.000000,1.00e-06
2202,1.000,1.000,39.716729,49.636882,0.009029,0.000000,0.000000,40.253129,50.307361,0.009050,0.000000,0.000000,1.00e-06
2203,1.000,1.000,39.733725,49.658125,0.009030,0.000000,0.000000,40.253863,50.308277,0.009050,0.000000,0.000000,1.00e-06
2204,1.000,1.000,39.738263,49.663799,0.009029,0.000000,0.000000,40.256023,50.310977,0.009050,0.000000,0.000000,1.00e-06
2205,1.000,1.000,39.731931,49.655881,0.009031,0.000000,0.000000,40.263153,50.319889,0.009051,0.000000,0.000000,1.00e-06
2206,1.000,1.000,39.741801,49.668220,0.009030,0.000000,0.000000,40.261052,50.317263,0.009051,0.000000,0.000000,1.00e-06
2207,1.000,1.000,39.732433,49.656510,0.009030,0.000000,0.000000,40.260955,50.317142,0.009051,0.000000,0.000000,1.00e-06
2208,1.000,1.000,39.747063,49.674798,0.009031,0.000000,0.000000,40.263945,50.320878,0.009052,0.000000,0.000000,1.00e-06
2209,1.000,1.000,39.740763,49.666924,0.009030,0.000000,0.000000,40.266947,50.324630,0.009052,0.000000,0.000000,1.00e-06
2210,1.000,1.000,39.760806,49.691976,0.009030,0.000000,0.000000,40.272593,50.331687,0.009053,0.000000,0.000000,1.00e-06
2211,1.000,1.000,39.737690,49.663080,0.009032,0.000000,0.000000,40.275692,50.335561,0.009053,0.000000,0.000000,1.00e-06
2212,1.000,1.000,39.774142,49.708644,0.009031,0.000000,0.000000,40.279001,50.339698,0.009054,0.000000,0.000000,1.00e-06
2213,1.000,1.000,39.702035,49.618511,0.009031,0.000000,0.000000,40.275779,50.335670,0.009054,0.000000,0.000000,1.00e-06
2214,1.000,1.000,39.751464,49.680296,0.009033,0.000000,0.000000,40.278260,50.338772,0.009054,0.000000,0.000000,1.00e-06
2215,1.000,1.000,39.727063,49.649796,0.009032,0.000000,0.000000,40.280162,50.341147,0.009054,0.000000,0.000000,1.00e-06
2216,1.000,1.000,39.724162,49.646168,0.009034,0.000000,0.000000,40.284616,50.346712,0.009055,0.000000,0.000000,1.00e-06
2217,1.000,1.000,39.740875,49.667060,0.009033,0.000000,0.000000,40.285185,50.347425,0.009055,0.000000,0.000000,1.00e-06
2218,1.000,1.000,39.755222,49.684993,0.009034,0.000000,0.000000,40.284088,50.346054,0.009055,0.000000,0.000000,1.00e-06
2219,1.000,1.000,39.697455,49.612785,0.009032,0.000000,0.000000,40.282140,50.343618,0.009056,0.000000,0.000000,1.00e-06
2220,1.000,1.000,39.738483,49.664070,0.009032,0.000000,0.000000,40.283362,50.345146,0.009056,0.000000,0.000000,1.00e-06
2221,1.000,1.000,39.735299,49.660089,0.009033,0.000000,0.000000,40.282930,50.344605,0.009056,0.000000,0.000000,1.00e-06
2222,1.000,1.000,39.767479,49.700314,0.009035,0.000000,0.000000,40.278287,50.338800,0.009056,0.000000,0.000000,1.00e-06
2223,1.000,1.000,39.742716,49.669359,0.009035,0.000000,0.000000,40.275274,50.335035,0.009056,0.000000,0.000000,1.00e-06
2224,1.000,1.000,39.724741,49.646891,0.009035,0.000000,0.000000,40.274324,50.333849,0.009056,0.000000,0.000000,1.00e-06
2225,1.000,1.000,39.723181,49.644940,0.009035,0.000000,0.000000,40.273494,50.332811,0.009056,0.000000,0.000000,1.00e-06
2226,1.000,1.000,39.712945,49.632148,0.009033,0.000000,0.000000,40.271133,50.329861,0.009056,0.000000,0.000000,1.00e-06
2227,1.000,1.000,39.735209,49.659976,0.009035,0.000000,0.000000,40.273048,50.332253,0.009056,0.000000,0.000000,1.00e-06
2228,1.000,1.000,39.717341,49.637639,0.009036,0.000000,0.000000,40.273732,50.333107,0.009056,0.000000,0.000000,1.00e-06
2229,1.000,1.000,39.715339,49.635138,0.009035,0.000000,0.000000,40.274624,50.334223,0.009057,0.000000,0.000000,1.00e-06
2230,1.000,1.000,39.710826,49.629497,0.009034,0.000000,0.000000,40.268028,50.325977,0.009056,0.000000,0.000000,1.00e-06
2231,1.000,1.000,39.747531,49.675377,0.009036,0.000000,0.000000,40.267339,50.325117,0.009057,0.000000,0.000000,1.00e-06
2232,1.000,1.000,39.736717,49.661859,0.009037,0.000000,0.000000,40.265975,50.323412,0.009057,0.000000,0.000000,1.00e-06
2233,1.000,1.000,39.752188,49.681198,0.009036,0.000000,0.000000,40.267296,50.325063,0.009057,0.000000,0.000000,1.00e-06
2234,1.000,1.000,39.734086,49.658572,0.009034,0.000000,0.000000,40.269785,50.328175,0.009057,0.000000,0.000000,1.00e-06
2235,1.000,1.000,39.728749,49.651899,0.009036,0.000000,0.000000,40.267605,50.325447,0.009057,0.000000,0.000000,1.00e-06
2236,1.000,1.000,39.756930,49.687124,0.009036,0.000000,0.000000,40.264863,50.322021,0.009057,0.000000,0.000000,1.00e-06
2237,1.000,1.000,39.713093,49.632329,0.009037,0.000000,0.000000,40.261915,50.318336,0.009057,0.000000,0.000000,1.00e-06
2238,1.000,1.000,39.734055,49.658531,0.009037,0.000000,0.000000,40.256212,50.311208,0.009057,0.000000,0.000000,1.00e-06
2239,1.000,1.000,39.743173,49.669928,0.009037,0.000000,0.000000,40.254232,50.308732,0.009057,0.000000,0.000000,1.00e-06
2240,1.000,1.000,39.734587,49.659197,0.009036,0.000000,0.000000,40.254338,50.308863,0.009057,0.000000,0.000000,1.00e-06
2241,1.000,1.000,39.740025,49.665992,0.009038,0.000000,0.000000,40.250115,50.303585,0.009057,0.000000,0.000000,1.00e-06
2242,1.000,1.000,39.712216,49.631231,0.009037,0.000000,0.000000,40.252059,50.306015,0.009057,0.000000,0.000000,1.00e-06
2243,1.000,1.000,39.718275,49.638806,0.009037,0.000000,0.000000,40.250181,50.303666,0.009058,0.000000,0.000000,1.00e-06
2244,1.000,1.000,39.720300,49.641336,0.009038,0.000000,0.000000,40.251945,50.305871,0.009058,0.000000,0.000000,1.00e-06
2245,1.000,1.000,39.728701,49.651836,0.009040,0.000000,0.000000,40.248171,50.301154,0.009058,0.000000,0.000000,1.00e-06
2246,1.000,1.000,39.720857,49.642031,0.009039,0.000000,0.000000,40.248501,50.301566,0.009058,0.000000,0.000000,1.00e-06
2247,1.000,1.000,39.717338,49.637632,0.009040,0.000000,0.000000,40.249109,50.302328,0.009058,0.000000,0.000000,1.00e-06
2248,1.000,1.000,39.741580,49.667935,0.009040,0.000000,0.000000,40.253799,50.308189,0.009059,0.000000,0.000000,1.00e-06
2249,1.000,1.000,39.734117,49.658606,0.009039,0.000000,0.000000,40.262612,50.319205,0.009060,0.000000,0.000000,1.00e-06
2250,1.000,1.000,39.732420,49.656484,0.009040,0.000000,0.000000,40.268538,50.326612,0.009061,0.000000,0.000000,1.00e-06
2251,1.000,1.000,39.736570,49.661673,0.009039,0.000000,0.000000,40.276567,50.336646,0.009061,0.000000,0.000000,1.00e-06
2252,1.000,1.000,39.733530,49.657874,0.009038,0.000000,0.000000,40.275354,50.335132,0.009062,0.000000,0.000000,1.00e-06
2253,1.000,1.000,39.704116,49.621105,0.009039,0.000000,0.000000,40.274550,50.334126,0.009062,0.000000,0.000000,1.00e-06
2254,1.000,1.000,39.733840,49.658258,0.009041,0.000000,0.000000,40.278188,50.338672,0.009062,0.000000,0.000000,1.00e-06
2255,1.000,1.000,39.759774,49.690676,0.009041,0.000000,0.000000,40.279395,50.340181,0.009062,0.000000,0.000000,1.00e-06
2256,1.000,1.000,39.714448,49.634020,0.009039,0.000000,0.000000,40.277482,50.337789,0.009062,0.000000,0.000000,1.00e-06
2257,1.000,1.000,39.726883,49.649561,0.009041,0.000000,0.000000,40.281160,50.342387,0.009063,0.000000,0.000000,1.00e-06
2258,1.000,1.000,39.758766,49.689414,0.009042,0.000000,0.000000,40.281824,50.343216,0.009063,0.000000,0.000000,1.00e-06
2259,1.000,1.000,39.738982,49.664687,0.009039,0.000000,0.000000,40.282042,50.343487,0.009063,0.000000,0.000000,1.00e-06
2260,1.000,1.000,39.723612,49.645474,0.009040,0.000000,0.000000,40.280427,50.341468,0.009063,0.000000,0.000000,1.00e-06
2261,1.000,1.000,39.758539,49.689131,0.009042,0.000000,0.000000,40.277647,50.337994,0.009063,0.000000,0.000000,1.00e-06
2262,1.000,1.000,39.731972,49.655923,0.009041,0.000000,0.000000,40.273799,50.333184,0.009063,0.000000,0.000000,1.00e-06
2263,1.000,1.000,39.695606,49.610464,0.009042,0.000000,0.000000,40.266304,50.323815,0.009063,0.000000,0.000000,1.00e-06
2264,1.000,1.000,39.728442,49.651509,0.009042,0.000000,0.000000,40.263445,50.320241,0.009063,0.000000,0.000000,1.00e-06
2265,1.000,1.000,39.692685,49.606815,0.009041,0.000000,0.000000,40.265234,50.322477,0.009063,0.000000,0.000000,1.00e-06
2266,1.000,1.000,39.709837,49.628252,0.009043,0.000000,0.000000,40.261636,50.317980,0.009063,0.000000,0.000000,1.00e-06
2267,1.000,1.000,39.738473,49.664046,0.009044,0.000000,0.000000,40.256952,50.312126,0.009063,0.000000,0.000000,1.00e-06
2268,1.000,1.000,39.743547,49.670389,0.009044,0.000000,0.000000,40.250218,50.303709,0.009063,0.000000,0.000000,1.00e-06
2269,1.000,1.000,39.711952,49.630896,0.009043,0.000000,0.000000,40.248316,50.301331,0.009063,0.000000,0.000000,1.00e-06
2270,1.000,1.000,39.720899,49.642081,0.009042,0.000000,0.000000,40.250340,50.303862,0.009063,0.000000,0.000000,1.00e-06
2271,1.000,1.000,39.749950,49.678394,0.009043,0.000000,0.000000,40.245930,50.298348,0.009063,0.000000,0.000000,1.00e-06
2272,1.000,1.000,39.705256,49.622527,0.009041,0.000000,0.000000,40.247180,50.299911,0.009063,0.000000,0.000000,1.00e-06
2273,1.000,1.000,39.717856,49.638275,0.009045,0.000000,0.000000,40.249160,50.302386,0.009064,0.000000,0.000000,1.00e-06
2274,1.000,1.000,39.767608,49.700467,0.009042,0.000000,0.000000,40.243128,50.294845,0.009063,0.000000,0.000000,1.00e-06
2275,1.000,1.000,39.723703,49.645584,0.009044,0.000000,0.000000,40.238875,50.289531,0.009063,0.000000,0.000000,1.00e-06
2276,1.000,1.000,39.723504,49.645334,0.009045,0.000000,0.000000,40.237483,50.287790,0.009064,0.000000,0.000000,1.00e-06
2277,1.000,1.000,39.766557,49.699151,0.009044,0.000000,0.000000,40.240251,50.291248,0.009064,0.000000,0.000000,1.00e-06
2278,1.000,1.000,39.715736,49.635625,0.009045,0.000000,0.000000,40.241530,50.292848,0.009064,0.000000,0.000000,1.00e-06
2279,1.000,1.000,39.702667,49.619286,0.009046,0.000000,0.000000,40.241022,50.292210,0.009064,0.000000,0.000000,1.00e-06
2280,1.000,1.000,39.725215,49.647473,0.009045,0.000000,0.000000,40.247481,50.300286,0.009065,0.000000,0.000000,1.00e-06
2281,1.000,1.000,39.712969,49.632165,0.009046,0.000000,0.000000,40.253327,50.307591,0.009066,0.000000,0.000000,1.00e-06
2282,1.000,1.000,39.711611,49.630468,0.009046,0.000000,0.000000,40.255006,50.309690,0.009066,0.000000,0.000000,1.00e-06
2283,1.000,1.000,39.756762,49.686906,0.009046,0.000000,0.000000,40.252152,50.306123,0.009066,0.000000,0.000000,1.00e-06
2284,1.000,1.000,39.745116,49.672349,0.009045,0.000000,0.000000,40.253490,50.307796,0.009066,0.000000,0.000000,1.00e-06
2285,1.000,1.000,39.733526,49.657862,0.009045,0.000000,0.000000,40.250937,50.304605,0.009066,0.000000,0.000000,1.00e-06
2286,1.000,1.000,39.704898,49.622074,0.009046,0.000000,0.000000,40.250543,50.304111,0.009066,0.000000,0.000000,1.00e-06
2287,1.000,1.000,39.706988,49.624686,0.009047,0.000000,0.000000,40.248299,50.301306,0.009066,0.000000,0.000000,1.00e-06
2288,1.000,1.000,39.763718,49.695600,0.009047,0.000000,0.000000,40.250250,50.303744,0.009067,0.000000,0.000000,1.00e-06
2289,1.000,1.000,39.734868,49.659536,0.009047,0.000000,0.000000,40.250399,50.303931,0.009067,0.000000,0.000000,1.00e-06
2290,1.000,1.000,39.731805,49.655710,0.009046,0.000000,0.000000,40.250593,50.304173,0.009067,0.000000,0.000000,1.00e-06
2291,1.000,1.000,39.734974,49.659669,0.009048,0.000000,0.000000,40.253035,50.307225,0.009068,0.000000,0.000000,1.00e-06
2292,1.000,1.000,39.737677,49.663047,0.009047,0.000000,0.000000,40.258262,50.313758,0.009068,0.000000,0.000000,1.00e-06
2293,1.000,1.000,39.713131,49.632365,0.009049,0.000000,0.000000,40.255939,50.310857,0.009068,0.000000,0.000000,1.00e-06
2294,1.000,1.000,39.740537,49.666622,0.009049,0.000000,0.000000,40.249214,50.302449,0.009068,0.000000,0.000000,1.00e-06
2295,1.000,1.000,39.726490,49.649063,0.009048,0.000000,0.000000,40.246758,50.299378,0.009068,0.000000,0.000000,1.00e-06
2296,1.000,1.000,39.753503,49.682830,0.009048,0.000000,0.000000,40.246962,50.299634,0.009068,0.000000,0.000000,1.00e-06
2297,1.000,1.000,39.721762,49.643154,0.009048,0.000000,0.000000,40.247549,50.300366,0.009068,0.000000,0.000000,1.00e-06
2298,1.000,1.000,39.741345,49.667631,0.009049,0.000000,0.000000,40.255948,50.310863,0.009069,0.000000,0.000000,1.00e-06
2299,1.000,1.000,39.756041,49.686002,0.009049,0.000000,0.000000,40.254142,50.308607,0.009069,0.000000,0.000000,1.00e-06
2300,1.000,1.000,39.749968,49.678412,0.009047,0.000000,0.000000,40.253405,50.307685,0.009069,0.000000,0.000000,1.00e-06
2301,1.000,1.000,39.707190,49.624936,0.009051,0.000000,0.000000,40.257838,50.313227,0.009070,0.000000,0.000000,1.00e-06
2302,1.000,1.000,39.706603,49.624203,0.009051,0.000000,0.000000,40.256221,50.311205,0.009070,0.000000,0.000000,1.00e-06
2303,1.000,1.000,39.719939,49.640873,0.009050,0.000000,0.000000,40.253487,50.307787,0.009070,0.000000,0.000000,1.00e-06
2304,1.000,1.000,39.714206,49.633707,0.009049,0.000000,0.000000,40.256577,50.311649,0.009070,0.000000,0.000000,1.00e-06
2305,1.000,1.000,39.708564,49.626654,0.009050,0.000000,0.000000,40.256263,50.311257,0.009071,0.000000,0.000000,1.00e-06
2306,1.000,1.000,39.730753,49.654390,0.009050,0.000000,0.000000,40.259535,50.315348,0.009071,0.000000,0.000000,1.00e-06
2307,1.000,1.000,39.721354,49.642643,0.009050,0.000000,0.000000,40.258242,50.313731,0.009071,0.000000,0.000000,1.00e-06
2308,1.000,1.000,39.709212,49.627463,0.009051,0.000000,0.000000,40.260606,50.316685,0.009072,0.000000,0.000000,1.00e-06
2309,1.000,1.000,39.741772,49.668161,0.009052,0.000000,0.000000,40.264461,50.321505,0.009072,0.000000,0.000000,1.00e-06
2310,1.000,1.000,39.731666,49.655530,0.009052,0.000000,0.000000,40.262595,50.319170,0.009072,0.000000,0.000000,1.00e-06
2311,1.000,1.000,39.718893,49.639563,0.009052,0.000000,0.000000,40.258451,50.313990,0.009072,0.000000,0.000000,1.00e-06
2312,1.000,1.000,39.700594,49.616690,0.009052,0.000000,0.000000,40.253730,50.308090,0.009072,0.000000,0.000000,1.00e-06
2313,1.000,1.000,39.724567,49.646657,0.009050,0.000000,0.000000,40.249394,50.302672,0.009072,0.000000,0.000000,1.00e-06
2314,1.000,1.000,39.711849,49.630757,0.009053,0.000000,0.000000,40.248005,50.300935,0.009072,0.000000,0.000000,1.00e-06
2315,1.000,1.000,39.717387,49.637680,0.009053,0.000000,0.000000,40.245544,50.297857,0.009072,0.000000,0.000000,1.00e-06
2316,1.000,1.000,39.709515,49.627841,0.009051,0.000000,0.000000,40.248669,50.301764,0.009072,0.000000,0.000000,1.00e-06
2317,1.000,1.000,39.711656,49.630515,0.009054,0.000000,0.000000,40.246496,50.299047,0.009072,0.000000,0.000000,1.00e-06
2318,1.000,1.000,39.719672,49.640537,0.009052,0.000000,0.000000,40.249226,50.302458,0.009073,0.000000,0.000000,1.00e-06
2319,1.000,1.000,39.709676,49.628041,0.009053,0.000000,0.000000,40.250508,50.304062,0.009073,0.000000,0.000000,1.00e-06
2320,1.000,1.000,39.713313,49.632587,0.009055,0.000000,0.000000,40.248798,50.301923,0.009073,0.000000,0.000000,1.00e-06
2321,1.000,1.000,39.720319,49.641345,0.009053,0.000000,0.000000,40.244364,50.296380,0.009073,0.000000,0.000000,1.00e-06
2322,1.000,1.000,39.689289,49.602557,0.009052,0.000000,0.000000,40.245851,50.298238,0.009073,0.000000,0.000000,1.00e-06
2323,1.000,1.000,39.695232,49.609985,0.009054,0.000000,0.000000,40.250603,50.304177,0.009074,0.000000,0.000000,1.00e-06
2324,1.000,1.000,39.736523,49.661598,0.009055,0.000000,0.000000,40.247423,50.300204,0.009074,0.000000,0.000000,1.00e-06
2325,1.000,1.000,39.759293,49.690060,0.009055,0.000000,0.000000,40.245344,50.297606,0.009074,0.000000,0.000000,1.00e-06
2326,1.000,1.000,39.744617,49.671717,0.009054,0.000000,0.000000,40.249351,50.302613,0.009074,0.000000,0.000000,1.00e-06
2327,1.000,1.000,39.728987,49.652178,0.009055,0.000000,0.000000,40.247374,50.300143,0.009074,0.000000,0.000000,1.00e-06
2328,1.000,1.000,39.738367,49.663903,0.009056,0.000000,0.000000,40.244677,50.296771,0.009074,0.000000,0.000000,1.00e-06
2329,1.000,1.000,39.716875,49.637036,0.009057,0.000000,0.000000,40.243025,50.294706,0.009074,0.000000,0.000000,1.00e-06
2330,1.000,1.000,39.706405,49.623951,0.009055,0.000000,0.000000,40.240397,50.291422,0.009074,0.000000,0.000000,1.00e-06
2331,1.000,1.000,39.730643,49.654247,0.009056,0.000000,0.000000,40.238610,50.289188,0.009074,0.000000,0.000000,1.00e-06
2332,1.000,1.000,39.734608,49.659204,0.009055,0.000000,0.000000,40.237116,50.287320,0.009075,0.000000,0.000000,1.00e-06
2333,1.000,1.000,39.709092,49.627308,0.009056,0.000000,0.000000,40.235771,50.285639,0.009075,0.000000,0.000000,1.00e-06
2334,1.000,1.000,39.727279,49.650041,0.009057,0.000000,0.000000,40.237844,50.288228,0.009075,0.000000,0.000000,1.00e-06
2335,1.000,1.000,39.692563,49.606647,0.009056,0.000000,0.000000,40.241393,50.292665,0.009075,0.000000,0.000000,1.00e-06
2336,1.000,1.000,39.716931,49.637106,0.009057,0.000000,0.000000,40.243453,50.295239,0.009076,0.000000,0.000000,1.00e-06
2337,1.000,1.000,39.749340,49.677620,0.009055,0.000000,0.000000,40.248282,50.301275,0.009076,0.000000,0.000000,1.00e-06
2338,1.000,1.000,39.737809,49.663205,0.009056,0.000000,0.000000,40.249677,50.303018,0.009077,0.000000,0.000000,1.00e-06
2339,1.000,1.000,39.748797,49.676937,0.009058,0.000000,0.000000,40.252868,50.307006,0.009077,0.000000,0.000000,1.00e-06
2340,1.000,1.000,39.758364,49.688897,0.009056,0.000000,0.000000,40.252700,50.306795,0.009077,0.000000,0.000000,1.00e-06
2341,1.000,1.000,39.706546,49.624125,0.009057,0.000000,0.000000,40.249740,50.303095,0.009077,0.000000,0.000000,1.00e-06
2342,1.000,1.000,39.700300,49.616318,0.009056,0.000000,0.000000,40.253961,50.308372,0.009078,0.000000,0.000000,1.00e-06
2343,1.000,1.000,39.719493,49.640308,0.009058,0.000000,0.000000,40.255817,50.310693,0.009078,0.000000,0.000000,1.00e-06
2344,1.000,1.000,39.705476,49.622786,0.009058,0.000000,0.000000,40.255688,50.310530,0.009078,0.000000,0.000000,1.00e-06
2345,1.000,1.000,39.708505,49.626571,0.009059,0.000000,0.000000,40.251266,50.305004,0.009078,0.000000,0.000000,1.00e-06
2346,1.000,1.000,39.720266,49.641273,0.009058,0.000000,0.000000,40.249753,50.303113,0.009078,0.000000,0.000000,1.00e-06
2347,1.000,1.000,39.720417,49.641462,0.009059,0.000000,0.000000,40.247710,50.300560,0.009078,0.000000,0.000000,1.00e-06
2348,1.000,1.000,39.717168,49.637400,0.009059,0.000000,0.000000,40.246594,50.299165,0.009078,0.000000,0.000000,1.00e-06
2349,1.000,1.000,39.702312,49.618831,0.009059,0.000000,0.000000,40.251007,50.304680,0.009079,0.000000,0.000000,1.00e-06
2350,1.000,1.000,39.724748,49.646873,0.009060,0.000000,0.000000,40.257541,50.312845,0.009079,0.000000,0.000000,1.00e-06
2351,1.000,1.000,39.737654,49.663008,0.009058,0.000000,0.000000,40.261904,50.318299,0.009080,0.000000,0.000000,1.00e-06
2352,1.000,1.000,39.729805,49.653197,0.009059,0.000000,0.000000,40.269304,50.327548,0.009081,0.000000,0.000000,1.00e-06
2353,1.000,1.000,39.699402,49.615191,0.009060,0.000000,0.000000,40.273284,50.332523,0.009081,0.000000,0.000000,1.00e-06
2354,1.000,1.000,39.698086,49.613545,0.009061,0.000000,0.000000,40.270032,50.328458,0.009081,0.000000,0.000000,1.00e-06
2355,1.000,1.000,39.695045,49.609745,0.009060,0.000000,0.000000,40.270867,50.329501,0.009081,0.000000,0.000000,1.00e-06
2356,1.000,1.000,39.727377,49.650159,0.009061,0.000000,0.000000,40.269793,50.328158,0.009081,0.000000,0.000000,1.00e-06
2357,1.000,1.000,39.722330,49.643850,0.009061,0.000000,0.000000,40.269645,50.327972,0.009081,0.000000,0.000000,1.00e-06
2358,1.000,1.000,39.710349,49.628872,0.009063,0.000000,0.000000,40.264113,50.321059,0.009081,0.000000,0.000000,1.00e-06
2359,1.000,1.000,39.733276,49.657534,0.009061,0.000000,0.000000,40.258795,50.314410,0.009081,0.000000,0.000000,1.00e-06
2360,1.000,1.000,39.742739,49.669361,0.009061,0.000000,0.000000,40.263306,50.320049,0.009082,0.000000,0.000000,1.00e-06
2361,1.000,1.000,39.747421,49.675217,0.009060,0.000000,0.000000,40.261296,50.317537,0.009082,0.000000,0.000000,1.00e-06
2362,1.000,1.000,39.738419,49.663962,0.009061,0.000000,0.000000,40.267077,50.324763,0.009083,0.000000,0.000000,1.00e-06
2363,1.000,1.000,39.724960,49.647137,0.009062,0.000000,0.000000,40.272736,50.331836,0.009083,0.000000,0.000000,1.00e-06
2364,1.000,1.000,39.704865,49.622019,0.009061,0.000000,0.000000,40.271477,50.330261,0.009083,0.000000,0.000000,1.00e-06
2365,1.000,1.000,39.732608,49.656698,0.009062,0.000000,0.000000,40.263520,50.320316,0.009083,0.000000,0.000000,1.00e-06
2366,1.000,1.000,39.739495,49.665304,0.009063,0.000000,0.000000,40.257796,50.313162,0.009083,0.000000,0.000000,1.00e-06
2367,1.000,1.000,39.719083,49.639791,0.009063,0.000000,0.000000,40.250686,50.304275,0.009082,0.000000,0.000000,1.00e-06
2368,1.000,1.000,39.724084,49.646041,0.009063,0.000000,0.000000,40.251679,50.305517,0.009083,0.000000,0.000000,1.00e-06
2369,1.000,1.000,39.735903,49.660815,0.009062,0.000000,0.000000,40.254830,50.309455,0.009083,0.000000,0.000000,1.00e-06
2370,1.000,1.000,39.744425,49.671466,0.009064,0.000000,0.000000,40.260509,50.316550,0.009084,0.000000,0.000000,1.00e-06
2371,1.000,1.000,39.699260,49.615012,0.009062,0.000000,0.000000,40.263884,50.320770,0.009084,0.000000,0.000000,1.00e-06
2372,1.000,1.000,39.706530,49.624098,0.009063,0.000000,0.000000,40.266141,50.323591,0.009084,0.000000,0.000000,1.00e-06
2373,1.000,1.000,39.746081,49.673537,0.009064,0.000000,0.000000,40.263253,50.319981,0.009084,0.000000,0.000000,1.00e-06
2374,1.000,1.000,39.717524,49.637842,0.009063,0.000000,0.000000,40.264548,50.321600,0.009085,0.000000,0.000000,1.00e-06
2375,1.000,1.000,39.707005,49.624691,0.009065,0.000000,0.000000,40.262604,50.319169,0.009085,0.000000,0.000000,1.00e-06
2376,1.000,1.000,39.671570,49.580400,0.009062,0.000000,0.000000,40.260125,50.316070,0.009085,0.000000,0.000000,1.00e-06
2377,1.000,1.000,39.706472,49.624025,0.009064,0.000000,0.000000,40.263985,50.320894,0.009085,0.000000,0.000000,1.00e-06
2378,1.000,1.000,39.704708,49.621819,0.009065,0.000000,0.000000,40.258797,50.314410,0.009085,0.000000,0.000000,1.00e-06
2379,1.000,1.000,39.723994,49.645929,0.009063,0.000000,0.000000,40.256083,50.311017,0.009085,0.000000,0.000000,1.00e-06
2380,1.000,1.000,39.705697,49.623054,0.009066,0.000000,0.000000,40.259274,50.315007,0.009085,0.000000,0.000000,1.00e-06
2381,1.000,1.000,39.708287,49.626291,0.009066,0.000000,0.000000,40.259521,50.315315,0.009086,0.000000,0.000000,1.00e-06
2382,1.000,1.000,39.734027,49.658467,0.009065,0.000000,0.000000,40.257012,50.312179,0.009086,0.000000,0.000000,1.00e-06
2383,1.000,1.000,39.712679,49.631783,0.009066,0.000000,0.000000,40.256419,50.311437,0.009086,0.000000,0.000000,1.00e-06
2384,1.000,1.000,39.710846,49.629492,0.009065,0.000000,0.000000,40.259279,50.315012,0.009086,0.000000,0.000000,1.00e-06
2385,1.000,1.000,39.724330,49.646345,0.009066,0.000000,0.000000,40.261026,50.317197,0.009086,0.000000,0.000000,1.00e-06
2386,1.000,1.000,39.715501,49.635308,0.009068,0.000000,0.000000,40.258005,50.313419,0.009086,0.000000,0.000000,1.00e-06
2387,1.000,1.000,39.729817,49.653203,0.009067,0.000000,0.000000,40.259135,50.314832,0.009087,0.000000,0.000000,1.00e-06
2388,1.000,1.000,39.690580,49.604159,0.009066,0.000000,0.000000,40.262097,50.318534,0.009087,0.000000,0.000000,1.00e-06
2389,1.000,1.000,39.711175,49.629902,0.009066,0.000000,0.000000,40.263505,50.320292,0.009087,0.000000,0.000000,1.00e-06
2390,1.000,1.000,39.721466,49.642766,0.009066,0.000000,0.000000,40.264281,50.321262,0.009087,0.000000,0.000000,1.00e-06
2391,1.000,1.000,39.742464,49.669011,0.009068,0.000000,0.000000,40.265592,50.322902,0.009088,0.000000,0.000000,1.00e-06
2392,1.000,1.000,39.684456,49.596503,0.009067,0.000000,0.000000,40.264653,50.321729,0.009088,0.000000,0.000000,1.00e-06
2393,1.000,1.000,39.728780,49.651906,0.009068,0.000000,0.000000,40.267539,50.325335,0.009088,0.000000,0.000000,1.00e-06
2394,1.000,1.000,39.737320,49.662582,0.009068,0.000000,0.000000,40.270054,50.328477,0.009089,0.000000,0.000000,1.00e-06
2395,1.000,1.000,39.678959,49.589631,0.009067,0.000000,0.000000,40.269975,50.328379,0.009089,0.000000,0.000000,1.00e-06
2396,1.000,1.000,39.718494,49.639050,0.009067,0.000000,0.000000,40.271611,50.330422,0.009089,0.000000,0.000000,1.00e-06
2397,1.000,1.000,39.719183,49.639909,0.009068,0.000000,0.000000,40.273040,50.332208,0.009090,0.000000,0.000000,1.00e-06
2398,1.000,1.000,39.692995,49.607174,0.009069,0.000000,0.000000,40.271749,50.330595,0.009090,0.000000,0.000000,1.00e-06
2399,1.000,1.000,39.716249,49.636241,0.009069,0.000000,0.000000,40.267943,50.325839,0.009090,0.000000,0.000000,1.00e-06
2400,1.000,1.000,39.722216,49.643698,0.009071,0.000000,0.000000,40.275806,50.335666,0.009090,0.000000,0.000000,1.00e-06
2401,1.000,1.000,39.731581,49.655405,0.009070,0.000000,0.000000,40.275668,50.335494,0.009091,0.000000,0.000000,1.00e-06
2402,1.000,1.000,39.713073,49.632271,0.009069,0.000000,0.000000,40.272939,50.332083,0.009091,0.000000,0.000000,1.00e-06
2403,1.000,1.000,39.722421,49.643955,0.009070,0.000000,0.000000,40.270569,50.329120,0.009091,0.000000,0.000000,1.00e-06
2404,1.000,1.000,39.706140,49.623605,0.009070,0.000000,0.000000,40.265647,50.322968,0.009090,0.000000,0.000000,1.00e-06
2405,1.000,1.000,39.710852,49.629494,0.009070,0.000000,0.000000,40.264107,50.321042,0.009091,0.000000,0.000000,1.00e-06
2406,1.000,1.000,39.716407,49.636437,0.009071,0.000000,0.000000,40.263936,50.320828,0.009091,0.000000,0.000000,1.00e-06
2407,1.000,1.000,39.723869,49.645765,0.009070,0.000000,0.000000,40.266889,50.324519,0.009091,0.000000,0.000000,1.00e-06
2408,1.000,1.000,39.691461,49.605256,0.009069,0.000000,0.000000,40.272082,50.331010,0.009092,0.000000,0.000000,1.00e-06
2409,1.000,1.000,39.691044,49.604732,0.009072,0.000000,0.000000,40.274403,50.333910,0.009092,0.000000,0.000000,1.00e-06
2410,1.000,1.000,39.720840,49.641978,0.009072,0.000000,0.000000,40.275540,50.335331,0.009092,0.000000,0.000000,1.00e-06
2411,1.000,1.000,39.703432,49.620218,0.009070,0.000000,0.000000,40.272211,50.331171,0.009092,0.000000,0.000000,1.00e-06
2412,1.000,1.000,39.710186,49.628662,0.009070,0.000000,0.000000,40.269556,50.327852,0.009092,0.000000,0.000000,1.00e-06
2413,1.000,1.000,39.727669,49.650513,0.009072,0.000000,0.000000,40.267580,50.325382,0.009092,0.000000,0.000000,1.00e-06
2414,1.000,1.000,39.657286,49.562536,0.009071,0.000000,0.000000,40.271297,50.330029,0.009093,0.000000,0.000000,1.00e-06
2415,1.000,1.000,39.676874,49.587018,0.009073,0.000000,0.000000,40.270877,50.329502,0.009093,0.000000,0.000000,1.00e-06
2416,1.000,1.000,39.720414,49.641445,0.009072,0.000000,0.000000,40.270296,50.328775,0.009093,0.000000,0.000000,1.00e-06
2417,1.000,1.000,39.705178,49.622401,0.009071,0.000000,0.000000,40.268532,50.326570,0.009093,0.000000,0.000000,1.00e-06
2418,1.000,1.000,39.682003,49.593430,0.009073,0.000000,0.000000,40.267077,50.324752,0.009093,0.000000,0.000000,1.00e-06
2419,1.000,1.000,39.706219,49.623701,0.009072,0.000000,0.000000,40.265883,50.323259,0.009093,0.000000,0.000000,1.00e-06
2420,1.000,1.000,39.694955,49.609619,0.009073,0.000000,0.000000,40.264387,50.321388,0.009093,0.000000,0.000000,1.00e-06
2421,1.000,1.000,39.721120,49.642326,0.009074,0.000000,0.000000,40.265394,50.322647,0.009094,0.000000,0.000000,1.00e-06
2422,1.000,1.000,39.703844,49.620732,0.009073,0.000000,0.000000,40.265962,50.323357,0.009094,0.000000,0.000000,1.00e-06
2423,1.000,1.000,39.724928,49.647086,0.009073,0.000000,0.000000,40.263175,50.319874,0.009094,0.000000,0.000000,1.00e-06
2424,1.000,1.000,39.703536,49.620345,0.009074,0.000000,0.000000,40.257792,50.313145,0.009093,0.000000,0.000000,1.00e-06
2425,1.000,1.000,39.707826,49.625706,0.009075,0.000000,0.000000,40.254328,50.308815,0.009093,0.000000,0.000000,1.00e-06
2426,1.000,1.000,39.712363,49.631377,0.009075,0.000000,0.000000,40.253274,50.307499,0.009093,0.000000,0.000000,1.00e-06
2427,1.000,1.000,39.727195,49.649920,0.009073,0.000000,0.000000,40.254371,50.308868,0.009094,0.000000,0.000000,1.00e-06
2428,1.000,1.000,39.762700,49.694299,0.009074,0.000000,0.000000,40.258874,50.314497,0.009094,0.000000,0.000000,1.00e-06
2429,1.000,1.000,39.720843,49.641977,0.009076,0.000000,0.000000,40.258918,50.314551,0.009095,0.000000,0.000000,1.00e-06
2430,1.000,1.000,39.719887,49.640783,0.009075,0.000000,0.000000,40.261104,50.317284,0.009095,0.000000,0.000000,1.00e-06
2431,1.000,1.000,39.711141,49.629851,0.009074,0.000000,0.000000,40.262239,50.318704,0.009095,0.000000,0.000000,1.00e-06
2432,1.000,1.000,39.723163,49.644878,0.009074,0.000000,0.000000,40.262472,50.318994,0.009095,0.000000,0.000000,1.00e-06
2433,1.000,1.000,39.746360,49.673872,0.009077,0.000000,0.000000,40.267265,50.324986,0.009096,0.000000,0.000000,1.00e-06
2434,1.000,1.000,39.697976,49.613393,0.009076,0.000000,0.000000,40.265856,50.323222,0.009096,0.000000,0.000000,1.00e-06
2435,1.000,1.000,39.727041,49.649725,0.009076,0.000000,0.000000,40.264062,50.320980,0.009096,0.000000,0.000000,1.00e-06
2436,1.000,1.000,39.729872,49.653265,0.009075,0.000000,0.000000,40.261652,50.317968,0.009096,0.000000,0.000000,1.00e-06
2437,1.000,1.000,39.702886,49.619529,0.009078,0.000000,0.000000,40.261034,50.317194,0.009096,0.000000,0.000000,1.00e-06
2438,1.000,1.000,39.725064,49.647253,0.009076,0.000000,0.000000,40.261474,50.317744,0.009096,0.000000,0.000000,1.00e-06
2439,1.000,1.000,39.715348,49.635109,0.009076,0.000000,0.000000,40.261427,50.317686,0.009097,0.000000,0.000000,1.00e-06
2440,1.000,1.000,39.718662,49.639250,0.009077,0.000000,0.000000,40.262322,50.318805,0.009097,0.000000,0.000000,1.00e-06
2441,1.000,1.000,39.714657,49.634242,0.009078,0.000000,0.000000,40.262012,50.318418,0.009097,0.000000,0.000000,1.00e-06
2442,1.000,1.000,39.693643,49.607976,0.009077,0.000000,0.000000,40.265725,50.323056,0.009098,0.000000,0.000000,1.00e-06
2443,1.000,1.000,39.725183,49.647400,0.009078,0.000000,0.000000,40.262217,50.318672,0.009098,0.000000,0.000000,1.00e-06
2444,1.000,1.000,39.754356,49.683867,0.009078,0.000000,0.000000,40.260468,50.316488,0.009098,0.000000,0.000000,1.00e-06
2445,1.000,1.000,39.705486,49.622779,0.009078,0.000000,0.000000,40.257674,50.312994,0.009098,0.000000,0.000000,1.00e-06
2446,1.000,1.000,39.696114,49.611065,0.009077,0.000000,0.000000,40.260138,50.316073,0.009098,0.000000,0.000000,1.00e-06
2447,1.000,1.000,39.702788,49.619405,0.009079,0.000000,0.000000,40.261247,50.317461,0.009098,0.000000,0.000000,1.00e-06
2448,1.000,1.000,39.706663,49.624250,0.009078,0.000000,0.000000,40.258229,50.313689,0.009098,0.000000,0.000000,1.00e-06
2449,1.000,1.000,39.711170,49.629885,0.009076,0.000000,0.000000,40.255605,50.310407,0.009098,0.000000,0.000000,1.00e-06
2450,1.000,1.000,39.708790,49.626908,0.009079,0.000000,0.000000,40.253448,50.307710,0.009098,0.000000,0.000000,1.00e-06
2451,1.000,1.000,39.673398,49.582668,0.009079,0.000000,0.000000,40.259007,50.314658,0.009099,0.000000,0.000000,1.00e-06
2452,1.000,1.000,39.686708,49.599306,0.009079,0.000000,0.000000,40.261106,50.317283,0.009099,0.000000,0.000000,1.00e-06
2453,1.000,1.000,39.700959,49.617119,0.009079,0.000000,0.000000,40.257890,50.313263,0.009099,0.000000,0.000000,1.00e-06
2454,1.000,1.000,39.721781,49.643145,0.009080,0.000000,0.000000,40.257581,50.312876,0.009099,0.000000,0.000000,1.00e-06
2455,1.000,1.000,39.687065,49.599750,0.009080,0.000000,0.000000,40.258038,50.313446,0.009100,0.000000,0.000000,1.00e-06
2456,1.000,1.000,39.713480,49.632769,0.009080,0.000000,0.000000,40.259114,50.314791,0.009100,0.000000,0.000000,1.00e-06
2457,1.000,1.000,39.727889,49.650781,0.009079,0.000000,0.000000,40.260166,50.316105,0.009100,0.000000,0.000000,1.00e-06
2458,1.000,1.000,39.695549,49.610357,0.009079,0.000000,0.000000,40.262035,50.318442,0.009100,0.000000,0.000000,1.00e-06
2459,1.000,1.000,39.693081,49.607269,0.009082,0.000000,0.000000,40.261860,50.318223,0.009101,0.000000,0.000000,1.00e-06
2460,1.000,1.000,39.701617,49.617937,0.009082,0.000000,0.000000,40.261725,50.318056,0.009101,0.000000,0.000000,1.00e-06
2461,1.000,1.000,39.684987,49.597152,0.009081,0.000000,0.000000,40.265433,50.322689,0.009101,0.000000,0.000000,1.00e-06
2462,1.000,1.000,39.723577,49.645389,0.009081,0.000000,0.000000,40.263997,50.320895,0.009101,0.000000,0.000000,1.00e-06
2463,1.000,1.000,39.725602,49.647919,0.009082,0.000000,0.000000,40.264426,50.321430,0.009101,0.000000,0.000000,1.00e-06
2464,1.000,1.000,39.707164,49.624872,0.009083,0.000000,0.000000,40.266206,50.323654,0.009102,0.000000,0.000000,1.00e-06
2465,1.000,1.000,39.709150,49.627354,0.009083,0.000000,0.000000,40.269920,50.328297,0.009102,0.000000,0.000000,1.00e-06
2466,1.000,1.000,39.693653,49.607984,0.009082,0.000000,0.000000,40.274554,50.334088,0.009103,0.000000,0.000000,1.00e-06
2467,1.000,1.000,39.715133,49.634832,0.009082,0.000000,0.000000,40.271474,50.330239,0.009103,0.000000,0.000000,1.00e-06
2468,1.000,1.000,39.677649,49.587979,0.009081,0.000000,0.000000,40.271241,50.329948,0.009103,0.000000,0.000000,1.00e-06
2469,1.000,1.000,39.704709,49.621803,0.009082,0.000000,0.000000,40.272731,50.331810,0.009103,0.000000,0.000000,1.00e-06
2470,1.000,1.000,39.710431,49.628954,0.009084,0.000000,0.000000,40.271482,50.330250,0.009103,0.000000,0.000000,1.00e-06
2471,1.000,1.000,39.706592,49.624157,0.009082,0.000000,0.000000,40.276483,50.336498,0.009104,0.000000,0.000000,1.00e-06
2472,1.000,1.000,39.706925,49.624573,0.009083,0.000000,0.000000,40.280519,50.341543,0.009105,0.000000,0.000000,1.00e-06
2473,1.000,1.000,39.702459,49.618991,0.009081,0.000000,0.000000,40.280359,50.341345,0.009105,0.000000,0.000000,1.00e-06
2474,1.000,1.000,39.711526,49.630322,0.009084,0.000000,0.000000,40.275469,50.335230,0.009105,0.000000,0.000000,1.00e-06
2475,1.000,1.000,39.706073,49.623507,0.009083,0.000000,0.000000,40.273523,50.332799,0.009105,0.000000,0.000000,1.00e-06
2476,1.000,1.000,39.704795,49.621908,0.009084,0.000000,0.000000,40.271094,50.329761,0.009105,0.000000,0.000000,1.00e-06
2477,1.000,1.000,39.689152,49.602355,0.009084,0.000000,0.000000,40.270729,50.329305,0.009105,0.000000,0.000000,1.00e-06
2478,1.000,1.000,39.734000,49.658415,0.009084,0.000000,0.000000,40.268830,50.326930,0.009105,0.000000,0.000000,1.00e-06
2479,1.000,1.000,39.714476,49.634010,0.009085,0.000000,0.000000,40.268356,50.326339,0.009105,0.000000,0.000000,1.00e-06
2480,1.000,1.000,39.723058,49.644735,0.009086,0.000000,0.000000,40.265535,50.322812,0.009105,0.000000,0.000000,1.00e-06
2481,1.000,1.000,39.707391,49.625153,0.009085,0.000000,0.000000,40.266697,50.324265,0.009105,0.000000,0.000000,1.00e-06
2482,1.000,1.000,39.696995,49.612160,0.009083,0.000000,0.000000,40.272112,50.331033,0.009106,0.000000,0.000000,1.00e-06
2483,1.000,1.000,39.700060,49.615993,0.009082,0.000000,0.000000,40.278784,50.339373,0.009106,0.000000,0.000000,1.00e-06
2484,1.000,1.000,39.700934,49.617080,0.009085,0.000000,0.000000,40.285465,50.347724,0.009107,0.000000,0.000000,1.00e-06
2485,1.000,1.000,39.697078,49.612261,0.009085,0.000000,0.000000,40.284448,50.346452,0.009107,0.000000,0.000000,1.00e-06
2486,1.000,1.000,39.681108,49.592299,0.009085,0.000000,0.000000,40.279586,50.340376,0.009107,0.000000,0.000000,1.00e-06
2487,1.000,1.000,39.715783,49.635643,0.009086,0.000000,0.000000,40.276823,50.336921,0.009107,0.000000,0.000000,1.00e-06
2488,1.000,1.000,39.708979,49.627137,0.009087,0.000000,0.000000,40.275537,50.335313,0.009107,0.000000,0.000000,1.00e-06
2489,1.000,1.000,39.696843,49.611966,0.009088,0.000000,0.000000,40.269633,50.327933,0.009107,0.000000,0.000000,1.00e-06
2490,1.000,1.000,39.703524,49.620318,0.009086,0.000000,0.000000,40.266162,50.323594,0.009107,0.000000,0.000000,1.00e-06
2491,1.000,1.000,39.698379,49.613886,0.009087,0.000000,0.000000,40.265014,50.322160,0.009107,0.000000,0.000000,1.00e-06
2492,1.000,1.000,39.708561,49.626613,0.009088,0.000000,0.000000,40.269534,50.327811,0.009107,0.000000,0.000000,1.00e-06
2493,1.000,1.000,39.704134,49.621078,0.009088,0.000000,0.000000,40.269983,50.328372,0.009108,0.000000,0.000000,1.00e-06
2494,1.000,1.000,39.681718,49.593059,0.009087,0.000000,0.000000,40.267740,50.325566,0.009108,0.000000,0.000000,1.00e-06
2495,1.000,1.000,39.695923,49.610815,0.009087,0.000000,0.000000,40.272073,50.330982,0.009108,0.000000,0.000000,1.00e-06
2496,1.000,1.000,39.707467,49.625246,0.009088,0.000000,0.000000,40.268520,50.326544,0.009108,0.000000,0.000000,1.00e-06
2497,1.000,1.000,39.692162,49.606115,0.009087,0.000000,0.000000,40.268938,50.327062,0.009108,0.000000,0.000000,1.00e-06
2498,1.000,1.000,39.690295,49.603782,0.009086,0.000000,0.000000,40.276266,50.336222,0.009109,0.000000,0.000000,1.00e-06
2499,1.000,1.000,39.673609,49.582922,0.009088,0.000000,0.000000,40.280784,50.341867,0.009110,0.000000,0.000000,1.00e-06
2500,1.000,1.000,39.713633,49.632951,0.009088,0.000000,0.000000,40.288975,50.352106,0.009110,0.000000,0.000000,1.00e-06
2501,1.000,1.000,39.702562,49.619115,0.009087,0.000000,0.000000,40.289452,50.352703,0.009111,0.000000,0.000000,1.00e-06
2502,1.000,1.000,39.684785,49.596891,0.009090,0.000000,0.000000,40.286812,50.349402,0.009111,0.000000,0.000000,1.00e-06
2503,1.000,1.000,39.709776,49.628131,0.009089,0.000000,0.000000,40.279478,50.340237,0.009110,0.000000,0.000000,1.00e-06
2504,1.000,1.000,39.706914,49.624552,0.009088,0.000000,0.000000,40.276447,50.336450,0.009110,0.000000,0.000000,1.00e-06
2505,1.000,1.000,39.741456,49.667730,0.009089,0.000000,0.000000,40.273779,50.333113,0.009110,0.000000,0.000000,1.00e-06
2506,1.000,1.000,39.693914,49.608302,0.009090,0.000000,0.000000,40.272404,50.331394,0.009110,0.000000,0.000000,1.00e-06
2507,1.000,1.000,39.698098,49.613532,0.009090,0.000000,0.000000,40.267948,50.325826,0.009110,0.000000,0.000000,1.00e-06
2508,1.000,1.000,39.677608,49.587921,0.009089,0.000000,0.000000,40.265270,50.322475,0.009110,0.000000,0.000000,1.00e-06
2509,1.000,1.000,39.708726,49.626816,0.009091,0.000000,0.000000,40.266133,50.323555,0.009110,0.000000,0.000000,1.00e-06
2510,1.000,1.000,39.701864,49.618240,0.009090,0.000000,0.000000,40.263836,50.320683,0.009110,0.000000,0.000000,1.00e-06
2511,1.000,1.000,39.709094,49.627279,0.009087,0.000000,0.000000,40.266978,50.324611,0.009111,0.000000,0.000000,1.00e-06
2512,1.000,1.000,39.688204,49.601163,0.009092,0.000000,0.000000,40.270434,50.328931,0.009111,0.000000,0.000000,1.00e-06
2513,1.000,1.000,39.670295,49.578777,0.009092,0.000000,0.000000,40.271730,50.330550,0.009112,0.000000,0.000000,1.00e-06
2514,1.000,1.000,39.740407,49.666417,0.009090,0.000000,0.000000,40.271561,50.330337,0.009112,0.000000,0.000000,1.00e-06
2515,1.000,1.000,39.709574,49.627877,0.009090,0.000000,0.000000,40.272799,50.331886,0.009112,0.000000,0.000000,1.00e-06
2516,1.000,1.000,39.721848,49.643219,0.009091,0.000000,0.000000,40.273665,50.332969,0.009113,0.000000,0.000000,1.00e-06
2517,1.000,1.000,39.716632,49.636698,0.009091,0.000000,0.000000,40.273963,50.333340,0.009113,0.000000,0.000000,1.00e-06
2518,1.000,1.000,39.698725,49.614313,0.009092,0.000000,0.000000,40.275029,50.334672,0.009113,0.000000,0.000000,1.00e-06
2519,1.000,1.000,39.694708,49.609291,0.009092,0.000000,0.000000,40.278568,50.339096,0.009113,0.000000,0.000000,1.00e-06
2520,1.000,1.000,39.712924,49.632062,0.009092,0.000000,0.000000,40.281190,50.342373,0.009114,0.000000,0.000000,1.00e-06
2521,1.000,1.000,39.702322,49.618811,0.009090,0.000000,0.000000,40.281087,50.342243,0.009114,0.000000,0.000000,1.00e-06
2522,1.000,1.000,39.705829,49.623191,0.009094,0.000000,0.000000,40.276571,50.336599,0.009114,0.000000,0.000000,1.00e-06
2523,1.000,1.000,39.722617,49.644178,0.009092,0.000000,0.000000,40.274414,50.333903,0.009114,0.000000,0.000000,1.00e-06
2524,1.000,1.000,39.700675,49.616750,0.009093,0.000000,0.000000,40.273621,50.332911,0.009114,0.000000,0.000000,1.00e-06
2525,1.000,1.000,39.690079,49.603505,0.009093,0.000000,0.000000,40.269476,50.327730,0.009114,0.000000,0.000000,1.00e-06
2526,1.000,1.000,39.731124,49.654808,0.009095,0.000000,0.000000,40.268534,50.326552,0.009114,0.000000,0.000000,1.00e-06
2527,1.000,1.000,39.682770,49.594368,0.009093,0.000000,0.000000,40.264642,50.321688,0.009114,0.000000,0.000000,1.00e-06
2528,1.000,1.000,39.698861,49.614481,0.009094,0.000000,0.000000,40.262063,50.318463,0.009114,0.000000,0.000000,1.00e-06
2529,1.000,1.000,39.660725,49.566811,0.009094,0.000000,0.000000,40.263798,50.320631,0.009114,0.000000,0.000000,1.00e-06
2530,1.000,1.000,39.702497,49.619025,0.009096,0.000000,0.000000,40.266773,50.324351,0.009115,0.000000,0.000000,1.00e-06
2531,1.000,1.000,39.704280,49.621254,0.009095,0.000000,0.000000,40.264647,50.321692,0.009115,0.000000,0.000000,1.00e-06
2532,1.000,1.000,39.694631,49.609194,0.009093,0.000000,0.000000,40.265236,50.322429,0.009115,0.000000,0.000000,1.00e-06
2533,1.000,1.000,39.710610,49.629167,0.009095,0.000000,0.000000,40.262000,50.318384,0.009115,0.000000,0.000000,1.00e-06
2534,1.000,1.000,39.709758,49.628101,0.009096,0.000000,0.000000,40.261389,50.317620,0.009115,0.000000,0.000000,1.00e-06
2535,1.000,1.000,39.717714,49.638046,0.009096,0.000000,0.000000,40.261363,50.317587,0.009115,0.000000,0.000000,1.00e-06
2536,1.000,1.000,39.685746,49.598086,0.009095,0.000000,0.000000,40.263547,50.320317,0.009115,0.000000,0.000000,1.00e-06
2537,1.000,1.000,39.681179,49.592377,0.009096,0.000000,0.000000,40.264606,50.321640,0.009116,0.000000,0.000000,1.00e-06
2538,1.000,1.000,39.701466,49.617734,0.009097,0.000000,0.000000,40.261772,50.318099,0.009116,0.000000,0.000000,1.00e-06
2539,1.000,1.000,39.702554,49.619096,0.009096,0.000000,0.000000,40.259580,50.315358,0.009116,0.000000,0.000000,1.00e-06
2540,1.000,1.000,39.678678,49.589252,0.009095,0.000000,0.000000,40.260859,50.316956,0.009116,0.000000,0.000000,1.00e-06
2541,1.000,1.000,39.708606,49.626664,0.009093,0.000000,0.000000,40.260158,50.316081,0.009116,0.000000,0.000000,1.00e-06
2542,1.000,1.000,39.680310,49.591290,0.009097,0.000000,0.000000,40.259786,50.315615,0.009116,0.000000,0.000000,1.00e-06
2543,1.000,1.000,39.671120,49.579803,0.009096,0.000000,0.000000,40.257480,50.312732,0.009116,0.000000,0.000000,1.00e-06
2544,1.000,1.000,39.694813,49.609418,0.009098,0.000000,0.000000,40.256825,50.311915,0.009116,0.000000,0.000000,1.00e-06
2545,1.000,1.000,39.694097,49.608522,0.009098,0.000000,0.000000,40.253867,50.308218,0.009116,0.000000,0.000000,1.00e-06
2546,1.000,1.000,39.721841,49.643203,0.009097,0.000000,0.000000,40.254477,50.308978,0.009117,0.000000,0.000000,1.00e-06
2547,1.000,1.000,39.703198,49.619900,0.009096,0.000000,0.000000,40.258906,50.314516,0.009117,0.000000,0.000000,1.00e-06
2548,1.000,1.000,39.698787,49.614387,0.009096,0.000000,0.000000,40.261112,50.317272,0.009117,0.000000,0.000000,1.00e-06
2549,1.000,1.000,39.699261,49.614979,0.009097,0.000000,0.000000,40.264011,50.320897,0.009118,0.000000,0.000000,1.00e-06
2550,1.000,1.000,39.668224,49.576182,0.009097,0.000000,0.000000,40.261501,50.317758,0.009118,0.000000,0.000000,1.00e-06
2551,1.000,1.000,39.704178,49.621123,0.009099,0.000000,0.000000,40.263433,50.320172,0.009118,0.000000,0.000000,1.00e-06
2552,1.000,1.000,39.716550,49.636587,0.009099,0.000000,0.000000,40.260074,50.315973,0.009118,0.000000,0.000000,1.00e-06
2553,1.000,1.000,39.701754,49.618097,0.009094,0.000000,0.000000,40.255770,50.310594,0.009118,0.000000,0.000000,1.00e-06
2554,1.000,1.000,39.705045,49.622208,0.009098,0.000000,0.000000,40.254118,50.308529,0.009118,0.000000,0.000000,1.00e-06
2555,1.000,1.000,39.660319,49.566299,0.009099,0.000000,0.000000,40.259139,50.314805,0.009119,0.000000,0.000000,1.00e-06
2556,1.000,1.000,39.693877,49.608246,0.009099,0.000000,0.000000,40.262118,50.318528,0.009119,0.000000,0.000000,1.00e-06
2557,1.000,1.000,39.729785,49.653132,0.009099,0.000000,0.000000,40.267507,50.325263,0.009120,0.000000,0.000000,1.00e-06
2558,1.000,1.000,39.683519,49.595300,0.009098,0.000000,0.000000,40.267375,50.325096,0.009120,0.000000,0.000000,1.00e-06
2559,1.000,1.000,39.707218,49.624922,0.009099,0.000000,0.000000,40.268938,50.327051,0.009120,0.000000,0.000000,1.00e-06
2560,1.000,1.000,39.682608,49.594159,0.009100,0.000000,0.000000,40.270783,50.329359,0.009120,0.000000,0.000000,1.00e-06
2561,1.000,1.000,39.691574,49.605366,0.009101,0.000000,0.000000,40.270116,50.328522,0.009121,0.000000,0.000000,1.00e-06
2562,1.000,1.000,39.684293,49.596265,0.009101,0.000000,0.000000,40.271152,50.329819,0.009121,0.000000,0.000000,1.00e-06
2563,1.000,1.000,39.715465,49.635230,0.009100,0.000000,0.000000,40.274508,50.334012,0.009121,0.000000,0.000000,1.00e-06
2564,1.000,1.000,39.676864,49.586979,0.009100,0.000000,0.000000,40.277144,50.337309,0.009122,0.000000,0.000000,1.00e-06
2565,1.000,1.000,39.681967,49.593358,0.009100,0.000000,0.000000,40.279031,50.339664,0.009122,0.000000,0.000000,1.00e-06
2566,1.000,1.000,39.723685,49.645505,0.009100,0.000000,0.000000,40.279502,50.340254,0.009122,0.000000,0.000000,1.00e-06
2567,1.000,1.000,39.717336,49.637568,0.009101,0.000000,0.000000,40.276263,50.336205,0.009122,0.000000,0.000000,1.00e-06
2568,1.000,1.000,39.690267,49.603731,0.009101,0.000000,0.000000,40.276261,50.336204,0.009122,0.000000,0.000000,1.00e-06
2569,1.000,1.000,39.709244,49.627452,0.009101,0.000000,0.000000,40.275086,50.334735,0.009122,0.000000,0.000000,1.00e-06
2570,1.000,1.000,39.685456,49.597718,0.009101,0.000000,0.000000,40.273655,50.332945,0.009122,0.000000,0.000000,1.00e-06
2571,1.000,1.000,39.695717,49.610544,0.009101,0.000000,0.000000,40.269518,50.327775,0.009122,0.000000,0.000000,1.00e-06
2572,1.000,1.000,39.695720,49.610547,0.009103,0.000000,0.000000,40.268308,50.326262,0.009122,0.000000,0.000000,1.00e-06
2573,1.000,1.000,39.712641,49.631699,0.009101,0.000000,0.000000,40.269454,50.327694,0.009123,0.000000,0.000000,1.00e-06
2574,1.000,1.000,39.676791,49.586887,0.009102,0.000000,0.000000,40.274000,50.333376,0.009123,0.000000,0.000000,1.00e-06
2575,1.000,1.000,39.702808,49.619406,0.009104,0.000000,0.000000,40.272885,50.331983,0.009123,0.000000,0.000000,1.00e-06
2576,1.000,1.000,39.686975,49.599616,0.009102,0.000000,0.000000,40.272429,50.331412,0.009123,0.000000,0.000000,1.00e-06
2577,1.000,1.000,39.701670,49.617982,0.009104,0.000000,0.000000,40.273091,50.332239,0.009124,0.000000,0.000000,1.00e-06
2578,1.000,1.000,39.696332,49.611310,0.009104,0.000000,0.000000,40.272215,50.331144,0.009124,0.000000,0.000000,1.00e-06
2579,1.000,1.000,39.676157,49.586092,0.009104,0.000000,0.000000,40.271836,50.330669,0.009124,0.000000,0.000000,1.00e-06
2580,1.000,1.000,39.697219,49.612422,0.009101,0.000000,0.000000,40.274832,50.334415,0.009124,0.000000,0.000000,1.00e-06
2581,1.000,1.000,39.718794,49.639388,0.009104,0.000000,0.000000,40.274344,50.333805,0.009124,0.000000,0.000000,1.00e-06
2582,1.000,1.000,39.696283,49.611249,0.009104,0.000000,0.000000,40.270537,50.329045,0.009124,0.000000,0.000000,1.00e-06
2583,1.000,1.000,39.691669,49.605482,0.009104,0.000000,0.000000,40.276210,50.336137,0.009125,0.000000,0.000000,1.00e-06
2584,1.000,1.000,39.703174,49.619862,0.009104,0.000000,0.000000,40.281693,50.342990,0.009126,0.000000,0.000000,1.00e-06
2585,1.000,1.000,39.704044,49.620949,0.009104,0.000000,0.000000,40.281210,50.342385,0.009126,0.000000,0.000000,1.00e-06
2586,1.000,1.000,39.681517,49.592791,0.009104,0.000000,0.000000,40.278115,50.338518,0.009126,0.000000,0.000000,1.00e-06
2587,1.000,1.000,39.714721,49.634294,0.009106,0.000000,0.000000,40.277040,50.337173,0.009126,0.000000,0.000000,1.00e-06
2588,1.000,1.000,39.713755,49.633089,0.009103,0.000000,0.000000,40.269102,50.327252,0.009125,0.000000,0.000000,1.00e-06
2589,1.000,1.000,39.688513,49.601537,0.009104,0.000000,0.000000,40.271494,50.330240,0.009126,0.000000,0.000000,1.00e-06
2590,1.000,1.000,39.703119,49.619792,0.009105,0.000000,0.000000,40.272915,50.332016,0.009126,0.000000,0.000000,1.00e-06
2591,1.000,1.000,39.687356,49.600090,0.009104,0.000000,0.000000,40.270513,50.329013,0.009126,0.000000,0.000000,1.00e-06
2592,1.000,1.000,39.695806,49.610651,0.009106,0.000000,0.000000,40.269790,50.328111,0.009126,0.000000,0.000000,1.00e-06
2593,1.000,1.000,39.690860,49.604470,0.009105,0.000000,0.000000,40.267699,50.325497,0.009126,0.000000,0.000000,1.00e-06
2594,1.000,1.000,39.683036,49.594691,0.009102,0.000000,0.000000,40.270201,50.328624,0.009127,0.000000,0.000000,1.00e-06
2595,1.000,1.000,39.698338,49.613815,0.009107,0.000000,0.000000,40.275549,50.335309,0.009127,0.000000,0.000000,1.00e-06
2596,1.000,1.000,39.699175,49.614861,0.009107,0.000000,0.000000,40.275464,50.335202,0.009128,0.000000,0.000000,1.00e-06
2597,1.000,1.000,39.693145,49.607325,0.009105,0.000000,0.000000,40.275485,50.335228,0.009128,0.000000,0.000000,1.00e-06
2598,1.000,1.000,39.679893,49.590758,0.009107,0.000000,0.000000,40.271030,50.329660,0.009128,0.000000,0.000000,1.00e-06
2599,1.000,1.000,39.679052,49.589708,0.009106,0.000000,0.000000,40.269256,50.327440,0.009128,0.000000,0.000000,1.00e-06
2600,1.000,1.000,39.713042,49.632196,0.009106,0.000000,0.000000,40.271636,50.330417,0.009128,0.000000,0.000000,1.00e-06
2601,1.000,1.000,39.679558,49.590338,0.009109,0.000000,0.000000,40.271271,50.329959,0.009128,0.000000,0.000000,1.00e-06
2602,1.000,1.000,39.686203,49.598646,0.009107,0.000000,0.000000,40.273459,50.332695,0.009128,0.000000,0.000000,1.00e-06
2603,1.000,1.000,39.678375,49.588861,0.009106,0.000000,0.000000,40.270284,50.328725,0.009128,0.000000,0.000000,1.00e-06
2604,1.000,1.000,39.693767,49.608099,0.009109,0.000000,0.000000,40.273223,50.332399,0.009129,0.000000,0.000000,1.00e-06
2605,1.000,1.000,39.700316,49.616284,0.009110,0.000000,0.000000,40.277421,50.337646,0.009129,0.000000,0.000000,1.00e-06
2606,1.000,1.000,39.718697,49.639262,0.009108,0.000000,0.000000,40.279016,50.339642,0.009129,0.000000,0.000000,1.00e-06
2607,1.000,1.000,39.674347,49.583826,0.009107,0.000000,0.000000,40.277225,50.337402,0.009130,0.000000,0.000000,1.00e-06
2608,1.000,1.000,39.710898,49.629513,0.009109,0.000000,0.000000,40.276054,50.335937,0.009130,0.000000,0.000000,1.00e-06
2609,1.000,1.000,39.672258,49.581212,0.009109,0.000000,0.000000,40.270824,50.329401,0.009129,0.000000,0.000000,1.00e-06
2610,1.000,1.000,39.647250,49.549954,0.009108,0.000000,0.000000,40.275497,50.335241,0.009130,0.000000,0.000000,1.00e-06
2611,1.000,1.000,39.705320,49.622540,0.009109,0.000000,0.000000,40.279281,50.339970,0.009130,0.000000,0.000000,1.00e-06
2612,1.000,1.000,39.679695,49.590508,0.009110,0.000000,0.000000,40.283348,50.345055,0.009131,0.000000,0.000000,1.00e-06
2613,1.000,1.000,39.700666,49.616722,0.009110,0.000000,0.000000,40.285892,50.348232,0.009131,0.000000,0.000000,1.00e-06
2614,1.000,1.000,39.679018,49.589661,0.009110,0.000000,0.000000,40.283882,50.345720,0.009131,0.000000,0.000000,1.00e-06
2615,1.000,1.000,39.705985,49.623371,0.009110,0.000000,0.000000,40.282813,50.344385,0.009131,0.000000,0.000000,1.00e-06
2616,1.000,1.000,39.683111,49.594778,0.009110,0.000000,0.000000,40.284683,50.346721,0.009132,0.000000,0.000000,1.00e-06
2617,1.000,1.000,39.700194,49.616130,0.009111,0.000000,0.000000,40.285189,50.347353,0.009132,0.000000,0.000000,1.00e-06
2618,1.000,1.000,39.689802,49.603140,0.009111,0.000000,0.000000,40.282956,50.344563,0.009132,0.000000,0.000000,1.00e-06
2619,1.000,1.000,39.676870,49.586976,0.009111,0.000000,0.000000,40.282896,50.344486,0.009132,0.000000,0.000000,1.00e-06
2620,1.000,1.000,39.674940,49.584563,0.009111,0.000000,0.000000,40.278619,50.339141,0.009132,0.000000,0.000000,1.00e-06
2621,1.000,1.000,39.665286,49.572495,0.009112,0.000000,0.000000,40.273556,50.332809,0.009132,0.000000,0.000000,1.00e-06
2622,1.000,1.000,39.687899,49.600761,0.009112,0.000000,0.000000,40.267123,50.324772,0.009131,0.000000,0.000000,1.00e-06
2623,1.000,1.000,39.716273,49.636232,0.009109,0.000000,0.000000,40.264764,50.321822,0.009131,0.000000,0.000000,1.00e-06
2624,1.000,1.000,39.679757,49.590582,0.009113,0.000000,0.000000,40.269182,50.327345,0.009132,0.000000,0.000000,1.00e-06
2625,1.000,1.000,39.682113,49.593529,0.009111,0.000000,0.000000,40.268631,50.326656,0.009132,0.000000,0.000000,1.00e-06
2626,1.000,1.000,39.660053,49.565952,0.009112,0.000000,0.000000,40.265761,50.323069,0.009132,0.000000,0.000000,1.00e-06
2627,1.000,1.000,39.693279,49.607486,0.009112,0.000000,0.000000,40.268039,50.325914,0.009132,0.000000,0.000000,1.00e-06
2628,1.000,1.000,39.682133,49.593552,0.009113,0.000000,0.000000,40.272232,50.331157,0.009133,0.000000,0.000000,1.00e-06
2629,1.000,1.000,39.706696,49.624257,0.009111,0.000000,0.000000,40.278284,50.338720,0.009134,0.000000,0.000000,1.00e-06
2630,1.000,1.000,39.675088,49.584746,0.009112,0.000000,0.000000,40.278640,50.339165,0.009134,0.000000,0.000000,1.00e-06
2631,1.000,1.000,39.701288,49.617498,0.009111,0.000000,0.000000,40.281483,50.342718,0.009134,0.000000,0.000000,1.00e-06
2632,1.000,1.000,39.658003,49.563389,0.009114,0.000000,0.000000,40.279848,50.340674,0.009134,0.000000,0.000000,1.00e-06
2633,1.000,1.000,39.696424,49.611416,0.009114,0.000000,0.000000,40.273696,50.332985,0.009134,0.000000,0.000000,1.00e-06
2634,1.000,1.000,39.687539,49.600310,0.009114,0.000000,0.000000,40.276110,50.336002,0.009134,0.000000,0.000000,1.00e-06
2635,1.000,1.000,39.699010,49.614647,0.009115,0.000000,0.000000,40.277797,50.338110,0.009135,0.000000,0.000000,1.00e-06
2636,1.000,1.000,39.700347,49.616319,0.009114,0.000000,0.000000,40.274353,50.333805,0.009135,0.000000,0.000000,1.00e-06
2637,1.000,1.000,39.695632,49.610427,0.009112,0.000000,0.000000,40.271779,50.330587,0.009135,0.000000,0.000000,1.00e-06
2638,1.000,1.000,39.682336,49.593805,0.009115,0.000000,0.000000,40.270362,50.328816,0.009135,0.000000,0.000000,1.00e-06
2639,1.000,1.000,39.707700,49.625508,0.009116,0.000000,0.000000,40.268658,50.326687,0.009135,0.000000,0.000000,1.00e-06
2640,1.000,1.000,39.712290,49.631249,0.009112,0.000000,0.000000,40.268575,50.326581,0.009135,0.000000,0.000000,1.00e-06
2641,1.000,1.000,39.703334,49.620050,0.009116,0.000000,0.000000,40.264805,50.321870,0.009135,0.000000,0.000000,1.00e-06
2642,1.000,1.000,39.715008,49.634644,0.009115,0.000000,0.000000,40.261285,50.317470,0.009135,0.000000,0.000000,1.00e-06
2643,1.000,1.000,39.699312,49.615023,0.009116,0.000000,0.000000,40.256538,50.311536,0.009135,0.000000,0.000000,1.00e-06
2644,1.000,1.000,39.682157,49.593580,0.009116,0.000000,0.000000,40.259098,50.314736,0.009135,0.000000,0.000000,1.00e-06
2645,1.000,1.000,39.730092,49.653501,0.009114,0.000000,0.000000,40.260159,50.316061,0.009135,0.000000,0.000000,1.00e-06
2646,1.000,1.000,39.667520,49.575283,0.009116,0.000000,0.000000,40.261635,50.317908,0.009136,0.000000,0.000000,1.00e-06
2647,1.000,1.000,39.702744,49.619313,0.009116,0.000000,0.000000,40.256605,50.311622,0.009135,0.000000,0.000000,1.00e-06
2648,1.000,1.000,39.678892,49.589498,0.009116,0.000000,0.000000,40.254058,50.308436,0.009136,0.000000,0.000000,1.00e-06
2649,1.000,1.000,39.681311,49.592521,0.009117,0.000000,0.000000,40.252519,50.306512,0.009136,0.000000,0.000000,1.00e-06
2650,1.000,1.000,39.699489,49.615243,0.009118,0.000000,0.000000,40.252801,50.306864,0.009136,0.000000,0.000000,1.00e-06
2651,1.000,1.000,39.652893,49.556998,0.009117,0.000000,0.000000,40.255727,50.310521,0.009136,0.000000,0.000000,1.00e-06
2652,1.000,1.000,39.680628,49.591666,0.009118,0.000000,0.000000,40.259799,50.315612,0.009137,0.000000,0.000000,1.00e-06
2653,1.000,1.000,39.684864,49.596962,0.009117,0.000000,0.000000,40.256379,50.311337,0.009137,0.000000,0.000000,1.00e-06
2654,1.000,1.000,39.709647,49.627940,0.009118,0.000000,0.000000,40.251134,50.304781,0.009136,0.000000,0.000000,1.00e-06
2655,1.000,1.000,39.693604,49.607887,0.009117,0.000000,0.000000,40.245359,50.297564,0.009136,0.000000,0.000000,1.00e-06
2656,1.000,1.000,39.694164,49.608587,0.009118,0.000000,0.000000,40.246310,50.298751,0.009136,0.000000,0.000000,1.00e-06
2657,1.000,1.000,39.680838,49.591927,0.009119,0.000000,0.000000,40.249616,50.302881,0.009137,0.000000,0.000000,1.00e-06
2658,1.000,1.000,39.677439,49.587679,0.009118,0.000000,0.000000,40.248969,50.302073,0.009137,0.000000,0.000000,1.00e-06
2659,1.000,1.000,39.666372,49.573844,0.009120,0.000000,0.000000,40.250095,50.303482,0.009137,0.000000,0.000000,1.00e-06
2660,1.000,1.000,39.668103,49.576008,0.009119,0.000000,0.000000,40.251633,50.305402,0.009138,0.000000,0.000000,1.00e-06
2661,1.000,1.000,39.659621,49.565407,0.009118,0.000000,0.000000,40.253565,50.307817,0.009138,0.000000,0.000000,1.00e-06
2662,1.000,1.000,39.688003,49.600882,0.009120,0.000000,0.000000,40.255492,50.310225,0.009138,0.000000,0.000000,1.00e-06
2663,1.000,1.000,39.712359,49.631329,0.009119,0.000000,0.000000,40.255729,50.310521,0.009138,0.000000,0.000000,1.00e-06
2664,1.000,1.000,39.665793,49.573121,0.009119,0.000000,0.000000,40.258304,50.313739,0.009139,0.000000,0.000000,1.00e-06
2665,1.000,1.000,39.686836,49.599425,0.009120,0.000000,0.000000,40.258793,50.314351,0.009139,0.000000,0.000000,1.00e-06
2666,1.000,1.000,39.665839,49.573179,0.009119,0.000000,0.000000,40.260755,50.316803,0.009139,0.000000,0.000000,1.00e-06
2667,1.000,1.000,39.685586,49.597862,0.009120,0.000000,0.000000,40.260317,50.316257,0.009139,0.000000,0.000000,1.00e-06
2668,1.000,1.000,39.722717,49.644277,0.009118,0.000000,0.000000,40.262417,50.318881,0.009140,0.000000,0.000000,1.00e-06
2669,1.000,1.000,39.694233,49.608669,0.009121,0.000000,0.000000,40.267186,50.324841,0.009140,0.000000,0.000000,1.00e-06
2670,1.000,1.000,39.699526,49.615287,0.009120,0.000000,0.000000,40.266915,50.324503,0.009140,0.000000,0.000000,1.00e-06
2671,1.000,1.000,39.640570,49.541590,0.009122,0.000000,0.000000,40.266606,50.324116,0.009141,0.000000,0.000000,1.00e-06
2672,1.000,1.000,39.694302,49.608758,0.009118,0.000000,0.000000,40.265297,50.322479,0.009141,0.000000,0.000000,1.00e-06
2673,1.000,1.000,39.676535,49.586545,0.009122,0.000000,0.000000,40.263527,50.320267,0.009141,0.000000,0.000000,1.00e-06
2674,1.000,1.000,39.683784,49.595608,0.009121,0.000000,0.000000,40.258412,50.313874,0.009141,0.000000,0.000000,1.00e-06
2675,1.000,1.000,39.664117,49.571024,0.009121,0.000000,0.000000,40.254087,50.308468,0.009140,0.000000,0.000000,1.00e-06
2676,1.000,1.000,39.686567,49.599087,0.009121,0.000000,0.000000,40.248833,50.301901,0.009140,0.000000,0.000000,1.00e-06
2677,1.000,1.000,39.661543,49.567806,0.009121,0.000000,0.000000,40.248759,50.301807,0.009140,0.000000,0.000000,1.00e-06
2678,1.000,1.000,39.674964,49.584582,0.009121,0.000000,0.000000,40.253283,50.307462,0.009141,0.000000,0.000000,1.00e-06
2679,1.000,1.000,39.679002,49.589628,0.009123,0.000000,0.000000,40.257016,50.312127,0.009141,0.000000,0.000000,1.00e-06
2680,1.000,1.000,39.684430,49.596416,0.009121,0.000000,0.000000,40.257449,50.312669,0.009142,0.000000,0.000000,1.00e-06
2681,1.000,1.000,39.702820,49.619401,0.009123,0.000000,0.000000,40.255693,50.310474,0.009142,0.000000,0.000000,1.00e-06
2682,1.000,1.000,39.676947,49.587063,0.009120,0.000000,0.000000,40.254622,50.309134,0.009142,0.000000,0.000000,1.00e-06
2683,1.000,1.000,39.702304,49.618756,0.009123,0.000000,0.000000,40.251917,50.305753,0.009142,0.000000,0.000000,1.00e-06
2684,1.000,1.000,39.702906,49.619508,0.009123,0.000000,0.000000,40.247135,50.299778,0.009142,0.000000,0.000000,1.00e-06
2685,1.000,1.000,39.671914,49.580766,0.009126,0.000000,0.000000,40.245061,50.297183,0.009142,0.000000,0.000000,1.00e-06
2686,1.000,1.000,39.713598,49.632873,0.009124,0.000000,0.000000,40.248355,50.301301,0.009142,0.000000,0.000000,1.00e-06
2687,1.000,1.000,39.680073,49.590966,0.009124,0.000000,0.000000,40.250178,50.303581,0.009142,0.000000,0.000000,1.00e-06
2688,1.000,1.000,39.698456,49.613945,0.009124,0.000000,0.000000,40.255032,50.309648,0.009143,0.000000,0.000000,1.00e-06
2689,1.000,1.000,39.678111,49.588515,0.009123,0.000000,0.000000,40.263718,50.320503,0.009144,0.000000,0.000000,1.00e-06
2690,1.000,1.000,39.722938,49.644549,0.009123,0.000000,0.000000,40.267210,50.324867,0.009144,0.000000,0.000000,1.00e-06
2691,1.000,1.000,39.666913,49.574515,0.009124,0.000000,0.000000,40.267866,50.325686,0.009144,0.000000,0.000000,1.00e-06
2692,1.000,1.000,39.664694,49.571741,0.009125,0.000000,0.000000,40.264298,50.321227,0.009144,0.000000,0.000000,1.00e-06
2693,1.000,1.000,39.681125,49.592280,0.009125,0.000000,0.000000,40.261021,50.317130,0.009144,0.000000,0.000000,1.00e-06
2694,1.000,1.000,39.705092,49.622238,0.009126,0.000000,0.000000,40.257989,50.313341,0.009144,0.000000,0.000000,1.00e-06
2695,1.000,1.000,39.684566,49.596579,0.009127,0.000000,0.000000,40.253665,50.307937,0.009144,0.000000,0.000000,1.00e-06
2696,1.000,1.000,39.677351,49.587563,0.009125,0.000000,0.000000,40.252739,50.306780,0.009144,0.000000,0.000000,1.00e-06
2697,1.000,1.000,39.663588,49.570359,0.009124,0.000000,0.000000,40.253303,50.307483,0.009144,0.000000,0.000000,1.00e-06
2698,1.000,1.000,39.711882,49.630725,0.009127,0.000000,0.000000,40.253211,50.307367,0.009145,0.000000,0.000000,1.00e-06
2699,1.000,1.000,39.687012,49.599636,0.009127,0.000000,0.000000,40.257974,50.313322,0.009145,0.000000,0.000000,1.00e-06
2700,1.000,1.000,39.691297,49.604993,0.009127,0.000000,0.000000,40.263896,50.320724,0.009146,0.000000,0.000000,1.00e-06
2701,1.000,1.000,39.685155,49.597317,0.009127,0.000000,0.000000,40.265629,50.322888,0.009146,0.000000,0.000000,1.00e-06
2702,1.000,1.000,39.679380,49.590099,0.009125,0.000000,0.000000,40.267409,50.325114,0.009146,0.000000,0.000000,1.00e-06
2703,1.000,1.000,39.706932,49.624535,0.009128,0.000000,0.000000,40.270488,50.328961,0.009147,0.000000,0.000000,1.00e-06
2704,1.000,1.000,39.677911,49.588261,0.009128,0.000000,0.000000,40.272882,50.331952,0.009147,0.000000,0.000000,1.00e-06
2705,1.000,1.000,39.687310,49.600010,0.009127,0.000000,0.000000,40.273590,50.332838,0.009147,0.000000,0.000000,1.00e-06
2706,1.000,1.000,39.678745,49.589303,0.009128,0.000000,0.000000,40.276117,50.335998,0.009148,0.000000,0.000000,1.00e-06
2707,1.000,1.000,39.728577,49.651595,0.009125,0.000000,0.000000,40.271149,50.329786,0.009148,0.000000,0.000000,1.00e-06
2708,1.000,1.000,39.692503,49.606503,0.009124,0.000000,0.000000,40.271946,50.330784,0.009148,0.000000,0.000000,1.00e-06
2709,1.000,1.000,39.704299,49.621244,0.009129,0.000000,0.000000,40.270748,50.329287,0.009148,0.000000,0.000000,1.00e-06
2710,1.000,1.000,39.682430,49.593909,0.009128,0.000000,0.000000,40.272316,50.331245,0.009148,0.000000,0.000000,1.00e-06
2711,1.000,1.000,39.687016,49.599638,0.009130,0.000000,0.000000,40.274528,50.334010,0.009149,0.000000,0.000000,1.00e-06
2712,1.000,1.000,39.677152,49.587310,0.009129,0.000000,0.000000,40.276769,50.336809,0.009149,0.000000,0.000000,1.00e-06
2713,1.000,1.000,39.689059,49.602196,0.009128,0.000000,0.000000,40.275131,50.334764,0.009149,0.000000,0.000000,1.00e-06
2714,1.000,1.000,39.670152,49.578559,0.009130,0.000000,0.000000,40.271391,50.330089,0.009149,0.000000,0.000000,1.00e-06
2715,1.000,1.000,39.681768,49.593081,0.009128,0.000000,0.000000,40.269012,50.327117,0.009149,0.000000,0.000000,1.00e-06
2716,1.000,1.000,39.690678,49.604216,0.009130,0.000000,0.000000,40.266303,50.323730,0.009149,0.000000,0.000000,1.00e-06
2717,1.000,1.000,39.672124,49.581024,0.009130,0.000000,0.000000,40.267027,50.324634,0.009149,0.000000,0.000000,1.00e-06
2718,1.000,1.000,39.674352,49.583809,0.009130,0.000000,0.000000,40.270512,50.328988,0.009150,0.000000,0.000000,1.00e-06
2719,1.000,1.000,39.690998,49.604617,0.009129,0.000000,0.000000,40.270394,50.328840,0.009150,0.000000,0.000000,1.00e-06
2720,1.000,1.000,39.665322,49.572522,0.009130,0.000000,0.000000,40.265734,50.323017,0.009150,0.000000,0.000000,1.00e-06
2721,1.000,1.000,39.668157,49.576066,0.009129,0.000000,0.000000,40.264823,50.321878,0.009150,0.000000,0.000000,1.00e-06
2722,1.000,1.000,39.678082,49.588471,0.009131,0.000000,0.000000,40.266865,50.324430,0.009150,0.000000,0.000000,1.00e-06
2723,1.000,1.000,39.656770,49.561830,0.009131,0.000000,0.000000,40.265648,50.322907,0.009150,0.000000,0.000000,1.00e-06
2724,1.000,1.000,39.689805,49.603123,0.009132,0.000000,0.000000,40.267566,50.325306,0.009151,0.000000,0.000000,1.00e-06
2725,1.000,1.000,39.677688,49.587976,0.009133,0.000000,0.000000,40.267487,50.325206,0.009151,0.000000,0.000000,1.00e-06
2726,1.000,1.000,39.681866,49.593200,0.009132,0.000000,0.000000,40.266833,50.324391,0.009151,0.000000,0.000000,1.00e-06
2727,1.000,1.000,39.697681,49.612970,0.009131,0.000000,0.000000,40.270078,50.328445,0.009151,0.000000,0.000000,1.00e-06
2728,1.000,1.000,39.680463,49.591447,0.009131,0.000000,0.000000,40.274799,50.334347,0.009152,0.000000,0.000000,1.00e-06
2729,1.000,1.000,39.687649,49.600427,0.009133,0.000000,0.000000,40.275405,50.335104,0.009152,0.000000,0.000000,1.00e-06
2730,1.000,1.000,39.710673,49.629210,0.009131,0.000000,0.000000,40.277212,50.337362,0.009152,0.000000,0.000000,1.00e-06
2731,1.000,1.000,39.685558,49.597814,0.009132,0.000000,0.000000,40.276854,50.336916,0.009152,0.000000,0.000000,1.00e-06
2732,1.000,1.000,39.646072,49.548455,0.009134,0.000000,0.000000,40.276943,50.337027,0.009153,0.000000,0.000000,1.00e-06
2733,1.000,1.000,39.651798,49.555616,0.009130,0.000000,0.000000,40.278487,50.338955,0.009153,0.000000,0.000000,1.00e-06
2734,1.000,1.000,39.659050,49.564677,0.009134,0.000000,0.000000,40.277712,50.337985,0.009153,0.000000,0.000000,1.00e-06
2735,1.000,1.000,39.678576,49.589086,0.009133,0.000000,0.000000,40.280287,50.341205,0.009153,0.000000,0.000000,1.00e-06
2736,1.000,1.000,39.670410,49.578881,0.009131,0.000000,0.000000,40.275776,50.335565,0.009153,0.000000,0.000000,1.00e-06
2737,1.000,1.000,39.679009,49.589624,0.009136,0.000000,0.000000,40.269452,50.327662,0.009153,0.000000,0.000000,1.00e-06
2738,1.000,1.000,39.669400,49.577618,0.009131,0.000000,0.000000,40.270164,50.328550,0.009153,0.000000,0.000000,1.00e-06
2739,1.000,1.000,39.670112,49.578506,0.009133,0.000000,0.000000,40.273436,50.332640,0.009154,0.000000,0.000000,1.00e-06
2740,1.000,1.000,39.672777,49.581837,0.009133,0.000000,0.000000,40.280107,50.340980,0.009154,0.000000,0.000000,1.00e-06
2741,1.000,1.000,39.690974,49.604583,0.009134,0.000000,0.000000,40.281572,50.342810,0.009155,0.000000,0.000000,1.00e-06
2742,1.000,1.000,39.675586,49.585348,0.009133,0.000000,0.000000,40.283186,50.344826,0.009155,0.000000,0.000000,1.00e-06
2743,1.000,1.000,39.655530,49.560277,0.009135,0.000000,0.000000,40.280973,50.342061,0.009155,0.000000,0.000000,1.00e-06
2744,1.000,1.000,39.687661,49.600441,0.009135,0.000000,0.000000,40.272589,50.331579,0.009155,0.000000,0.000000,1.00e-06
2745,1.000,1.000,39.681949,49.593300,0.009135,0.000000,0.000000,40.272294,50.331211,0.009155,0.000000,0.000000,1.00e-06
2746,1.000,1.000,39.669772,49.578079,0.009135,0.000000,0.000000,40.274547,50.334027,0.009155,0.000000,0.000000,1.00e-06
2747,1.000,1.000,39.673633,49.582907,0.009134,0.000000,0.000000,40.275896,50.335714,0.009155,0.000000,0.000000,1.00e-06
2748,1.000,1.000,39.707214,49.624880,0.009136,0.000000,0.000000,40.276027,50.335877,0.009156,0.000000,0.000000,1.00e-06
2749,1.000,1.000,39.665238,49.572411,0.009136,0.000000,0.000000,40.275503,50.335223,0.009156,0.000000,0.000000,1.00e-06
2750,1.000,1.000,39.647093,49.549731,0.009135,0.000000,0.000000,40.277659,50.337918,0.009156,0.000000,0.000000,1.00e-06
2751,1.000,1.000,39.665355,49.572558,0.009134,0.000000,0.000000,40.277280,50.337441,0.009156,0.000000,0.000000,1.00e-06
2752,1.000,1.000,39.662507,49.568995,0.009138,0.000000,0.000000,40.279397,50.340090,0.009157,0.000000,0.000000,1.00e-06
2753,1.000,1.000,39.702283,49.618717,0.009136,0.000000,0.000000,40.281050,50.342154,0.009157,0.000000,0.000000,1.00e-06
2754,1.000,1.000,39.674764,49.584318,0.009136,0.000000,0.000000,40.280665,50.341673,0.009157,0.000000,0.000000,1.00e-06
2755,1.000,1.000,39.618124,49.513517,0.009137,0.000000,0.000000,40.283482,50.345193,0.009158,0.000000,0.000000,1.00e-06
2756,1.000,1.000,39.668012,49.575877,0.009137,0.000000,0.000000,40.285693,50.347959,0.009158,0.000000,0.000000,1.00e-06
2757,1.000,1.000,39.666211,49.573625,0.009137,0.000000,0.000000,40.283778,50.345565,0.009158,0.000000,0.000000,1.00e-06
2758,1.000,1.000,39.665655,49.572931,0.009138,0.000000,0.000000,40.285110,50.347228,0.009158,0.000000,0.000000,1.00e-06
2759,1.000,1.000,39.647063,49.549691,0.009137,0.000000,0.000000,40.282743,50.344272,0.009158,0.000000,0.000000,1.00e-06
2760,1.000,1.000,39.651114,49.554754,0.009137,0.000000,0.000000,40.285375,50.347559,0.009158,0.000000,0.000000,1.00e-06
2761,1.000,1.000,39.698485,49.613969,0.009137,0.000000,0.000000,40.289228,50.352375,0.009159,0.000000,0.000000,1.00e-06
2762,1.000,1.000,39.700765,49.616816,0.009139,0.000000,0.000000,40.290251,50.353654,0.009159,0.000000,0.000000,1.00e-06
2763,1.000,1.000,39.676589,49.586596,0.009139,0.000000,0.000000,40.291201,50.354839,0.009160,0.000000,0.000000,1.00e-06
2764,1.000,1.000,39.696757,49.611807,0.009139,0.000000,0.000000,40.290931,50.354502,0.009160,0.000000,0.000000,1.00e-06
2765,1.000,1.000,39.666702,49.574239,0.009138,0.000000,0.000000,40.295431,50.360126,0.009160,0.000000,0.000000,1.00e-06
2766,1.000,1.000,39.676869,49.586946,0.009139,0.000000,0.000000,40.296586,50.361570,0.009161,0.000000,0.000000,1.00e-06
2767,1.000,1.000,39.671753,49.580551,0.009140,0.000000,0.000000,40.293268,50.357424,0.009160,0.000000,0.000000,1.00e-06
2768,1.000,1.000,39.685016,49.597129,0.009140,0.000000,0.000000,40.290877,50.354437,0.009160,0.000000,0.000000,1.00e-06
2769,1.000,1.000,39.677050,49.587171,0.009140,0.000000,0.000000,40.290236,50.353632,0.009161,0.000000,0.000000,1.00e-06
2770,1.000,1.000,39.701142,49.617286,0.009141,0.000000,0.000000,40.287929,50.350749,0.009161,0.000000,0.000000,1.00e-06
2771,1.000,1.000,39.657055,49.562176,0.009141,0.000000,0.000000,40.288036,50.350883,0.009161,0.000000,0.000000,1.00e-06
2772,1.000,1.000,39.681779,49.593087,0.009136,0.000000,0.000000,40.283659,50.345412,0.009161,0.000000,0.000000,1.00e-06
2773,1.000,1.000,39.670353,49.578799,0.009141,0.000000,0.000000,40.279055,50.339657,0.009160,0.000000,0.000000,1.00e-06
2774,1.000,1.000,39.667877,49.575705,0.009141,0.000000,0.000000,40.277253,50.337404,0.009161,0.000000,0.000000,1.00e-06
2775,1.000,1.000,39.674234,49.583650,0.009141,0.000000,0.000000,40.278897,50.339459,0.009161,0.000000,0.000000,1.00e-06
2776,1.000,1.000,39.662714,49.569251,0.009141,0.000000,0.000000,40.282901,50.344464,0.009161,0.000000,0.000000,1.00e-06
2777,1.000,1.000,39.671812,49.580623,0.009142,0.000000,0.000000,40.286214,50.348606,0.009162,0.000000,0.000000,1.00e-06
2778,1.000,1.000,39.673199,49.582356,0.009141,0.000000,0.000000,40.288793,50.351829,0.009162,0.000000,0.000000,1.00e-06
2779,1.000,1.000,39.690942,49.604536,0.009141,0.000000,0.000000,40.288661,50.351664,0.009162,0.000000,0.000000,1.00e-06
2780,1.000,1.000,39.664699,49.571731,0.009142,0.000000,0.000000,40.285495,50.347706,0.009162,0.000000,0.000000,1.00e-06
2781,1.000,1.000,39.695154,49.609800,0.009142,0.000000,0.000000,40.288454,50.351403,0.009162,0.000000,0.000000,1.00e-06
2782,1.000,1.000,39.681061,49.592182,0.009142,0.000000,0.000000,40.289817,50.353107,0.009163,0.000000,0.000000,1.00e-06
2783,1.000,1.000,39.658899,49.564481,0.009142,0.000000,0.000000,40.284435,50.346380,0.009163,0.000000,0.000000,1.00e-06
2784,1.000,1.000,39.695160,49.609806,0.009142,0.000000,0.000000,40.285067,50.347167,0.009163,0.000000,0.000000,1.00e-06
2785,1.000,1.000,39.655091,49.559721,0.009142,0.000000,0.000000,40.283819,50.345610,0.009163,0.000000,0.000000,1.00e-06
2786,1.000,1.000,39.667055,49.574676,0.009143,0.000000,0.000000,40.283197,50.344831,0.009163,0.000000,0.000000,1.00e-06
2787,1.000,1.000,39.674511,49.583996,0.009142,0.000000,0.000000,40.287736,50.350504,0.009164,0.000000,0.000000,1.00e-06
2788,1.000,1.000,39.659877,49.565703,0.009144,0.000000,0.000000,40.288815,50.351854,0.009164,0.000000,0.000000,1.00e-06
2789,1.000,1.000,39.674392,49.583844,0.009145,0.000000,0.000000,40.287363,50.350039,0.009164,0.000000,0.000000,1.00e-06
2790,1.000,1.000,39.641585,49.542835,0.009144,0.000000,0.000000,40.283250,50.344898,0.009164,0.000000,0.000000,1.00e-06
2791,1.000,1.000,39.665095,49.572223,0.009144,0.000000,0.000000,40.282936,50.344506,0.009164,0.000000,0.000000,1.00e-06
2792,1.000,1.000,39.702116,49.618501,0.009142,0.000000,0.000000,40.282483,50.343939,0.009164,0.000000,0.000000,1.00e-06
2793,1.000,1.000,39.694487,49.608964,0.009143,0.000000,0.000000,40.283712,50.345476,0.009165,0.000000,0.000000,1.00e-06
2794,1.000,1.000,39.676730,49.586766,0.009146,0.000000,0.000000,40.286673,50.349174,0.009165,0.000000,0.000000,1.00e-06
2795,1.000,1.000,39.660251,49.566168,0.009144,0.000000,0.000000,40.287054,50.349650,0.009165,0.000000,0.000000,1.00e-06
2796,1.000,1.000,39.665206,49.572361,0.009146,0.000000,0.000000,40.286654,50.349151,0.009165,0.000000,0.000000,1.00e-06
2797,1.000,1.000,39.653742,49.558032,0.009145,0.000000,0.000000,40.285334,50.347502,0.009165,0.000000,0.000000,1.00e-06
2798,1.000,1.000,39.679167,49.589812,0.009146,0.000000,0.000000,40.280354,50.341276,0.009165,0.000000,0.000000,1.00e-06
2799,1.000,1.000,39.664331,49.571269,0.009144,0.000000,0.000000,40.275243,50.334888,0.009165,0.000000,0.000000,1.00e-06
2800,1.000,1.000,39.668660,49.576680,0.009145,0.000000,0.000000,40.274892,50.334449,0.009165,0.000000,0.000000,1.00e-06
2801,1.000,1.000,39.667793,49.575595,0.009145,0.000000,0.000000,40.273525,50.332740,0.009165,0.000000,0.000000,1.00e-06
2802,1.000,1.000,39.690601,49.604104,0.009145,0.000000,0.000000,40.271664,50.330414,0.009165,0.000000,0.000000,1.00e-06
2803,1.000,1.000,39.689258,49.602424,0.009147,0.000000,0.000000,40.274598,50.334082,0.009166,0.000000,0.000000,1.00e-06
2804,1.000,1.000,39.679975,49.590823,0.009146,0.000000,0.000000,40.279049,50.339643,0.009166,0.000000,0.000000,1.00e-06
2805,1.000,1.000,39.634762,49.534304,0.009147,0.000000,0.000000,40.279340,50.340007,0.009166,0.000000,0.000000,1.00e-06
2806,1.000,1.000,39.684050,49.595915,0.009147,0.000000,0.000000,40.281562,50.342786,0.009167,0.000000,0.000000,1.00e-06
2807,1.000,1.000,39.661276,49.567446,0.009148,0.000000,0.000000,40.277269,50.337419,0.009167,0.000000,0.000000,1.00e-06
2808,1.000,1.000,39.665969,49.573314,0.009147,0.000000,0.000000,40.272651,50.331646,0.009166,0.000000,0.000000,1.00e-06
2809,1.000,1.000,39.672925,49.582009,0.009147,0.000000,0.000000,40.276279,50.336182,0.009167,0.000000,0.000000,1.00e-06
2810,1.000,1.000,39.662222,49.568631,0.009146,0.000000,0.000000,40.283031,50.344620,0.009168,0.000000,0.000000,1.00e-06
2811,1.000,1.000,39.682078,49.593449,0.009148,0.000000,0.000000,40.283851,50.345644,0.009168,0.000000,0.000000,1.00e-06
2812,1.000,1.000,39.687529,49.600264,0.009146,0.000000,0.000000,40.284989,50.347068,0.009168,0.000000,0.000000,1.00e-06
2813,1.000,1.000,39.670627,49.579133,0.009149,0.000000,0.000000,40.284450,50.346394,0.009168,0.000000,0.000000,1.00e-06
2814,1.000,1.000,39.672428,49.581389,0.009145,0.000000,0.000000,40.288367,50.351291,0.009169,0.000000,0.000000,1.00e-06
2815,1.000,1.000,39.660934,49.567018,0.009149,0.000000,0.000000,40.285464,50.347661,0.009169,0.000000,0.000000,1.00e-06
2816,1.000,1.000,39.653483,49.557706,0.009146,0.000000,0.000000,40.282411,50.343843,0.009169,0.000000,0.000000,1.00e-06
2817,1.000,1.000,39.659115,49.564745,0.009149,0.000000,0.000000,40.282895,50.344449,0.009169,0.000000,0.000000,1.00e-06
2818,1.000,1.000,39.675139,49.584774,0.009148,0.000000,0.000000,40.284511,50.346469,0.009169,0.000000,0.000000,1.00e-06
2819,1.000,1.000,39.694524,49.609007,0.009147,0.000000,0.000000,40.287135,50.349749,0.009170,0.000000,0.000000,1.00e-06
2820,1.000,1.000,39.652073,49.555942,0.009149,0.000000,0.000000,40.285455,50.347648,0.009170,0.000000,0.000000,1.00e-06
2821,1.000,1.000,39.655699,49.560473,0.009150,0.000000,0.000000,40.282905,50.344460,0.009170,0.000000,0.000000,1.00e-06
2822,1.000,1.000,39.679244,49.589903,0.009150,0.000000,0.000000,40.278385,50.338812,0.009169,0.000000,0.000000,1.00e-06
2823,1.000,1.000,39.668016,49.575870,0.009149,0.000000,0.000000,40.272646,50.331637,0.009169,0.000000,0.000000,1.00e-06
2824,1.000,1.000,39.670840,49.579398,0.009152,0.000000,0.000000,40.266480,50.323931,0.009169,0.000000,0.000000,1.00e-06
2825,1.000,1.000,39.670060,49.578424,0.009150,0.000000,0.000000,40.262026,50.318361,0.009169,0.000000,0.000000,1.00e-06
2826,1.000,1.000,39.686596,49.599093,0.009151,0.000000,0.000000,40.262516,50.318974,0.009169,0.000000,0.000000,1.00e-06
2827,1.000,1.000,39.652238,49.556148,0.009149,0.000000,0.000000,40.264718,50.321728,0.009169,0.000000,0.000000,1.00e-06
2828,1.000,1.000,39.685522,49.597752,0.009150,0.000000,0.000000,40.261880,50.318179,0.009169,0.000000,0.000000,1.00e-06
2829,1.000,1.000,39.685892,49.598213,0.009151,0.000000,0.000000,40.261630,50.317866,0.009170,0.000000,0.000000,1.00e-06
2830,1.000,1.000,39.671761,49.580549,0.009151,0.000000,0.000000,40.261721,50.317980,0.009170,0.000000,0.000000,1.00e-06
2831,1.000,1.000,39.656485,49.561456,0.009150,0.000000,0.000000,40.263391,50.320068,0.009170,0.000000,0.000000,1.00e-06
2832,1.000,1.000,39.681605,49.592854,0.009151,0.000000,0.000000,40.267848,50.325639,0.009171,0.000000,0.000000,1.00e-06
2833,1.000,1.000,39.656787,49.561834,0.009149,0.000000,0.000000,40.271358,50.330027,0.009171,0.000000,0.000000,1.00e-06
2834,1.000,1.000,39.671838,49.580644,0.009153,0.000000,0.000000,40.276125,50.335985,0.009172,0.000000,0.000000,1.00e-06
2835,1.000,1.000,39.664829,49.571882,0.009153,0.000000,0.000000,40.270418,50.328851,0.009171,0.000000,0.000000,1.00e-06
2836,1.000,1.000,39.683726,49.595504,0.009152,0.000000,0.000000,40.269857,50.328150,0.009171,0.000000,0.000000,1.00e-06
2837,1.000,1.000,39.636444,49.536401,0.009152,0.000000,0.000000,40.269645,50.327884,0.009172,0.000000,0.000000,1.00e-06
2838,1.000,1.000,39.646216,49.548615,0.009153,0.000000,0.000000,40.268135,50.325995,0.009172,0.000000,0.000000,1.00e-06
2839,1.000,1.000,39.690530,49.604008,0.009153,0.000000,0.000000,40.270991,50.329567,0.009172,0.000000,0.000000,1.00e-06
2840,1.000,1.000,39.639681,49.540446,0.009154,0.000000,0.000000,40.276048,50.335886,0.009173,0.000000,0.000000,1.00e-06
2841,1.000,1.000,39.708666,49.626677,0.009154,0.000000,0.000000,40.277090,50.337188,0.009173,0.000000,0.000000,1.00e-06
2842,1.000,1.000,39.660202,49.566099,0.009153,0.000000,0.000000,40.279160,50.339775,0.009173,0.000000,0.000000,1.00e-06
2843,1.000,1.000,39.655999,49.560845,0.009153,0.000000,0.000000,40.280076,50.340920,0.009173,0.000000,0.000000,1.00e-06
2844,1.000,1.000,39.679080,49.589700,0.009150,0.000000,0.000000,40.279856,50.340646,0.009174,0.000000,0.000000,1.00e-06
2845,1.000,1.000,39.651628,49.555380,0.009154,0.000000,0.000000,40.282404,50.343830,0.009174,0.000000,0.000000,1.00e-06
2846,1.000,1.000,39.688545,49.601526,0.009154,0.000000,0.000000,40.280651,50.341639,0.009174,0.000000,0.000000,1.00e-06
2847,1.000,1.000,39.669915,49.578243,0.009150,0.000000,0.000000,40.276127,50.335982,0.009174,0.000000,0.000000,1.00e-06
2848,1.000,1.000,39.643660,49.545422,0.009152,0.000000,0.000000,40.279139,50.339748,0.009174,0.000000,0.000000,1.00e-06
2849,1.000,1.000,39.663240,49.569896,0.009153,0.000000,0.000000,40.279222,50.339853,0.009175,0.000000,0.000000,1.00e-06
2850,1.000,1.000,39.670277,49.578691,0.009155,0.000000,0.000000,40.276370,50.336286,0.009175,0.000000,0.000000,1.00e-06
2851,1.000,1.000,39.679348,49.590030,0.009154,0.000000,0.000000,40.278377,50.338796,0.009175,0.000000,0.000000,1.00e-06
2852,1.000,1.000,39.670693,49.579211,0.009154,0.000000,0.000000,40.277680,50.337926,0.009175,0.000000,0.000000,1.00e-06
2853,1.000,1.000,39.652143,49.556022,0.009156,0.000000,0.000000,40.275690,50.335438,0.009175,0.000000,0.000000,1.00e-06
2854,1.000,1.000,39.661264,49.567424,0.009156,0.000000,0.000000,40.276805,50.336829,0.009175,0.000000,0.000000,1.00e-06
2855,1.000,1.000,39.652331,49.556257,0.009155,0.000000,0.000000,40.279320,50.339973,0.009176,0.000000,0.000000,1.00e-06
2856,1.000,1.000,39.653367,49.557552,0.009156,0.000000,0.000000,40.276729,50.336733,0.009176,0.000000,0.000000,1.00e-06
2857,1.000,1.000,39.654986,49.559577,0.009155,0.000000,0.000000,40.277054,50.337140,0.009176,0.000000,0.000000,1.00e-06
2858,1.000,1.000,39.676676,49.586690,0.009154,0.000000,0.000000,40.275599,50.335320,0.009176,0.000000,0.000000,1.00e-06
2859,1.000,1.000,39.681172,49.592312,0.009152,0.000000,0.000000,40.272882,50.331925,0.009176,0.000000,0.000000,1.00e-06
2860,1.000,1.000,39.692566,49.606549,0.009157,0.000000,0.000000,40.271534,50.330242,0.009176,0.000000,0.000000,1.00e-06
2861,1.000,1.000,39.649430,49.552630,0.009156,0.000000,0.000000,40.273627,50.332856,0.009176,0.000000,0.000000,1.00e-06
2862,1.000,1.000,39.639974,49.540810,0.009156,0.000000,0.000000,40.274040,50.333371,0.009177,0.000000,0.000000,1.00e-06
2863,1.000,1.000,39.664665,49.571673,0.009156,0.000000,0.000000,40.268032,50.325864,0.009176,0.000000,0.000000,1.00e-06
2864,1.000,1.000,39.698613,49.614109,0.009157,0.000000,0.000000,40.267957,50.325769,0.009176,0.000000,0.000000,1.00e-06
2865,1.000,1.000,39.690519,49.603991,0.009157,0.000000,0.000000,40.271104,50.329702,0.009177,0.000000,0.000000,1.00e-06
2866,1.000,1.000,39.654846,49.559398,0.009158,0.000000,0.000000,40.271767,50.330528,0.009177,0.000000,0.000000,1.00e-06
2867,1.000,1.000,39.656006,49.560850,0.009157,0.000000,0.000000,40.273516,50.332716,0.009177,0.000000,0.000000,1.00e-06
2868,1.000,1.000,39.650530,49.554005,0.009157,0.000000,0.000000,40.272730,50.331734,0.009177,0.000000,0.000000,1.00e-06
2869,1.000,1.000,39.655426,49.560124,0.009157,0.000000,0.000000,40.276732,50.336738,0.009178,0.000000,0.000000,1.00e-06
2870,1.000,1.000,39.669181,49.577317,0.009158,0.000000,0.000000,40.280321,50.341224,0.009178,0.000000,0.000000,1.00e-06
2871,1.000,1.000,39.660714,49.566733,0.009159,0.000000,0.000000,40.283566,50.345278,0.009179,0.000000,0.000000,1.00e-06
2872,1.000,1.000,39.696199,49.611090,0.009159,0.000000,0.000000,40.286252,50.348636,0.009179,0.000000,0.000000,1.00e-06
2873,1.000,1.000,39.668602,49.576592,0.009159,0.000000,0.000000,40.283373,50.345036,0.009179,0.000000,0.000000,1.00e-06
2874,1.000,1.000,39.636080,49.535942,0.009158,0.000000,0.000000,40.280250,50.341133,0.009179,0.000000,0.000000,1.00e-06
2875,1.000,1.000,39.666543,49.574019,0.009158,0.000000,0.000000,40.277461,50.337647,0.009179,0.000000,0.000000,1.00e-06
2876,1.000,1.000,39.651526,49.555247,0.009159,0.000000,0.000000,40.274343,50.333749,0.009179,0.000000,0.000000,1.00e-06
2877,1.000,1.000,39.671677,49.580436,0.009159,0.000000,0.000000,40.270029,50.328357,0.009179,0.000000,0.000000,1.00e-06
2878,1.000,1.000,39.666515,49.573982,0.009161,0.000000,0.000000,40.271902,50.330698,0.009179,0.000000,0.000000,1.00e-06
2879,1.000,1.000,39.651978,49.555810,0.009161,0.000000,0.000000,40.272091,50.330935,0.009179,0.000000,0.000000,1.00e-06
2880,1.000,1.000,39.657907,49.563223,0.009160,0.000000,0.000000,40.270977,50.329541,0.009179,0.000000,0.000000,1.00e-06
2881,1.000,1.000,39.648394,49.551331,0.009161,0.000000,0.000000,40.273658,50.332892,0.009180,0.000000,0.000000,1.00e-06
2882,1.000,1.000,39.684619,49.596613,0.009159,0.000000,0.000000,40.275382,50.335046,0.009180,0.000000,0.000000,1.00e-06
2883,1.000,1.000,39.680445,49.591395,0.009160,0.000000,0.000000,40.280164,50.341022,0.009181,0.000000,0.000000,1.00e-06
2884,1.000,1.000,39.639775,49.540558,0.009160,0.000000,0.000000,40.284851,50.346883,0.009181,0.000000,0.000000,1.00e-06
2885,1.000,1.000,39.661404,49.567591,0.009164,0.000000,0.000000,40.283593,50.345309,0.009181,0.000000,0.000000,1.00e-06
2886,1.000,1.000,39.674588,49.584072,0.009162,0.000000,0.000000,40.277502,50.337696,0.009181,0.000000,0.000000,1.00e-06
2887,1.000,1.000,39.676143,49.586018,0.009160,0.000000,0.000000,40.277759,50.338017,0.009181,0.000000,0.000000,1.00e-06
2888,1.000,1.000,39.671121,49.579738,0.009162,0.000000,0.000000,40.276789,50.336802,0.009181,0.000000,0.000000,1.00e-06
2889,1.000,1.000,39.663623,49.570366,0.009162,0.000000,0.000000,40.275894,50.335685,0.009181,0.000000,0.000000,1.00e-06
2890,1.000,1.000,39.650529,49.553998,0.009161,0.000000,0.000000,40.273653,50.332884,0.009181,0.000000,0.000000,1.00e-06
2891,1.000,1.000,39.643987,49.545821,0.009162,0.000000,0.000000,40.273978,50.333290,0.009181,0.000000,0.000000,1.00e-06
2892,1.000,1.000,39.681989,49.593322,0.009164,0.000000,0.000000,40.274962,50.334520,0.009182,0.000000,0.000000,1.00e-06
2893,1.000,1.000,39.686773,49.599301,0.009165,0.000000,0.000000,40.278742,50.339245,0.009182,0.000000,0.000000,1.00e-06
2894,1.000,1.000,39.683941,49.595762,0.009163,0.000000,0.000000,40.281012,50.342080,0.009183,0.000000,0.000000,1.00e-06
2895,1.000,1.000,39.650468,49.553920,0.009164,0.000000,0.000000,40.282617,50.344088,0.009183,0.000000,0.000000,1.00e-06
2896,1.000,1.000,39.664541,49.571515,0.009161,0.000000,0.000000,40.284936,50.346986,0.009183,0.000000,0.000000,1.00e-06
2897,1.000,1.000,39.655762,49.560538,0.009164,0.000000,0.000000,40.286230,50.348603,0.009184,0.000000,0.000000,1.00e-06
2898,1.000,1.000,39.664135,49.571005,0.009162,0.000000,0.000000,40.282046,50.343372,0.009183,0.000000,0.000000,1.00e-06
2899,1.000,1.000,39.671545,49.580268,0.009162,0.000000,0.000000,40.278650,50.339128,0.009183,0.000000,0.000000,1.00e-06
2900,1.000,1.000,39.659688,49.565444,0.009165,0.000000,0.000000,40.279485,50.340172,0.009184,0.000000,0.000000,1.00e-06
2901,1.000,1.000,39.653834,49.558128,0.009164,0.000000,0.000000,40.278724,50.339220,0.009184,0.000000,0.000000,1.00e-06
2902,1.000,1.000,39.691016,49.604603,0.009166,0.000000,0.000000,40.279679,50.340415,0.009184,0.000000,0.000000,1.00e-06
2903,1.000,1.000,39.651653,49.555401,0.009164,0.000000,0.000000,40.279860,50.340640,0.009184,0.000000,0.000000,1.00e-06
2904,1.000,1.000,39.662475,49.568931,0.009162,0.000000,0.000000,40.282493,50.343930,0.009185,0.000000,0.000000,1.00e-06
2905,1.000,1.000,39.656376,49.561306,0.009163,0.000000,0.000000,40.285452,50.347629,0.009185,0.000000,0.000000,1.00e-06
2906,1.000,1.000,39.657364,49.562538,0.009165,0.000000,0.000000,40.288863,50.351892,0.009185,0.000000,0.000000,1.00e-06
2907,1.000,1.000,39.655217,49.559854,0.009166,0.000000,0.000000,40.288504,50.351443,0.009186,0.000000,0.000000,1.00e-06
2908,1.000,1.000,39.665396,49.572578,0.009166,0.000000,0.000000,40.283708,50.345448,0.009185,0.000000,0.000000,1.00e-06
2909,1.000,1.000,39.656104,49.560964,0.009165,0.000000,0.000000,40.285133,50.347230,0.009186,0.000000,0.000000,1.00e-06
2910,1.000,1.000,39.644521,49.546488,0.009162,0.000000,0.000000,40.286076,50.348408,0.009186,0.000000,0.000000,1.00e-06
2911,1.000,1.000,39.694532,49.608997,0.009168,0.000000,0.000000,40.286188,50.348548,0.009186,0.000000,0.000000,1.00e-06
2912,1.000,1.000,39.707723,49.625487,0.009166,0.000000,0.000000,40.284966,50.347020,0.009186,0.000000,0.000000,1.00e-06
2913,1.000,1.000,39.670756,49.579278,0.009166,0.000000,0.000000,40.284089,50.345923,0.009186,0.000000,0.000000,1.00e-06
2914,1.000,1.000,39.635923,49.535736,0.009167,0.000000,0.000000,40.285214,50.347330,0.009187,0.000000,0.000000,1.00e-06
2915,1.000,1.000,39.663345,49.570016,0.009165,0.000000,0.000000,40.287502,50.350190,0.009187,0.000000,0.000000,1.00e-06
2916,1.000,1.000,39.649265,49.552415,0.009165,0.000000,0.000000,40.289324,50.352468,0.009187,0.000000,0.000000,1.00e-06
2917,1.000,1.000,39.641586,49.542816,0.009166,0.000000,0.000000,40.293337,50.357483,0.009188,0.000000,0.000000,1.00e-06
2918,1.000,1.000,39.639559,49.540281,0.009166,0.000000,0.000000,40.297047,50.362119,0.009188,0.000000,0.000000,1.00e-06
2919,1.000,1.000,39.674023,49.583362,0.009166,0.000000,0.000000,40.297368,50.362521,0.009189,0.000000,0.000000,1.00e-06
2920,1.000,1.000,39.636005,49.535838,0.009167,0.000000,0.000000,40.297627,50.362844,0.009189,0.000000,0.000000,1.00e-06
2921,1.000,1.000,39.651478,49.555178,0.009168,0.000000,0.000000,40.297182,50.362288,0.009189,0.000000,0.000000,1.00e-06
2922,1.000,1.000,39.649617,49.552853,0.009168,0.000000,0.000000,40.294020,50.358335,0.009189,0.000000,0.000000,1.00e-06
2923,1.000,1.000,39.677935,49.588251,0.009167,0.000000,0.000000,40.294211,50.358574,0.009189,0.000000,0.000000,1.00e-06
2924,1.000,1.000,39.652821,49.556858,0.009167,0.000000,0.000000,40.292923,50.356963,0.009189,0.000000,0.000000,1.00e-06
2925,1.000,1.000,39.670566,49.579038,0.009169,0.000000,0.000000,40.293428,50.357595,0.009189,0.000000,0.000000,1.00e-06
2926,1.000,1.000,39.651475,49.555173,0.009169,0.000000,0.000000,40.291724,50.355464,0.009189,0.000000,0.000000,1.00e-06
2927,1.000,1.000,39.662411,49.568845,0.009168,0.000000,0.000000,40.291445,50.355117,0.009190,0.000000,0.000000,1.00e-06
2928,1.000,1.000,39.659434,49.565120,0.009171,0.000000,0.000000,40.290798,50.354308,0.009190,0.000000,0.000000,1.00e-06
2929,1.000,1.000,39.671517,49.580225,0.009170,0.000000,0.000000,40.287809,50.350571,0.009190,0.000000,0.000000,1.00e-06
2930,1.000,1.000,39.683937,49.595751,0.009170,0.000000,0.000000,40.287190,50.349797,0.009190,0.000000,0.000000,1.00e-06
2931,1.000,1.000,39.665870,49.573167,0.009170,0.000000,0.000000,40.291736,50.355478,0.009190,0.000000,0.000000,1.00e-06
2932,1.000,1.000,39.641885,49.543185,0.009170,0.000000,0.000000,40.295165,50.359765,0.009191,0.000000,0.000000,1.00e-06
2933,1.000,1.000,39.645517,49.547726,0.009170,0.000000,0.000000,40.296057,50.360879,0.009191,0.000000,0.000000,1.00e-06
2934,1.000,1.000,39.639165,49.539784,0.009171,0.000000,0.000000,40.299160,50.364758,0.009192,0.000000,0.000000,1.00e-06
2935,1.000,1.000,39.647746,49.550512,0.009170,0.000000,0.000000,40.298949,50.364495,0.009192,0.000000,0.000000,1.00e-06
2936,1.000,1.000,39.639537,49.540251,0.009169,0.000000,0.000000,40.297505,50.362689,0.009192,0.000000,0.000000,1.00e-06
2937,1.000,1.000,39.650662,49.554156,0.009171,0.000000,0.000000,40.298720,50.364207,0.009192,0.000000,0.000000,1.00e-06
2938,1.000,1.000,39.651156,49.554775,0.009169,0.000000,0.000000,40.300666,50.366639,0.009192,0.000000,0.000000,1.00e-06
2939,1.000,1.000,39.682834,49.594371,0.009170,0.000000,0.000000,40.299607,50.365315,0.009192,0.000000,0.000000,1.00e-06
2940,1.000,1.000,39.634795,49.534323,0.009170,0.000000,0.000000,40.296348,50.361241,0.009192,0.000000,0.000000,1.00e-06
2941,1.000,1.000,39.633641,49.532879,0.009171,0.000000,0.000000,40.298220,50.363582,0.009193,0.000000,0.000000,1.00e-06
2942,1.000,1.000,39.647920,49.550728,0.009172,0.000000,0.000000,40.295333,50.359973,0.009193,0.000000,0.000000,1.00e-06
2943,1.000,1.000,39.697985,49.613309,0.009172,0.000000,0.000000,40.297880,50.363157,0.009193,0.000000,0.000000,1.00e-06
2944,1.000,1.000,39.646814,49.549343,0.009173,0.000000,0.000000,40.305422,50.372583,0.009194,0.000000,0.000000,1.00e-06
2945,1.000,1.000,39.638140,49.538500,0.009173,0.000000,0.000000,40.315632,50.385344,0.009195,0.000000,0.000000,1.00e-06
2946,1.000,1.000,39.638011,49.538340,0.009173,0.000000,0.000000,40.316711,50.386693,0.009195,0.000000,0.000000,1.00e-06
2947,1.000,1.000,39.659884,49.565682,0.009172,0.000000,0.000000,40.312991,50.382043,0.009195,0.000000,0.000000,1.00e-06
2948,1.000,1.000,39.652974,49.557044,0.009172,0.000000,0.000000,40.318062,50.388382,0.009196,0.000000,0.000000,1.00e-06
2949,1.000,1.000,39.674020,49.583350,0.009174,0.000000,0.000000,40.314951,50.384492,0.009196,0.000000,0.000000,1.00e-06
2950,1.000,1.000,39.632407,49.531335,0.009172,0.000000,0.000000,40.313231,50.382341,0.009196,0.000000,0.000000,1.00e-06
2951,1.000,1.000,39.646082,49.548429,0.009172,0.000000,0.000000,40.309976,50.378271,0.009195,0.000000,0.000000,1.00e-06
2952,1.000,1.000,39.674367,49.583785,0.009173,0.000000,0.000000,40.305877,50.373150,0.009195,0.000000,0.000000,1.00e-06
2953,1.000,1.000,39.651591,49.555316,0.009172,0.000000,0.000000,40.306167,50.373513,0.009195,0.000000,0.000000,1.00e-06
2954,1.000,1.000,39.684122,49.595978,0.009174,0.000000,0.000000,40.306526,50.373960,0.009196,0.000000,0.000000,1.00e-06
2955,1.000,1.000,39.663223,49.569853,0.009175,0.000000,0.000000,40.301131,50.367217,0.009195,0.000000,0.000000,1.00e-06
2956,1.000,1.000,39.648880,49.551924,0.009175,0.000000,0.000000,40.297982,50.363280,0.009195,0.000000,0.000000,1.00e-06
2957,1.000,1.000,39.644341,49.546252,0.009173,0.000000,0.000000,40.298362,50.363756,0.009195,0.000000,0.000000,1.00e-06
2958,1.000,1.000,39.664738,49.571746,0.009175,0.000000,0.000000,40.300523,50.366457,0.009196,0.000000,0.000000,1.00e-06
2959,1.000,1.000,39.629155,49.527269,0.009175,0.000000,0.000000,40.298319,50.363702,0.009196,0.000000,0.000000,1.00e-06
2960,1.000,1.000,39.652832,49.556864,0.009175,0.000000,0.000000,40.302654,50.369121,0.009196,0.000000,0.000000,1.00e-06
2961,1.000,1.000,39.669591,49.577812,0.009175,0.000000,0.000000,40.306273,50.373642,0.009197,0.000000,0.000000,1.00e-06
2962,1.000,1.000,39.679242,49.589878,0.009174,0.000000,0.000000,40.309407,50.377561,0.009197,0.000000,0.000000,1.00e-06
2963,1.000,1.000,39.655378,49.560046,0.009175,0.000000,0.000000,40.308619,50.376575,0.009197,0.000000,0.000000,1.00e-06
2964,1.000,1.000,39.646214,49.548590,0.009176,0.000000,0.000000,40.308017,50.375822,0.009198,0.000000,0.000000,1.00e-06
2965,1.000,1.000,39.658926,49.564481,0.009176,0.000000,0.000000,40.306678,50.374148,0.009198,0.000000,0.000000,1.00e-06
2966,1.000,1.000,39.667356,49.575018,0.009175,0.000000,0.000000,40.306114,50.373445,0.009198,0.000000,0.000000,1.00e-06
2967,1.000,1.000,39.667280,49.574924,0.009176,0.000000,0.000000,40.302857,50.369372,0.009198,0.000000,0.000000,1.00e-06
2968,1.000,1.000,39.623959,49.520771,0.009177,0.000000,0.000000,40.296457,50.361374,0.009197,0.000000,0.000000,1.00e-06
2969,1.000,1.000,39.664020,49.570848,0.009176,0.000000,0.000000,40.292912,50.356943,0.009197,0.000000,0.000000,1.00e-06
2970,1.000,1.000,39.634451,49.533887,0.009175,0.000000,0.000000,40.288567,50.351510,0.009197,0.000000,0.000000,1.00e-06
2971,1.000,1.000,39.651060,49.554648,0.009177,0.000000,0.000000,40.286518,50.348949,0.009197,0.000000,0.000000,1.00e-06
2972,1.000,1.000,39.648879,49.551923,0.009175,0.000000,0.000000,40.285827,50.348084,0.009197,0.000000,0.000000,1.00e-06
2973,1.000,1.000,39.656579,49.561546,0.009177,0.000000,0.000000,40.283438,50.345098,0.009197,0.000000,0.000000,1.00e-06
2974,1.000,1.000,39.666610,49.574086,0.009177,0.000000,0.000000,40.280151,50.340991,0.009197,0.000000,0.000000,1.00e-06
2975,1.000,1.000,39.654607,49.559079,0.009179,0.000000,0.000000,40.278745,50.339232,0.009197,0.000000,0.000000,1.00e-06
2976,1.000,1.000,39.670451,49.578887,0.009177,0.000000,0.000000,40.279995,50.340796,0.009197,0.000000,0.000000,1.00e-06
2977,1.000,1.000,39.653785,49.558056,0.009175,0.000000,0.000000,40.282261,50.343628,0.009198,0.000000,0.000000,1.00e-06
2978,1.000,1.000,39.658125,49.563477,0.009179,0.000000,0.000000,40.285054,50.347118,0.009198,0.000000,0.000000,1.00e-06
2979,1.000,1.000,39.634057,49.533394,0.009175,0.000000,0.000000,40.283297,50.344922,0.009198,0.000000,0.000000,1.00e-06
2980,1.000,1.000,39.625041,49.522121,0.009178,0.000000,0.000000,40.285550,50.347738,0.009198,0.000000,0.000000,1.00e-06
2981,1.000,1.000,39.672673,49.581661,0.009179,0.000000,0.000000,40.281013,50.342068,0.009198,0.000000,0.000000,1.00e-06
2982,1.000,1.000,39.666132,49.573485,0.009179,0.000000,0.000000,40.280434,50.341343,0.009198,0.000000,0.000000,1.00e-06
2983,1.000,1.000,39.607472,49.500160,0.009179,0.000000,0.000000,40.283484,50.345155,0.009199,0.000000,0.000000,1.00e-06
2984,1.000,1.000,39.644688,49.546680,0.009179,0.000000,0.000000,40.286805,50.349307,0.009199,0.000000,0.000000,1.00e-06
2985,1.000,1.000,39.654357,49.558767,0.009178,0.000000,0.000000,40.288297,50.351171,0.009200,0.000000,0.000000,1.00e-06
2986,1.000,1.000,39.683997,49.595815,0.009180,0.000000,0.000000,40.287447,50.350109,0.009200,0.000000,0.000000,1.00e-06
2987,1.000,1.000,39.632606,49.531577,0.009179,0.000000,0.000000,40.283378,50.345022,0.009199,0.000000,0.000000,1.00e-06
2988,1.000,1.000,39.638202,49.538573,0.009179,0.000000,0.000000,40.279441,50.340099,0.009199,0.000000,0.000000,1.00e-06
2989,1.000,1.000,39.644921,49.546972,0.009179,0.000000,0.000000,40.280322,50.341202,0.009200,0.000000,0.000000,1.00e-06
2990,1.000,1.000,39.637233,49.537360,0.009180,0.000000,0.000000,40.280035,50.340842,0.009200,0.000000,0.000000,1.00e-06
2991,1.000,1.000,39.660079,49.565918,0.009180,0.000000,0.000000,40.281549,50.342735,0.009200,0.000000,0.000000,1.00e-06
2992,1.000,1.000,39.670185,49.578550,0.009181,0.000000,0.000000,40.280391,50.341289,0.009200,0.000000,0.000000,1.00e-06
2993,1.000,1.000,39.662892,49.569432,0.009181,0.000000,0.000000,40.288663,50.351625,0.009201,0.000000,0.000000,1.00e-06
2994,1.000,1.000,39.669444,49.577623,0.009181,0.000000,0.000000,40.290150,50.353483,0.009201,0.000000,0.000000,1.00e-06
2995,1.000,1.000,39.670322,49.578721,0.009180,0.000000,0.000000,40.288977,50.352017,0.009201,0.000000,0.000000,1.00e-06
2996,1.000,1.000,39.647915,49.550712,0.009181,0.000000,0.000000,40.285733,50.347964,0.009201,0.000000,0.000000,1.00e-06
2997,1.000,1.000,39.621185,49.517297,0.009183,0.000000,0.000000,40.285421,50.347574,0.009201,0.000000,0.000000,1.00e-06
2998,1.000,1.000,39.643843,49.545621,0.009182,0.000000,0.000000,40.283754,50.345490,0.009201,0.000000,0.000000,1.00e-06
2999,1.000,1.000,39.676074,49.585909,0.009183,0.000000,0.000000,40.283333,50.344963,0.009202,0.000000,0.000000,1.00e-06
3000,1.000,1.000,39.654219,49.558589,0.009183,0.000000,0.000000,40.281277,50.342394,0.009202,0.000000,0.000000,1.00e-06
