epoch,kl_g0_weight,kl_u_weight,train_loss_total,train_loss_recon,train_loss_kl_g0,train_loss_kl_u,train_loss_cls,val_loss_total,val_loss_recon,val_loss_kl_g0,val_loss_kl_u,val_loss_cls,lr
1,1.000,1.000,1006.544498,1257.690801,0.000000,0.198658,1.164608,102.197199,127.227896,0.000000,0.216869,1.206914,1.00e-04
2,1.000,1.000,210.534170,262.644099,0.000000,0.227295,1.185243,68.619758,85.231489,0.000000,0.246010,1.188791,1.00e-04
3,1.000,1.000,114.491980,142.567730,0.000000,0.255699,1.166181,53.202874,65.936684,0.000000,0.274729,1.168720,1.00e-04
4,1.000,1.000,80.208029,99.689098,0.000000,0.285590,1.141381,51.028896,63.193950,0.000000,0.306854,1.141259,1.00e-04
5,1.000,1.000,66.835129,82.943141,0.000000,0.319904,1.123459,48.659313,60.196158,0.000000,0.343512,1.137885,1.00e-04
6,1.000,1.000,58.682922,72.713514,0.000000,0.358641,1.125988,45.974626,56.802661,0.000000,0.382945,1.130693,1.00e-04
7,1.000,1.000,53.787246,66.553258,0.000000,0.401353,1.117778,45.411231,56.050442,0.000000,0.429465,1.136527,1.00e-04
8,1.000,1.000,50.867595,62.853125,0.000000,0.451659,1.118834,44.968298,55.446145,0.000000,0.481880,1.129392,1.00e-04
9,1.000,1.000,48.069171,59.299747,0.000000,0.507819,1.115594,44.472382,54.770126,0.000000,0.538635,1.126859,1.00e-04
10,1.000,1.000,46.063273,56.732098,0.000000,0.569124,1.111473,43.987737,54.100344,0.000000,0.604253,1.120295,1.00e-04
11,1.000,1.000,45.063330,55.414935,0.000000,0.638549,1.102709,43.637944,53.595361,0.000000,0.672781,1.117154,1.00e-04
12,1.000,1.000,43.876912,53.861765,0.000000,0.709839,1.098142,43.247994,53.041172,0.000000,0.742619,1.104814,1.00e-04
13,1.000,1.000,42.822236,52.473467,0.000000,0.780828,1.093997,42.437321,51.959755,0.000000,0.811593,1.101211,1.00e-04
14,1.000,1.000,41.395391,50.623637,0.000000,0.848738,1.087451,41.620856,50.874436,0.000000,0.877605,1.096107,1.00e-04
15,1.000,1.000,40.338918,49.237202,0.000000,0.915744,1.082799,41.170606,50.247577,0.000000,0.943673,1.088022,1.00e-04
16,1.000,1.000,39.268536,47.832485,0.000000,0.983230,1.079815,41.239305,50.270856,0.000000,1.005924,1.089408,1.00e-04
17,1.000,1.000,38.428222,46.723093,0.000000,1.043700,1.073942,39.958136,48.613655,0.000000,1.063833,1.080729,1.00e-04
18,1.000,1.000,37.511036,45.522983,0.000000,1.098798,1.068054,39.060346,47.439576,0.000000,1.116579,1.077103,1.00e-04
19,1.000,1.000,36.559589,44.281659,0.000000,1.150533,1.069172,38.373530,46.535234,0.000000,1.164833,1.067380,1.00e-04
20,1.000,1.000,35.702495,43.164076,0.000000,1.198652,1.061552,38.448703,46.583007,0.000000,1.210672,1.068796,1.00e-04
21,1.000,1.000,34.803302,41.997784,0.000000,1.241544,1.059193,37.579296,45.456647,0.000000,1.251795,1.062707,1.00e-04
22,1.000,1.000,34.105760,41.086435,0.000000,1.281693,1.056283,36.802981,44.448273,0.000000,1.290457,1.059990,1.00e-04
23,1.000,1.000,33.528841,40.329382,0.000000,1.318181,1.053950,35.864374,43.244520,0.000000,1.321113,1.059335,1.00e-04
24,1.000,1.000,32.963286,39.596539,0.000000,1.344575,1.051974,35.252394,42.452166,0.000000,1.349227,1.056393,1.00e-04
25,1.000,1.000,31.984622,38.346095,0.000000,1.372782,1.047599,34.799202,41.857795,0.000000,1.377654,1.054204,1.00e-04
26,1.000,1.000,31.440679,37.640600,0.000000,1.397949,1.049200,34.540672,41.508845,0.000000,1.403965,1.052115,1.00e-04
27,1.000,1.000,31.005152,37.070183,0.000000,1.424899,1.045428,33.721288,40.463343,0.000000,1.425656,1.050430,1.00e-04
28,1.000,1.000,30.304697,36.173435,0.000000,1.446303,1.044528,33.680104,40.390168,0.000000,1.447949,1.048047,1.00e-04
29,1.000,1.000,29.779323,35.495277,0.000000,1.467888,1.043956,32.867735,39.355286,0.000000,1.467831,1.046207,1.00e-04
30,1.000,1.000,29.385677,34.982231,0.000000,1.488561,1.045218,33.138125,39.672299,0.000000,1.489246,1.044443,1.00e-04
31,1.000,1.000,28.771451,34.197118,0.000000,1.507238,1.039827,32.348798,38.669439,0.000000,1.505566,1.043963,1.00e-04
32,1.000,1.000,28.386276,33.698888,0.000000,1.523990,1.039864,31.847051,38.026857,0.000000,1.521104,1.043407,1.00e-04
33,1.000,1.000,27.806428,32.959496,0.000000,1.538185,1.041418,31.618286,37.726074,0.000000,1.536220,1.042250,1.00e-04
34,1.000,1.000,27.421308,32.463618,0.000000,1.553017,1.039999,31.256113,37.259446,0.000000,1.550685,1.040037,1.00e-04
35,1.000,1.000,27.021331,31.950093,0.000000,1.566835,1.038946,30.970831,36.890485,0.000000,1.563165,1.039560,1.00e-04
36,1.000,1.000,26.618578,31.435186,0.000000,1.578627,1.037633,30.796832,36.660903,0.000000,1.575466,1.038676,1.00e-04
37,1.000,1.000,26.355787,31.096642,0.000000,1.589155,1.035748,30.282871,36.008975,0.000000,1.584859,1.039011,1.00e-04
38,1.000,1.000,25.893320,30.508594,0.000000,1.599016,1.036160,30.143687,35.824570,0.000000,1.595493,1.038180,1.00e-04
39,1.000,1.000,25.644424,30.188104,0.000000,1.608062,1.037456,30.031886,35.677650,0.000000,1.602705,1.038006,1.00e-04
40,1.000,1.000,25.232026,29.664354,0.000000,1.616635,1.036173,29.836339,35.424547,0.000000,1.611442,1.037736,1.00e-04
41,1.000,1.000,25.036232,29.413388,0.000000,1.623100,1.035206,29.316927,34.767876,0.000000,1.618886,1.037585,1.00e-04
42,1.000,1.000,24.662173,28.937453,0.000000,1.631015,1.036989,28.643970,33.919460,0.000000,1.626026,1.037899,1.00e-04
43,1.000,1.000,24.418891,28.625819,0.000000,1.638252,1.038169,28.786353,34.089650,0.000000,1.633916,1.037506,1.00e-04
44,1.000,1.000,24.220343,28.371844,0.000000,1.644616,1.035873,28.578225,33.823593,0.000000,1.640039,1.036595,1.00e-04
45,1.000,1.000,23.823243,27.869725,0.000000,1.650167,1.036648,28.170060,33.307667,0.000000,1.645777,1.036523,1.00e-04
46,1.000,1.000,23.555044,27.528991,0.000000,1.655851,1.035849,28.438695,33.638236,0.000000,1.651039,1.036382,1.00e-04
47,1.000,1.000,23.347174,27.263906,0.000000,1.661471,1.034358,27.912423,32.974911,0.000000,1.656383,1.036939,1.00e-04
48,1.000,1.000,23.101169,26.950223,0.000000,1.667208,1.036123,27.496884,32.449519,0.000000,1.662595,1.035963,1.00e-04
49,1.000,1.000,22.811922,26.583248,0.000000,1.672897,1.035032,26.989210,31.809606,0.000000,1.667806,1.036401,1.00e-04
50,1.000,1.000,22.707256,26.448316,0.000000,1.676873,1.035522,27.111788,31.957045,0.000000,1.673620,1.036281,1.00e-04
51,1.000,1.000,22.492424,26.175539,0.000000,1.681308,1.034731,27.081158,31.917026,0.000000,1.675391,1.036119,1.00e-04
52,1.000,1.000,22.265342,25.888450,0.000000,1.684903,1.033297,26.619025,31.334271,0.000000,1.680393,1.036463,1.00e-04
53,1.000,1.000,22.034870,25.595429,0.000000,1.689684,1.033895,26.197093,30.800525,0.000000,1.686837,1.036016,1.00e-04
54,1.000,1.000,21.758832,25.245561,0.000000,1.694454,1.034097,26.014579,30.570041,0.000000,1.689198,1.035933,1.00e-04
55,1.000,1.000,21.455339,24.861950,0.000000,1.698268,1.035823,26.358943,30.995978,0.000000,1.693870,1.035317,1.00e-04
56,1.000,1.000,21.359879,24.738896,0.000000,1.701780,1.036689,25.961236,30.495627,0.000000,1.697043,1.035501,1.00e-04
57,1.000,1.000,21.157068,24.482261,0.000000,1.705162,1.035646,25.998423,30.537581,0.000000,1.701565,1.035525,1.00e-04
58,1.000,1.000,21.002341,24.285290,0.000000,1.709102,1.034137,25.634912,30.080384,0.000000,1.704335,1.035681,1.00e-04
59,1.000,1.000,20.991032,24.269567,0.000000,1.711231,1.031963,25.382736,29.761984,0.000000,1.707521,1.035655,1.00e-04
60,1.000,1.000,20.892442,24.143098,0.000000,1.714003,1.033804,25.219925,29.557771,0.000000,1.708019,1.036463,1.00e-04
61,1.000,1.000,20.641998,23.826481,0.000000,1.717264,1.035010,25.302460,29.656835,0.000000,1.712321,1.035672,1.00e-04
62,1.000,1.000,20.353506,23.463169,0.000000,1.719735,1.035916,24.571606,28.740747,0.000000,1.714885,1.035505,1.00e-04
63,1.000,1.000,20.127565,23.178789,0.000000,1.721481,1.036745,24.990483,29.262479,0.000000,1.716817,1.035229,1.00e-04
64,1.000,1.000,20.116888,23.162255,0.000000,1.724516,1.037352,25.115632,29.414587,0.000000,1.721212,1.034965,1.00e-04
65,1.000,1.000,19.758709,22.712155,0.000000,1.728254,1.031903,24.600074,28.767078,0.000000,1.724165,1.035397,1.00e-04
66,1.000,1.000,19.813074,22.777994,0.000000,1.729708,1.034558,24.423312,28.544545,0.000000,1.725889,1.034817,1.00e-04
67,1.000,1.000,19.688811,22.620001,0.000000,1.732578,1.033739,24.040488,28.064345,0.000000,1.727502,1.035053,1.00e-04
68,1.000,1.000,19.356868,22.204309,0.000000,1.733579,1.032794,23.792787,27.752760,0.000000,1.729463,1.035037,1.00e-04
69,1.000,1.000,19.142588,21.933937,0.000000,1.735519,1.035114,23.982526,27.988556,0.000000,1.730862,1.034957,1.00e-04
70,1.000,1.000,19.167223,21.963315,0.000000,1.736824,1.035558,23.506215,27.391472,0.000000,1.732573,1.034889,1.00e-04
71,1.000,1.000,18.874325,21.594431,0.000000,1.739355,1.036481,23.431898,27.296933,0.000000,1.734120,1.035279,1.00e-04
72,1.000,1.000,18.833411,21.542369,0.000000,1.740581,1.035258,23.361027,27.205625,0.000000,1.736978,1.034721,1.00e-04
73,1.000,1.000,18.532512,21.163364,0.000000,1.743654,1.034488,23.304700,27.132380,0.000000,1.739809,1.034745,1.00e-04
74,1.000,1.000,18.579088,21.220036,0.000000,1.745755,1.032274,22.756015,26.443920,0.000000,1.742228,1.035485,1.00e-04
75,1.000,1.000,18.351882,20.932353,0.000000,1.748801,1.034793,22.623141,26.274204,0.000000,1.746015,1.034826,1.00e-04
76,1.000,1.000,18.106994,20.623406,0.000000,1.751458,1.035512,22.893043,26.611005,0.000000,1.746656,1.034566,1.00e-04
77,1.000,1.000,17.976732,20.461129,0.000000,1.751455,1.033324,22.611712,26.259010,0.000000,1.747035,1.034376,1.00e-04
78,1.000,1.000,17.830120,20.276805,0.000000,1.752616,1.032914,22.253676,25.810017,0.000000,1.748598,1.033918,1.00e-04
79,1.000,1.000,17.704333,20.118872,0.000000,1.753268,1.033103,22.082683,25.595830,0.000000,1.749028,1.033982,1.00e-04
80,1.000,1.000,17.629374,20.024058,0.000000,1.754086,1.034289,22.042916,25.545572,0.000000,1.749771,1.033203,1.00e-04
81,1.000,1.000,17.519190,19.886228,0.000000,1.754731,1.032113,22.099168,25.614274,0.000000,1.751324,1.033447,1.00e-04
82,1.000,1.000,17.349861,19.673339,0.000000,1.755523,1.033856,22.359505,25.939774,0.000000,1.751287,1.033279,1.00e-04
83,1.000,1.000,17.310796,19.623587,0.000000,1.756145,1.035050,21.625380,25.021269,0.000000,1.752160,1.033181,1.00e-04
84,1.000,1.000,17.133579,19.401475,0.000000,1.757084,1.033656,21.856936,25.309772,0.000000,1.753126,1.033085,1.00e-04
85,1.000,1.000,16.946512,19.167335,0.000000,1.757672,1.032529,21.481056,24.838105,0.000000,1.754870,1.033381,1.00e-04
86,1.000,1.000,16.894823,19.101347,0.000000,1.758649,1.034130,21.551310,24.926588,0.000000,1.754226,1.033295,1.00e-04
87,1.000,1.000,16.839548,19.033546,0.000000,1.758204,1.030736,21.301973,24.615390,0.000000,1.753730,1.033383,1.00e-04
88,1.000,1.000,16.589226,18.719290,0.000000,1.759088,1.032618,21.107183,24.369123,0.000000,1.756498,1.033425,1.00e-04
89,1.000,1.000,16.474068,18.572864,0.000000,1.760946,1.035096,20.921900,24.136082,0.000000,1.757803,1.033960,1.00e-04
90,1.000,1.000,16.353351,18.421605,0.000000,1.762229,1.031417,20.897913,24.105476,0.000000,1.758480,1.033741,1.00e-04
91,1.000,1.000,16.210155,18.240898,0.000000,1.762992,1.035214,20.583652,23.711229,0.000000,1.759875,1.033836,1.00e-04
92,1.000,1.000,16.141897,18.155418,0.000000,1.763614,1.033354,20.400440,23.483160,0.000000,1.758990,1.033594,1.00e-04
93,1.000,1.000,16.052682,18.045119,0.000000,1.762204,1.034118,20.314080,23.375315,0.000000,1.758779,1.034021,1.00e-04
94,1.000,1.000,15.877232,17.824823,0.000000,1.763371,1.033379,20.459874,23.556679,0.000000,1.759802,1.033442,1.00e-04
95,1.000,1.000,15.838904,17.776316,0.000000,1.764105,1.032834,20.427571,23.514751,0.000000,1.761350,1.033449,1.00e-04
96,1.000,1.000,15.659949,17.551118,0.000000,1.765739,1.032315,20.242954,23.283003,0.000000,1.762408,1.033127,1.00e-04
97,1.000,1.000,15.571405,17.439047,0.000000,1.766998,1.032843,19.605035,22.482552,0.000000,1.765385,1.033425,1.00e-04
98,1.000,1.000,15.542737,17.400728,0.000000,1.769975,1.030873,20.046165,23.032065,0.000000,1.767323,1.033269,1.00e-04
99,1.000,1.000,15.428798,17.256101,0.000000,1.771445,1.033803,19.855824,22.792854,0.000000,1.768716,1.032829,1.00e-04
100,1.000,1.000,15.289292,17.080790,0.000000,1.772388,1.033745,19.527948,22.383083,0.000000,1.768663,1.032760,1.00e-04
101,1.000,1.000,15.237766,17.017187,0.000000,1.771771,1.032999,19.729340,22.634758,0.000000,1.768819,1.032383,1.00e-04
102,1.000,1.000,15.062110,16.797459,0.000000,1.772142,1.032145,19.661437,22.550699,0.000000,1.767966,1.032521,1.00e-04
103,1.000,1.000,15.099006,16.843796,0.000000,1.771589,1.033483,19.521483,22.375271,0.000000,1.768465,1.032467,1.00e-04
104,1.000,1.000,14.853728,16.537728,0.000000,1.771359,1.032294,19.320590,22.124871,0.000000,1.767742,1.032502,1.00e-04
105,1.000,1.000,14.793649,16.463676,0.000000,1.770693,1.030771,19.377868,22.196538,0.000000,1.767699,1.032392,1.00e-04
106,1.000,1.000,14.755547,16.415204,0.000000,1.770503,1.034905,19.281973,22.074914,0.000000,1.769315,1.032952,1.00e-04
107,1.000,1.000,14.692743,16.334256,0.000000,1.774163,1.030038,18.853455,21.534032,0.000000,1.774548,1.032953,1.00e-04
108,1.000,1.000,14.647359,16.272760,0.000000,1.778537,1.031609,19.036097,21.759636,0.000000,1.777347,1.032550,1.00e-04
109,1.000,1.000,14.470773,16.050108,0.000000,1.780042,1.033264,18.597092,21.210971,0.000000,1.777170,1.032893,1.00e-04
110,1.000,1.000,14.367307,15.922658,0.000000,1.778957,1.030076,18.331615,20.879858,0.000000,1.776519,1.032569,1.00e-04
111,1.000,1.000,14.332233,15.878329,0.000000,1.778728,1.032938,18.519758,21.116752,0.000000,1.774877,1.032272,1.00e-04
112,1.000,1.000,14.243728,15.768639,0.000000,1.777578,1.033772,18.160090,20.667418,0.000000,1.774699,1.031978,1.00e-04
113,1.000,1.000,14.146311,15.648775,0.000000,1.776564,1.030199,17.837667,20.265242,0.000000,1.773717,1.032495,1.00e-04
114,1.000,1.000,14.056741,15.536816,0.000000,1.776213,1.031591,18.260726,20.793077,0.000000,1.774713,1.032465,1.00e-04
115,1.000,1.000,13.990163,15.452853,0.000000,1.776959,1.031567,18.164605,20.673431,0.000000,1.774172,1.032611,1.00e-04
116,1.000,1.000,13.892841,15.331338,0.000000,1.776938,1.031099,17.879147,20.314861,0.000000,1.775814,1.033029,1.00e-04
117,1.000,1.000,13.851614,15.276785,0.000000,1.779685,1.032189,17.512716,19.853394,0.000000,1.779328,1.032689,1.00e-04
118,1.000,1.000,13.736192,15.128660,0.000000,1.783042,1.034147,17.646139,20.018122,0.000000,1.781477,1.032302,1.00e-04
119,1.000,1.000,13.654247,15.026443,0.000000,1.783478,1.031551,17.727618,20.119383,0.000000,1.782016,1.032495,1.00e-04
120,1.000,1.000,13.625373,14.990172,0.000000,1.783604,1.031762,18.221567,20.738169,0.000000,1.780729,1.032241,1.00e-04
121,1.000,1.000,13.525093,14.865503,0.000000,1.782880,1.031937,18.041936,20.512457,0.000000,1.782006,1.031822,1.00e-04
122,1.000,1.000,13.465393,14.789312,0.000000,1.784146,1.033133,17.424131,19.742084,0.000000,1.780169,1.031639,1.00e-04
123,1.000,1.000,13.309348,14.597395,0.000000,1.781363,1.031705,17.265412,19.546698,0.000000,1.777118,1.031796,1.00e-04
124,1.000,1.000,13.286367,14.570984,0.000000,1.778121,1.035415,17.134199,19.384042,0.000000,1.775683,1.032100,1.00e-04
125,1.000,1.000,13.233788,14.506491,0.000000,1.777748,1.031985,16.972660,19.181954,0.000000,1.775919,1.031807,1.00e-04
126,1.000,1.000,13.166568,14.423001,0.000000,1.777451,1.031031,17.054920,19.284515,0.000000,1.776176,1.031839,1.00e-04
127,1.000,1.000,13.097451,14.333883,0.000000,1.779696,1.032942,17.098403,19.332248,0.000000,1.782839,1.031661,1.00e-04
128,1.000,1.000,13.023985,14.234328,0.000000,1.787325,1.033310,16.979004,19.178439,0.000000,1.787351,1.031861,1.00e-04
129,1.000,1.000,12.986400,14.186458,0.000000,1.788398,1.032578,16.771954,18.921638,0.000000,1.785406,1.031587,1.00e-04
130,1.000,1.000,12.874602,14.049304,0.000000,1.786033,1.031661,16.799954,18.959581,0.000000,1.782518,1.031376,1.00e-04
131,1.000,1.000,12.749967,13.897118,0.000000,1.782423,1.031670,16.488841,18.574237,0.000000,1.778941,1.031491,1.00e-04
132,1.000,1.000,12.742352,13.889943,0.000000,1.779781,1.032865,16.724263,18.870615,0.000000,1.776965,1.030993,1.00e-04
133,1.000,1.000,12.636066,13.759281,0.000000,1.777932,1.031478,16.451866,18.531638,0.000000,1.775431,1.031048,1.00e-04
134,1.000,1.000,12.557761,13.662516,0.000000,1.776348,1.033351,16.089621,18.079701,0.000000,1.774477,1.031393,1.00e-04
135,1.000,1.000,12.480930,13.565996,0.000000,1.776646,1.034079,16.182903,18.195126,0.000000,1.775715,1.031148,1.00e-04
136,1.000,1.000,12.487177,13.572310,0.000000,1.778622,1.032158,16.554794,18.655167,0.000000,1.780582,1.030971,1.00e-04
137,1.000,1.000,12.407785,13.468026,0.000000,1.783515,1.032762,16.170933,18.172794,0.000000,1.783006,1.031460,1.00e-04
138,1.000,1.000,12.315930,13.352186,0.000000,1.784333,1.033572,15.937402,17.880369,0.000000,1.783598,1.031142,1.00e-04
139,1.000,1.000,12.293582,13.323792,0.000000,1.785059,1.032506,16.049685,18.021281,0.000000,1.783140,1.030739,1.00e-04
140,1.000,1.000,12.218627,13.230594,0.000000,1.784482,1.032829,15.887335,17.819569,0.000000,1.781916,1.030731,1.00e-04
141,1.000,1.000,12.110022,13.098392,0.000000,1.780578,1.034233,15.727572,17.626383,0.000000,1.775475,1.030426,1.00e-04
142,1.000,1.000,12.061012,13.044260,0.000000,1.774434,1.030282,15.663755,17.550973,0.000000,1.771070,1.030598,1.00e-04
143,1.000,1.000,12.020984,12.997329,0.000000,1.771190,1.030846,15.490544,17.334808,0.000000,1.770700,1.030685,1.00e-04
144,1.000,1.000,11.926996,12.877911,0.000000,1.773407,1.029708,15.406132,17.225772,0.000000,1.774376,1.030065,1.00e-04
145,1.000,1.000,11.883754,12.819769,0.000000,1.777166,1.031033,15.402523,17.217156,0.000000,1.778534,1.029851,1.00e-04
146,1.000,1.000,11.782325,12.689444,0.000000,1.780538,1.031696,15.263124,17.040639,0.000000,1.780705,1.030241,1.00e-04
147,1.000,1.000,11.752891,12.650946,0.000000,1.782188,1.031915,15.180399,16.934281,0.000000,1.783597,1.030482,1.00e-04
148,1.000,1.000,11.686533,12.564363,0.000000,1.785452,1.033400,15.158447,16.906524,0.000000,1.783933,1.030407,1.00e-04
149,1.000,1.000,11.648877,12.520790,0.000000,1.782541,1.031060,15.237828,17.010273,0.000000,1.779315,1.030786,1.00e-04
150,1.000,1.000,11.633653,12.506516,0.000000,1.777356,1.032776,15.315924,17.112647,0.000000,1.774494,1.031055,1.00e-04
151,1.000,1.000,11.648745,12.526475,0.000000,1.776250,1.032820,14.785960,16.448866,0.000000,1.775762,1.031287,1.00e-04
152,1.000,1.000,11.535504,12.382582,0.000000,1.778676,1.032487,14.764439,16.415761,0.000000,1.781946,1.031365,1.00e-04
153,1.000,1.000,11.483977,12.312515,0.000000,1.784501,1.031822,15.014109,16.725541,0.000000,1.784135,1.031841,1.00e-04
154,1.000,1.000,11.453218,12.274606,0.000000,1.783945,1.031886,15.057151,16.781874,0.000000,1.781551,1.032055,1.00e-04
155,1.000,1.000,11.389407,12.196906,0.000000,1.781733,1.032474,14.702934,16.337914,0.000000,1.782735,1.032076,1.00e-04
156,1.000,1.000,11.320636,12.110027,0.000000,1.782876,1.031568,14.606468,16.218825,0.000000,1.781332,1.031711,1.00e-04
157,1.000,1.000,11.269783,12.048548,0.000000,1.780368,1.033249,14.365707,15.921043,0.000000,1.778244,1.031391,1.00e-04
158,1.000,1.000,11.154473,11.907533,0.000000,1.777469,1.032357,14.128178,15.625398,0.000000,1.777018,1.031224,1.00e-04
159,1.000,1.000,11.088411,11.824459,0.000000,1.778376,1.030712,14.352276,15.903961,0.000000,1.778607,1.031105,1.00e-04
160,1.000,1.000,11.109704,11.849633,0.000000,1.779529,1.031865,14.448319,16.023680,0.000000,1.779011,1.030830,1.00e-04
161,1.000,1.000,11.055856,11.783939,0.000000,1.777811,1.032282,14.463243,16.046598,0.000000,1.774677,1.031115,1.00e-04
162,1.000,1.000,11.013947,11.734094,0.000000,1.775427,1.031648,14.354493,15.909827,0.000000,1.775612,1.030713,1.00e-04
163,1.000,1.000,10.961868,11.669389,0.000000,1.774517,1.033716,14.288210,15.828816,0.000000,1.773758,1.030754,1.00e-04
164,1.000,1.000,10.995290,11.712888,0.000000,1.773320,1.031612,14.116295,15.614217,0.000000,1.773466,1.030741,1.00e-04
165,1.000,1.000,10.886372,11.576209,0.000000,1.772713,1.036173,14.131371,15.633757,0.000000,1.772723,1.030932,1.00e-04
166,1.000,1.000,10.798087,11.466722,0.000000,1.772729,1.032634,14.018549,15.490615,0.000000,1.774968,1.030412,1.00e-04
167,1.000,1.000,10.729949,11.378068,0.000000,1.776603,1.031058,13.988569,15.449084,0.000000,1.778980,1.030585,1.00e-04
168,1.000,1.000,10.658000,11.286368,0.000000,1.778032,1.032403,13.907083,15.351064,0.000000,1.775267,1.030086,1.00e-04
169,1.000,1.000,10.636343,11.264892,0.000000,1.772446,1.032360,13.638165,15.020355,0.000000,1.769792,1.030233,1.00e-04
170,1.000,1.000,10.553281,11.164483,0.000000,1.769001,1.032466,13.807218,15.232194,0.000000,1.769329,1.029997,1.00e-04
171,1.000,1.000,10.600438,11.222119,0.000000,1.770578,1.031404,13.687235,15.077849,0.000000,1.773695,1.029999,1.00e-04
172,1.000,1.000,10.565939,11.175107,0.000000,1.774765,1.030204,13.749892,15.153462,0.000000,1.776384,1.030076,1.00e-04
173,1.000,1.000,10.509399,11.103008,0.000000,1.776079,1.030644,13.571899,14.931125,0.000000,1.776276,1.029891,1.00e-04
174,1.000,1.000,10.420615,10.990848,0.000000,1.776574,1.033386,13.702438,15.095037,0.000000,1.775578,1.029728,1.00e-04
175,1.000,1.000,10.407120,10.975980,0.000000,1.774622,1.033192,13.388784,14.706027,0.000000,1.772602,1.029404,1.00e-04
176,1.000,1.000,10.332066,10.886659,0.000000,1.770836,1.030348,13.512328,14.863304,0.000000,1.769761,1.029380,1.00e-04
177,1.000,1.000,10.317484,10.870712,0.000000,1.768593,1.030200,13.562871,14.927843,0.000000,1.768434,1.029247,1.00e-04
178,1.000,1.000,10.273598,10.817386,0.000000,1.766610,1.032005,13.559444,14.927052,0.000000,1.764915,1.029355,1.00e-04
179,1.000,1.000,10.224410,10.758314,0.000000,1.764109,1.032356,13.515150,14.871774,0.000000,1.764809,1.029417,1.00e-04
180,1.000,1.000,10.160341,10.677350,0.000000,1.765196,1.031519,13.284446,14.582869,0.000000,1.765414,1.029095,1.00e-04
181,1.000,1.000,10.114198,10.619324,0.000000,1.765169,1.033016,13.228482,14.513838,0.000000,1.764355,1.029645,1.00e-04
182,1.000,1.000,10.092044,10.594083,0.000000,1.763013,1.031837,13.291514,14.592567,0.000000,1.764344,1.029921,1.00e-04
183,1.000,1.000,10.040140,10.528702,0.000000,1.762969,1.034016,12.830877,14.017668,0.000000,1.763458,1.029883,1.00e-04
184,1.000,1.000,9.977196,10.448228,0.000000,1.765360,1.031628,13.123067,14.377301,0.000000,1.769158,1.029501,1.00e-04
185,1.000,1.000,9.927097,10.382560,0.000000,1.768039,1.033089,13.058499,14.299368,0.000000,1.766294,1.029845,1.00e-04
186,1.000,1.000,9.978538,10.449623,0.000000,1.765438,1.032445,12.944097,14.156032,0.000000,1.766662,1.029709,1.00e-04
187,1.000,1.000,9.924580,10.382963,0.000000,1.764784,1.031909,12.841266,14.031509,0.000000,1.762656,1.029674,1.00e-04
188,1.000,1.000,9.859666,10.305474,0.000000,1.761124,1.031943,12.755979,13.926542,0.000000,1.761049,1.029525,1.00e-04
189,1.000,1.000,9.874781,10.326520,0.000000,1.758863,1.032373,12.895632,14.102817,0.000000,1.759244,1.029913,1.00e-04
190,1.000,1.000,9.842826,10.285749,0.000000,1.759718,1.032261,12.777391,13.952682,0.000000,1.761614,1.029771,1.00e-04
191,1.000,1.000,9.718836,10.129653,0.000000,1.760971,1.031681,12.807820,13.992595,0.000000,1.759782,1.029590,1.00e-04
192,1.000,1.000,9.777044,10.204415,0.000000,1.758171,1.034874,12.665591,13.817111,0.000000,1.757424,1.029815,1.00e-04
193,1.000,1.000,9.696669,10.106018,0.000000,1.756523,1.033178,12.591109,13.723791,0.000000,1.757707,1.029551,1.00e-04
194,1.000,1.000,9.640812,10.035337,0.000000,1.757929,1.030995,12.602130,13.738539,0.000000,1.756687,1.029744,1.00e-04
195,1.000,1.000,9.622040,10.012715,0.000000,1.756950,1.031544,12.629980,13.770240,0.000000,1.759856,1.029515,1.00e-04
196,1.000,1.000,9.636102,10.029429,0.000000,1.757982,1.030863,12.648620,13.795524,0.000000,1.757802,1.029795,1.00e-04
197,1.000,1.000,9.531299,9.901551,0.000000,1.755047,1.030101,12.395451,13.482257,0.000000,1.754645,1.029645,1.00e-04
198,1.000,1.000,9.519992,9.886488,0.000000,1.755730,1.031084,12.316477,13.381226,0.000000,1.756941,1.029717,1.00e-04
199,1.000,1.000,9.467050,9.817725,0.000000,1.758288,1.031200,12.426879,13.512614,0.000000,1.763589,1.029578,1.00e-04
200,1.000,1.000,9.458979,9.800583,0.000000,1.764145,1.035982,12.309941,13.366818,0.000000,1.763374,1.028934,1.00e-04
201,1.000,1.000,9.425653,9.764052,0.000000,1.760245,1.031077,12.245416,13.292024,0.000000,1.757626,1.028483,1.00e-04
202,1.000,1.000,9.354344,9.680585,0.000000,1.754313,1.032127,11.985832,12.969553,0.000000,1.755486,1.029004,1.00e-04
203,1.000,1.000,9.275158,9.582592,0.000000,1.753427,1.031713,11.916823,12.885331,0.000000,1.753443,1.029015,1.00e-04
204,1.000,1.000,9.345685,9.676556,0.000000,1.747721,1.031316,12.062383,13.072829,0.000000,1.747858,1.029166,1.00e-04
205,1.000,1.000,9.316635,9.640408,0.000000,1.747338,1.032186,11.821489,12.768611,0.000000,1.750959,1.029167,1.00e-04
206,1.000,1.000,9.272922,9.582980,0.000000,1.750228,1.031779,11.854029,12.806623,0.000000,1.753764,1.028597,1.00e-04
207,1.000,1.000,9.210793,9.502960,0.000000,1.752295,1.032945,12.054977,13.058954,0.000000,1.752580,1.028748,1.00e-04
208,1.000,1.000,9.176577,9.462314,0.000000,1.750475,1.031730,11.752274,12.679836,0.000000,1.753305,1.028803,1.00e-04
209,1.000,1.000,9.113568,9.382508,0.000000,1.751490,1.031851,12.053989,13.060265,0.000000,1.749886,1.029346,1.00e-04
210,1.000,1.000,9.105364,9.378848,0.000000,1.744123,1.034931,11.922353,12.902487,0.000000,1.743234,1.028883,1.00e-04
211,1.000,1.000,9.096815,9.372482,0.000000,1.740597,1.031758,11.672504,12.589371,0.000000,1.744102,1.028628,1.00e-04
212,1.000,1.000,9.084330,9.353383,0.000000,1.743676,1.033417,11.624389,12.524855,0.000000,1.748356,1.029098,1.00e-04
213,1.000,1.000,9.109135,9.377865,0.000000,1.749854,1.034798,11.648017,12.547493,0.000000,1.755419,1.028437,1.00e-04
214,1.000,1.000,9.002543,9.241959,0.000000,1.753324,1.031587,11.701761,12.616279,0.000000,1.753847,1.028299,1.00e-04
215,1.000,1.000,8.960663,9.193059,0.000000,1.749897,1.031488,11.724925,12.652627,0.000000,1.746433,1.028384,1.00e-04
216,1.000,1.000,8.930114,9.162668,0.000000,1.741423,1.034206,11.545251,12.434458,0.000000,1.740054,1.028209,1.00e-04
217,1.000,1.000,8.993988,9.245496,0.000000,1.738970,1.032078,11.453440,12.316896,0.000000,1.742905,1.027999,1.00e-04
218,1.000,1.000,8.921800,9.152468,0.000000,1.742150,1.030528,11.386065,12.230161,0.000000,1.745308,1.028449,1.00e-04
219,1.000,1.000,8.874880,9.089867,0.000000,1.745641,1.032370,11.581084,12.469955,0.000000,1.749359,1.028165,1.00e-04
220,1.000,1.000,8.833583,9.035957,0.000000,1.746928,1.036375,11.658229,12.569495,0.000000,1.746287,1.028014,1.00e-04
221,1.000,1.000,8.823049,9.028394,0.000000,1.742386,1.032122,11.467977,12.334692,0.000000,1.743213,1.028264,1.00e-04
222,1.000,1.000,8.797968,8.999651,0.000000,1.740053,1.031020,11.170576,11.964138,0.000000,1.741924,1.028633,1.00e-04
223,1.000,1.000,8.746290,8.935053,0.000000,1.739618,1.032765,11.133292,11.918751,0.000000,1.740733,1.028523,1.00e-04
224,1.000,1.000,8.742150,8.931182,0.000000,1.738874,1.030524,11.253984,12.067786,0.000000,1.742518,1.028704,1.00e-04
225,1.000,1.000,8.699808,8.876875,0.000000,1.740217,1.030669,11.251435,12.064526,0.000000,1.742611,1.028623,1.00e-04
226,1.000,1.000,8.649773,8.813937,0.000000,1.740241,1.032150,11.072378,11.839394,0.000000,1.743904,1.028698,1.00e-04
227,1.000,1.000,8.659894,8.824945,0.000000,1.741465,1.033828,10.992080,11.739531,0.000000,1.743383,1.028745,1.00e-04
228,1.000,1.000,8.606501,8.759812,0.000000,1.740689,1.030502,11.220047,12.024792,0.000000,1.743031,1.028943,1.00e-04
229,1.000,1.000,8.624123,8.783499,0.000000,1.738242,1.033651,11.003254,11.758269,0.000000,1.738717,1.028328,1.00e-04
230,1.000,1.000,8.579067,8.731341,0.000000,1.734741,1.031007,10.927335,11.663487,0.000000,1.738651,1.028124,1.00e-04
231,1.000,1.000,8.580511,8.729654,0.000000,1.737975,1.032041,10.811942,11.515129,0.000000,1.742792,1.028026,1.00e-04
232,1.000,1.000,8.577449,8.722888,0.000000,1.740421,1.034007,10.948884,11.686632,0.000000,1.742426,1.028183,1.00e-04
233,1.000,1.000,8.541757,8.680084,0.000000,1.739304,1.031234,11.034230,11.794192,0.000000,1.741581,1.028062,1.00e-04
234,1.000,1.000,8.522119,8.655620,0.000000,1.739152,1.031504,10.962487,11.705495,0.000000,1.740530,1.028334,1.00e-04
235,1.000,1.000,8.520880,8.656159,0.000000,1.736885,1.032221,10.795227,11.499282,0.000000,1.737716,1.028142,1.00e-04
236,1.000,1.000,8.481087,8.609181,0.000000,1.734371,1.031230,10.809057,11.517976,0.000000,1.736391,1.027817,1.00e-04
237,1.000,1.000,8.406931,8.519104,0.000000,1.731479,1.032324,10.759577,11.459808,0.000000,1.732798,1.027466,1.00e-04
238,1.000,1.000,8.406658,8.521474,0.000000,1.728789,1.032235,10.745066,11.445204,0.000000,1.729191,1.027751,1.00e-04
239,1.000,1.000,8.389821,8.501953,0.000000,1.727228,1.032382,10.690390,11.376633,0.000000,1.729355,1.028001,1.00e-04
240,1.000,1.000,8.330614,8.428709,0.000000,1.726376,1.032729,10.680994,11.363884,0.000000,1.730362,1.027982,1.00e-04
241,1.000,1.000,8.285748,8.371581,0.000000,1.727559,1.032177,10.814513,11.531298,0.000000,1.729911,1.027725,1.00e-04
242,1.000,1.000,8.289550,8.376913,0.000000,1.726668,1.033428,10.732522,11.429153,0.000000,1.729653,1.027384,1.00e-04
243,1.000,1.000,8.314715,8.406798,0.000000,1.728757,1.031357,10.806402,11.515690,0.000000,1.735418,1.027579,1.00e-04
244,1.000,1.000,8.280444,8.361571,0.000000,1.731334,1.030599,10.780425,11.486632,0.000000,1.731956,1.027776,1.00e-04
245,1.000,1.000,8.251004,8.327883,0.000000,1.727764,1.032431,10.553176,11.204003,0.000000,1.730520,1.027787,1.00e-04
246,1.000,1.000,8.201251,8.265056,0.000000,1.728258,1.032999,10.686337,11.367821,0.000000,1.733196,1.027616,1.00e-04
247,1.000,1.000,8.186082,8.242740,0.000000,1.731532,1.033325,10.513166,11.149855,0.000000,1.734681,1.027688,1.00e-04
248,1.000,1.000,8.171301,8.226008,0.000000,1.729697,1.033684,10.632937,11.303966,0.000000,1.730255,1.027802,1.00e-04
249,1.000,1.000,8.166066,8.223656,0.000000,1.725821,1.032422,10.490210,11.128199,0.000000,1.727579,1.027936,1.00e-04
250,1.000,1.000,8.125081,8.174320,0.000000,1.723735,1.033188,10.437244,11.064434,0.000000,1.725252,1.027477,1.00e-04
251,1.000,1.000,8.172312,8.234994,0.000000,1.722646,1.031002,10.451920,11.081656,0.000000,1.726351,1.027568,1.00e-04
252,1.000,1.000,8.109558,8.154034,0.000000,1.724618,1.033185,10.392389,11.004873,0.000000,1.728713,1.027603,1.00e-04
253,1.000,1.000,8.087473,8.125293,0.000000,1.726272,1.031104,10.396220,11.010232,0.000000,1.728155,1.027552,1.00e-04
254,1.000,1.000,8.086665,8.124236,0.000000,1.725925,1.032682,10.550321,11.201586,0.000000,1.729431,1.027533,1.00e-04
255,1.000,1.000,8.009756,8.028349,0.000000,1.725824,1.032085,10.346744,10.949235,0.000000,1.727329,1.027460,1.00e-04
256,1.000,1.000,7.982535,7.997930,0.000000,1.722270,1.031878,10.246034,10.827067,0.000000,1.723592,1.027533,1.00e-04
257,1.000,1.000,8.000179,8.021891,0.000000,1.720130,1.032810,10.254640,10.839047,0.000000,1.722421,1.027327,1.00e-04
258,1.000,1.000,7.964149,7.978581,0.000000,1.718719,1.031547,10.199410,10.772333,0.000000,1.720074,1.027418,1.00e-04
259,1.000,1.000,8.000540,8.026110,0.000000,1.716754,1.031244,10.104662,10.652603,0.000000,1.721289,1.027738,1.00e-04
260,1.000,1.000,7.915075,7.918177,0.000000,1.717463,1.032815,10.104578,10.654107,0.000000,1.719611,1.028018,1.00e-04
261,1.000,1.000,7.913906,7.918251,0.000000,1.716137,1.031979,10.163505,10.727968,0.000000,1.719334,1.028313,1.00e-04
262,1.000,1.000,7.865452,7.859225,0.000000,1.714526,1.032254,10.070793,10.614809,0.000000,1.716708,1.027897,1.00e-04
263,1.000,1.000,7.813794,7.798044,0.000000,1.711488,1.030839,10.160923,10.731915,0.000000,1.712211,1.028106,1.00e-04
264,1.000,1.000,7.806341,7.790341,0.000000,1.709589,1.031987,10.215776,10.799876,0.000000,1.712780,1.028255,1.00e-04
265,1.000,1.000,7.822348,7.810563,0.000000,1.709493,1.031513,10.097331,10.649364,0.000000,1.715213,1.028346,1.00e-04
266,1.000,1.000,7.792708,7.770515,0.000000,1.712248,1.032484,10.045716,10.582703,0.000000,1.717311,1.028521,1.00e-04
267,1.000,1.000,7.790144,7.765806,0.000000,1.713932,1.031771,10.094447,10.641698,0.000000,1.719267,1.028375,1.00e-04
268,1.000,1.000,7.764864,7.733452,0.000000,1.714689,1.031758,9.973794,10.492574,0.000000,1.717594,1.028293,1.00e-04
269,1.000,1.000,7.736700,7.700806,0.000000,1.711672,1.033585,9.979354,10.502140,0.000000,1.715081,1.027881,1.00e-04
270,1.000,1.000,7.706419,7.663813,0.000000,1.711137,1.032297,9.897963,10.399531,0.000000,1.715877,1.028186,1.00e-04
271,1.000,1.000,7.727509,7.686432,0.000000,1.715046,1.031630,9.940909,10.446265,0.000000,1.722809,1.028249,1.00e-04
272,1.000,1.000,7.709870,7.659019,0.000000,1.719996,1.033291,9.953296,10.460590,0.000000,1.723955,1.028299,1.00e-04
273,1.000,1.000,7.676094,7.618257,0.000000,1.718594,1.033067,9.857623,10.343974,0.000000,1.720932,1.028491,1.00e-04
274,1.000,1.000,7.628459,7.562418,0.000000,1.714670,1.033945,9.814632,10.295118,0.000000,1.715899,1.029087,1.00e-04
275,1.000,1.000,7.656429,7.602391,0.000000,1.710073,1.032290,9.898772,10.404437,0.000000,1.711899,1.028519,1.00e-04
276,1.000,1.000,7.631210,7.573738,0.000000,1.706890,1.033533,9.830774,10.320380,0.000000,1.710828,1.029032,1.00e-04
277,1.000,1.000,7.622768,7.562784,0.000000,1.707851,1.031299,9.808339,10.291651,0.000000,1.711460,1.029253,1.00e-04
278,1.000,1.000,7.597153,7.530054,0.000000,1.708124,1.033051,9.853455,10.347065,0.000000,1.712585,1.028674,1.00e-04
279,1.000,1.000,7.536669,7.454542,0.000000,1.708501,1.031171,9.808419,10.292283,0.000000,1.711144,1.028387,1.00e-04
280,1.000,1.000,7.546444,7.471335,0.000000,1.703532,1.032752,9.708402,10.172969,0.000000,1.705509,1.028097,1.00e-04
281,1.000,1.000,7.552379,7.484624,0.000000,1.698251,1.030393,9.636423,10.085920,0.000000,1.702560,1.028194,1.00e-04
282,1.000,1.000,7.533040,7.460181,0.000000,1.697956,1.032648,9.615387,10.059515,0.000000,1.702717,1.028005,1.00e-04
283,1.000,1.000,7.499236,7.415509,0.000000,1.700109,1.033707,9.678252,10.135469,0.000000,1.705431,1.027660,1.00e-04
284,1.000,1.000,7.456654,7.362379,0.000000,1.700855,1.030334,9.600469,10.038417,0.000000,1.705169,1.028001,1.00e-04
285,1.000,1.000,7.459590,7.366288,0.000000,1.699871,1.033314,9.675566,10.131873,0.000000,1.705668,1.027667,1.00e-04
286,1.000,1.000,7.460425,7.365058,0.000000,1.702535,1.031749,9.716573,10.180689,0.000000,1.708062,1.027861,1.00e-04
287,1.000,1.000,7.426825,7.321668,0.000000,1.703886,1.031910,9.542292,9.961145,0.000000,1.709741,1.027916,1.00e-04
288,1.000,1.000,7.389877,7.274362,0.000000,1.704861,1.032488,9.403347,9.790686,0.000000,1.706551,1.027785,1.00e-04
289,1.000,1.000,7.430489,7.329653,0.000000,1.700650,1.031234,9.440761,9.840169,0.000000,1.703873,1.027634,1.00e-04
290,1.000,1.000,7.394539,7.283933,0.000000,1.701349,1.031568,9.563521,9.990112,0.000000,1.707279,1.028039,1.00e-04
291,1.000,1.000,7.369511,7.249230,0.000000,1.704667,1.031966,9.778907,10.256246,0.000000,1.710448,1.027758,1.00e-04
292,1.000,1.000,7.363980,7.241540,0.000000,1.705394,1.032163,9.624933,10.066720,0.000000,1.707518,1.027716,1.00e-04
293,1.000,1.000,7.401371,7.292832,0.000000,1.700515,1.033466,9.492111,9.907876,0.000000,1.700340,1.027691,1.00e-04
294,1.000,1.000,7.348217,7.232562,0.000000,1.694456,1.033014,9.259752,9.621622,0.000000,1.696205,1.027450,1.00e-04
295,1.000,1.000,7.370649,7.260468,0.000000,1.694479,1.033454,9.256345,9.613630,0.000000,1.699978,1.027291,1.00e-04
296,1.000,1.000,7.295823,7.164309,0.000000,1.697238,1.032924,9.371789,9.753401,0.000000,1.704630,1.026818,1.00e-04
297,1.000,1.000,7.261194,7.118784,0.000000,1.699962,1.030981,9.338569,9.714458,0.000000,1.702063,1.026761,1.00e-04
298,1.000,1.000,7.251463,7.112010,0.000000,1.694306,1.032049,9.238773,9.597147,0.000000,1.694492,1.027311,1.00e-04
299,1.000,1.000,7.239526,7.103316,0.000000,1.688252,1.031356,9.322520,9.703435,0.000000,1.692852,1.027450,1.00e-04
300,1.000,1.000,7.213896,7.068579,0.000000,1.690100,1.034763,9.436551,9.840018,0.000000,1.698783,1.027552,1.00e-04
301,1.000,1.000,7.245810,7.105420,0.000000,1.693809,1.032134,9.320622,9.695243,0.000000,1.698762,1.027091,1.00e-04
302,1.000,1.000,7.227875,7.084988,0.000000,1.691687,1.032672,9.126640,9.455668,0.000000,1.695776,1.027421,1.00e-04
303,1.000,1.000,7.221529,7.077007,0.000000,1.691735,1.032678,9.240444,9.596643,0.000000,1.697150,1.027044,1.00e-04
304,1.000,1.000,7.180599,7.024089,0.000000,1.694088,1.030284,9.254052,9.612349,0.000000,1.698463,1.027010,1.00e-04
305,1.000,1.000,7.201113,7.049380,0.000000,1.693819,1.032765,9.246765,9.603410,0.000000,1.698378,1.026667,1.00e-04
306,1.000,1.000,7.146809,6.983668,0.000000,1.691459,1.033536,9.366265,9.760085,0.000000,1.691030,1.026867,1.00e-04
307,1.000,1.000,7.132594,6.973924,0.000000,1.683729,1.032354,9.201517,9.560332,0.000000,1.684767,1.027187,1.00e-04
308,1.000,1.000,7.185647,7.042582,0.000000,1.681242,1.032937,9.151280,9.493221,0.000000,1.689067,1.027249,1.00e-04
309,1.000,1.000,7.131005,6.969704,0.000000,1.686218,1.031332,9.108085,9.434926,0.000000,1.693393,1.027148,1.00e-04
310,1.000,1.000,7.136267,6.975269,0.000000,1.687489,1.030305,9.156523,9.498220,0.000000,1.690718,1.026858,1.00e-04
311,1.000,1.000,7.096723,6.927078,0.000000,1.686020,1.031221,9.206914,9.562521,0.000000,1.689369,1.027009,1.00e-04
312,1.000,1.000,7.085390,6.914215,0.000000,1.684416,1.032425,8.956881,9.250339,0.000000,1.689077,1.026744,1.00e-04
313,1.000,1.000,7.062701,6.887571,0.000000,1.682979,1.031303,9.000000,9.306240,0.000000,1.687138,1.026484,1.00e-04
314,1.000,1.000,7.004738,6.816785,0.000000,1.681095,1.032170,9.064098,9.390422,0.000000,1.683120,1.026319,1.00e-04
315,1.000,1.000,7.019210,6.839417,0.000000,1.676923,1.030691,9.080672,9.411554,0.000000,1.682656,1.026520,1.00e-04
316,1.000,1.000,7.011914,6.825426,0.000000,1.681075,1.033564,9.024404,9.333690,0.000000,1.690282,1.026131,1.00e-04
317,1.000,1.000,7.015144,6.823225,0.000000,1.687549,1.032623,9.033322,9.340246,0.000000,1.694747,1.026635,1.00e-04
318,1.000,1.000,6.967239,6.762766,0.000000,1.687637,1.034579,8.880373,9.154978,0.000000,1.688752,1.026942,1.00e-04
319,1.000,1.000,6.958735,6.760505,0.000000,1.680001,1.031648,9.033518,9.353493,0.000000,1.681667,1.026952,1.00e-04
320,1.000,1.000,6.925854,6.725065,0.000000,1.674572,1.030726,8.983662,9.294070,0.000000,1.678766,1.026966,1.00e-04
321,1.000,1.000,6.926024,6.725251,0.000000,1.674521,1.031032,8.914592,9.203662,0.000000,1.682883,1.026778,1.00e-04
322,1.000,1.000,6.933949,6.730039,0.000000,1.679757,1.030562,8.948911,9.240778,0.000000,1.688655,1.026821,1.00e-04
323,1.000,1.000,6.917579,6.708638,0.000000,1.680717,1.030477,8.902577,9.188824,0.000000,1.682700,1.026787,1.00e-04
324,1.000,1.000,6.898893,6.692588,0.000000,1.672989,1.032159,8.988197,9.301629,0.000000,1.676964,1.026611,1.00e-04
325,1.000,1.000,6.943924,6.752906,0.000000,1.669098,1.031606,8.830736,9.106599,0.000000,1.675181,1.026563,1.00e-04
326,1.000,1.000,6.882030,6.673915,0.000000,1.670620,1.032013,8.882326,9.169560,0.000000,1.676799,1.026197,1.00e-04
327,1.000,1.000,6.880232,6.671508,0.000000,1.670839,1.031771,9.045368,9.373388,0.000000,1.676646,1.026703,1.00e-04
328,1.000,1.000,6.846744,6.631993,0.000000,1.668242,1.032780,8.815525,9.092275,0.000000,1.670382,1.026995,1.00e-04
329,1.000,1.000,6.804159,6.582190,0.000000,1.665038,1.031878,8.831146,9.111070,0.000000,1.671128,1.026937,1.00e-04
330,1.000,1.000,6.806188,6.583237,0.000000,1.666786,1.030849,8.779044,9.043336,0.000000,1.673791,1.026710,1.00e-04
331,1.000,1.000,6.796814,6.566553,0.000000,1.671310,1.032618,8.826382,9.097970,0.000000,1.678229,1.027112,1.00e-04
332,1.000,1.000,6.830864,6.608936,0.000000,1.671879,1.031062,8.779676,9.040472,0.000000,1.677299,1.027300,1.00e-04
333,1.000,1.000,6.790635,6.559175,0.000000,1.670769,1.033403,8.595863,8.814345,0.000000,1.673714,1.027076,1.00e-04
334,1.000,1.000,6.773467,6.540530,0.000000,1.668593,1.030838,8.768423,9.034130,0.000000,1.669550,1.027395,1.00e-04
335,1.000,1.000,6.740094,6.505012,0.000000,1.662540,1.030263,8.728822,8.988889,0.000000,1.665357,1.027124,1.00e-04
336,1.000,1.000,6.721425,6.484033,0.000000,1.660211,1.030152,8.786589,9.061018,0.000000,1.665462,1.027030,1.00e-04
337,1.000,1.000,6.712979,6.472015,0.000000,1.661365,1.031376,8.646144,8.882685,0.000000,1.668208,1.027147,1.00e-04
338,1.000,1.000,6.750642,6.516163,0.000000,1.663874,1.033059,8.567180,8.782246,0.000000,1.670077,1.026608,1.00e-04
339,1.000,1.000,6.692581,6.442223,0.000000,1.665602,1.031605,8.600128,8.822285,0.000000,1.671201,1.026694,1.00e-04
340,1.000,1.000,6.692094,6.442077,0.000000,1.665276,1.031061,8.537593,8.744036,0.000000,1.671290,1.026657,1.00e-04
341,1.000,1.000,6.658694,6.400052,0.000000,1.665253,1.032250,8.609797,8.837738,0.000000,1.667735,1.027094,1.00e-04
342,1.000,1.000,6.646649,6.388664,0.000000,1.661808,1.031359,8.573855,8.793966,0.000000,1.666690,1.026646,1.00e-04
343,1.000,1.000,6.636320,6.376359,0.000000,1.661075,1.031864,8.590126,8.816251,0.000000,1.664617,1.027154,1.00e-04
344,1.000,1.000,6.597801,6.331902,0.000000,1.657566,1.031133,8.634262,8.874246,0.000000,1.661914,1.026670,1.00e-04
345,1.000,1.000,6.597123,6.332711,0.000000,1.655762,1.031721,8.592003,8.824446,0.000000,1.658919,1.026557,1.00e-04
346,1.000,1.000,6.594074,6.330955,0.000000,1.653495,1.032572,8.431905,8.623800,0.000000,1.659476,1.026417,1.00e-04
347,1.000,1.000,6.595380,6.332213,0.000000,1.654349,1.030656,8.435831,8.627381,0.000000,1.660671,1.026945,1.00e-04
348,1.000,1.000,6.565214,6.294244,0.000000,1.654454,1.031281,8.563488,8.787685,0.000000,1.659925,1.026996,1.00e-04
349,1.000,1.000,6.559480,6.288206,0.000000,1.653736,1.029632,8.482237,8.687933,0.000000,1.658050,1.027252,1.00e-04
350,1.000,1.000,6.545682,6.272794,0.000000,1.651219,1.032357,8.425704,8.618071,0.000000,1.657257,1.027213,1.00e-04
351,1.000,1.000,6.541125,6.266377,0.000000,1.652096,1.031735,8.424604,8.613414,0.000000,1.660660,1.026727,1.00e-04
352,1.000,1.000,6.483173,6.192562,0.000000,1.653375,1.032118,8.391000,8.576158,0.000000,1.655746,1.027383,1.00e-04
353,1.000,1.000,6.502046,6.222130,0.000000,1.647837,1.030359,8.436868,8.635579,0.000000,1.653704,1.027210,1.00e-04
354,1.000,1.000,6.489165,6.206455,0.000000,1.646957,1.032175,8.379620,8.564495,0.000000,1.653289,1.026959,1.00e-04
355,1.000,1.000,6.463368,6.172599,0.000000,1.648910,1.030801,8.391959,8.578374,0.000000,1.654865,1.026839,1.00e-04
356,1.000,1.000,6.461787,6.170986,0.000000,1.648836,1.029648,8.407547,8.600397,0.000000,1.652404,1.026532,1.00e-04
357,1.000,1.000,6.458938,6.167646,0.000000,1.647947,1.032315,8.371094,8.552811,0.000000,1.654413,1.026569,1.00e-04
358,1.000,1.000,6.453360,6.160399,0.000000,1.648067,1.032935,8.275246,8.436937,0.000000,1.650408,1.026847,1.00e-04
359,1.000,1.000,6.457522,6.168667,0.000000,1.644968,1.033069,8.315827,8.488919,0.000000,1.649099,1.027064,1.00e-04
360,1.000,1.000,6.406979,6.109470,0.000000,1.641595,1.030636,8.244723,8.405422,0.000000,1.643547,1.027737,1.00e-04
361,1.000,1.000,6.442550,6.157681,0.000000,1.637754,1.031008,8.292296,8.463535,0.000000,1.645109,1.026903,1.00e-04
362,1.000,1.000,6.421122,6.128096,0.000000,1.640562,1.030978,8.287596,8.453535,0.000000,1.649256,1.026813,1.00e-04
363,1.000,1.000,6.419126,6.119832,0.000000,1.645896,1.032717,8.236753,8.387164,0.000000,1.652101,1.026703,1.00e-04
364,1.000,1.000,6.375971,6.065766,0.000000,1.646420,1.031111,8.223489,8.372027,0.000000,1.650699,1.026536,1.00e-04
365,1.000,1.000,6.356326,6.045041,0.000000,1.642569,1.031188,8.212013,8.366449,0.000000,1.642019,1.026193,1.00e-04
366,1.000,1.000,6.359463,6.056424,0.000000,1.635277,1.030512,8.266443,8.437301,0.000000,1.639286,1.025862,1.00e-04
367,1.000,1.000,6.384679,6.088538,0.000000,1.634647,1.030652,8.227269,8.388980,0.000000,1.638574,1.026126,1.00e-04
368,1.000,1.000,6.360097,6.057287,0.000000,1.635219,1.030461,8.210014,8.365494,0.000000,1.640494,1.026123,1.00e-04
369,1.000,1.000,6.327779,6.015932,0.000000,1.636524,1.029070,8.317841,8.499821,0.000000,1.641082,1.025593,1.00e-04
370,1.000,1.000,6.349821,6.043827,0.000000,1.636030,1.029675,8.150608,8.288710,0.000000,1.643162,1.025551,1.00e-04
371,1.000,1.000,6.305366,5.985494,0.000000,1.638635,1.030316,8.133021,8.265058,0.000000,1.644938,1.025119,1.00e-04
372,1.000,1.000,6.300123,5.977557,0.000000,1.639994,1.030410,8.043871,8.156224,0.000000,1.642335,1.025120,1.00e-04
373,1.000,1.000,6.305030,5.986099,0.000000,1.637366,1.031290,8.092949,8.218091,0.000000,1.641832,1.025052,1.00e-04
374,1.000,1.000,6.291254,5.971659,0.000000,1.634869,1.030157,8.185804,8.334960,0.000000,1.640943,1.025407,1.00e-04
375,1.000,1.000,6.260957,5.936370,0.000000,1.632007,1.031276,8.099516,8.232678,0.000000,1.635392,1.025298,1.00e-04
376,1.000,1.000,6.233241,5.904694,0.000000,1.628618,1.032955,8.053513,8.177698,0.000000,1.632679,1.026059,1.00e-04
377,1.000,1.000,6.250933,5.930209,0.000000,1.626211,1.028987,8.113165,8.253324,0.000000,1.631663,1.025875,1.00e-04
378,1.000,1.000,6.245707,5.923993,0.000000,1.625748,1.029570,7.970430,8.075889,0.000000,1.630691,1.025829,1.00e-04
379,1.000,1.000,6.241089,5.917423,0.000000,1.625873,1.032264,7.899224,7.983938,0.000000,1.633802,1.025162,1.00e-04
380,1.000,1.000,6.204115,5.866912,0.000000,1.630361,1.031480,8.059263,8.179512,0.000000,1.638123,1.025774,1.00e-04
381,1.000,1.000,6.195026,5.855919,0.000000,1.629804,1.032237,7.996147,8.103443,0.000000,1.635369,1.025486,1.00e-04
382,1.000,1.000,6.179782,5.839630,0.000000,1.627036,1.032242,7.935636,8.029534,0.000000,1.633672,1.025357,1.00e-04
383,1.000,1.000,6.186415,5.849686,0.000000,1.625532,1.031203,7.986056,8.095274,0.000000,1.630939,1.025426,1.00e-04
384,1.000,1.000,6.170730,5.832588,0.000000,1.623145,1.030716,7.957903,8.064910,0.000000,1.626151,1.025268,1.00e-04
385,1.000,1.000,6.150459,5.810133,0.000000,1.620329,1.030447,8.017360,8.137408,0.000000,1.627853,1.025754,1.00e-04
386,1.000,1.000,6.152104,5.810253,0.000000,1.622151,1.030902,7.941327,8.042600,0.000000,1.627743,1.025265,1.00e-04
387,1.000,1.000,6.116002,5.768582,0.000000,1.619117,1.029217,8.015934,8.140945,0.000000,1.622781,1.024764,1.00e-04
388,1.000,1.000,6.146334,5.809129,0.000000,1.616318,1.029880,7.995743,8.115399,0.000000,1.623154,1.024501,1.00e-04
389,1.000,1.000,6.090446,5.736830,0.000000,1.618500,1.030910,7.911299,8.008640,0.000000,1.624411,1.024289,1.00e-04
390,1.000,1.000,6.131200,5.785368,0.000000,1.621349,1.029133,7.844477,7.921450,0.000000,1.628041,1.024419,1.00e-04
391,1.000,1.000,6.097855,5.742790,0.000000,1.622111,1.029668,7.805291,7.872702,0.000000,1.627677,1.024940,1.00e-04
392,1.000,1.000,6.075283,5.719339,0.000000,1.617040,1.030900,7.782970,7.853395,0.000000,1.619077,1.024964,1.00e-04
393,1.000,1.000,6.081611,5.732026,0.000000,1.612040,1.031790,7.704064,7.756486,0.000000,1.617256,1.025350,1.00e-04
394,1.000,1.000,6.075114,5.725512,0.000000,1.610750,1.030520,7.770175,7.838926,0.000000,1.617516,1.025106,1.00e-04
395,1.000,1.000,6.051837,5.694575,0.000000,1.612625,1.030386,7.823114,7.904794,0.000000,1.617803,1.025180,1.00e-04
396,1.000,1.000,6.037383,5.677347,0.000000,1.612444,1.027749,7.869033,7.959186,0.000000,1.620727,1.025510,1.00e-04
397,1.000,1.000,6.036661,5.674016,0.000000,1.614218,1.030367,7.802723,7.875594,0.000000,1.621452,1.025431,1.00e-04
398,1.000,1.000,6.025622,5.661012,0.000000,1.613463,1.030208,7.740518,7.799969,0.000000,1.619366,1.025249,1.00e-04
399,1.000,1.000,6.015490,5.649656,0.000000,1.611510,1.032786,7.652873,7.694517,0.000000,1.615292,1.025126,1.00e-04
400,1.000,1.000,6.002439,5.636046,0.000000,1.609559,1.029773,7.762296,7.829947,0.000000,1.616658,1.025063,1.00e-04
401,1.000,1.000,5.960945,5.583968,0.000000,1.609819,1.029573,7.616807,7.648957,0.000000,1.615825,1.024911,1.00e-04
402,1.000,1.000,5.995092,5.628475,0.000000,1.608129,1.029045,7.703307,7.758959,0.000000,1.614075,1.024400,1.00e-04
403,1.000,1.000,5.965687,5.591910,0.000000,1.607795,1.029614,7.634925,7.673620,0.000000,1.613890,1.024583,1.00e-04
404,1.000,1.000,5.945979,5.569195,0.000000,1.605755,1.030095,7.656602,7.702263,0.000000,1.612246,1.024973,1.00e-04
405,1.000,1.000,5.957723,5.582555,0.000000,1.607081,1.030070,7.644720,7.686269,0.000000,1.613294,1.025351,1.00e-04
406,1.000,1.000,5.924826,5.541421,0.000000,1.607089,1.030091,7.664412,7.713509,0.000000,1.610720,1.025142,1.00e-04
407,1.000,1.000,5.935264,5.558383,0.000000,1.602946,1.031005,7.544666,7.566593,0.000000,1.608097,1.024572,1.00e-04
408,1.000,1.000,5.919252,5.538669,0.000000,1.603294,1.028407,7.619109,7.656811,0.000000,1.610934,1.024564,1.00e-04
409,1.000,1.000,5.922766,5.540926,0.000000,1.605074,1.029829,7.628192,7.667628,0.000000,1.611493,1.024476,1.00e-04
410,1.000,1.000,5.878128,5.484982,0.000000,1.605125,1.030212,7.631530,7.673663,0.000000,1.609633,1.024470,1.00e-04
411,1.000,1.000,5.888626,5.499746,0.000000,1.603722,1.029257,7.542070,7.560908,0.000000,1.610630,1.024200,1.00e-04
412,1.000,1.000,5.859391,5.464328,0.000000,1.602246,1.030658,7.542410,7.566002,0.000000,1.606053,1.023828,1.00e-04
413,1.000,1.000,5.860269,5.471322,0.000000,1.596796,1.028875,7.565525,7.599857,0.000000,1.601228,1.023287,1.00e-04
414,1.000,1.000,5.848949,5.459316,0.000000,1.594086,1.031139,7.557844,7.590278,0.000000,1.601146,1.023521,1.00e-04
415,1.000,1.000,5.855958,5.468144,0.000000,1.594098,1.030822,7.511377,7.532518,0.000000,1.600894,1.023238,1.00e-04
416,1.000,1.000,5.822992,5.426808,0.000000,1.594647,1.029139,7.544100,7.571340,0.000000,1.602926,1.023434,1.00e-04
417,1.000,1.000,5.803811,5.400105,0.000000,1.596993,1.030662,7.487938,7.500296,0.000000,1.603689,1.023750,1.00e-04
418,1.000,1.000,5.829749,5.434149,0.000000,1.596014,1.028088,7.547972,7.577578,0.000000,1.601535,1.023406,1.00e-04
419,1.000,1.000,5.808791,5.406633,0.000000,1.596260,1.032383,7.529231,7.552316,0.000000,1.603228,1.023978,1.00e-04
420,1.000,1.000,5.806638,5.405068,0.000000,1.595909,1.029285,7.461220,7.467333,0.000000,1.603213,1.023914,1.00e-04
421,1.000,1.000,5.780175,5.373475,0.000000,1.594576,1.028670,7.500678,7.520142,0.000000,1.599789,1.023667,1.00e-04
422,1.000,1.000,5.790198,5.390663,0.000000,1.589926,1.028635,7.491565,7.516259,0.000000,1.592260,1.023749,1.00e-04
423,1.000,1.000,5.784821,5.386547,0.000000,1.587374,1.028420,7.496137,7.519188,0.000000,1.595108,1.023505,1.00e-04
424,1.000,1.000,5.773573,5.371120,0.000000,1.588358,1.029953,7.351526,7.340008,0.000000,1.593524,1.023495,1.00e-04
425,1.000,1.000,5.751610,5.344583,0.000000,1.587943,1.027941,7.405976,7.407141,0.000000,1.594382,1.023784,1.00e-04
426,1.000,1.000,5.725150,5.312889,0.000000,1.585980,1.030274,7.433257,7.443134,0.000000,1.592436,1.024007,1.00e-04
427,1.000,1.000,5.720512,5.306862,0.000000,1.586462,1.029265,7.404631,7.406758,0.000000,1.593124,1.023628,1.00e-04
428,1.000,1.000,5.720686,5.305769,0.000000,1.588014,1.028296,7.396983,7.393758,0.000000,1.596583,1.023553,1.00e-04
429,1.000,1.000,5.725307,5.312121,0.000000,1.587239,1.029095,7.355809,7.345853,0.000000,1.593043,1.023462,1.00e-04
430,1.000,1.000,5.710499,5.294249,0.000000,1.586469,1.029624,7.387616,7.385820,0.000000,1.592797,1.023610,1.00e-04
431,1.000,1.000,5.704226,5.286142,0.000000,1.586859,1.029128,7.386161,7.383338,0.000000,1.593451,1.023645,1.00e-04
432,1.000,1.000,5.702850,5.285741,0.000000,1.585381,1.029762,7.323465,7.306159,0.000000,1.592371,1.023207,1.00e-04
433,1.000,1.000,5.694055,5.273970,0.000000,1.585861,1.030953,7.366628,7.359100,0.000000,1.593433,1.023010,1.00e-04
434,1.000,1.000,5.675705,5.251736,0.000000,1.585275,1.030480,7.364838,7.359550,0.000000,1.590791,1.022824,1.00e-04
435,1.000,1.000,5.657216,5.232338,0.000000,1.582387,1.027185,7.240427,7.211592,0.000000,1.583354,1.022353,1.00e-04
436,1.000,1.000,5.642524,5.219768,0.000000,1.576094,1.029171,7.303552,7.294794,0.000000,1.579033,1.022451,1.00e-04
437,1.000,1.000,5.622961,5.201051,0.000000,1.570589,1.028243,7.210159,7.182843,0.000000,1.574237,1.022473,1.00e-04
438,1.000,1.000,5.631129,5.212749,0.000000,1.568992,1.028682,7.299087,7.288495,0.000000,1.579635,1.022913,1.00e-04
439,1.000,1.000,5.628229,5.203791,0.000000,1.574477,1.028076,7.284473,7.266245,0.000000,1.583671,1.022700,1.00e-04
440,1.000,1.000,5.599953,5.167122,0.000000,1.575582,1.028948,7.353592,7.357283,0.000000,1.578892,1.023260,1.00e-04
441,1.000,1.000,5.624514,5.200594,0.000000,1.572753,1.029181,7.310187,7.303031,0.000000,1.578789,1.023652,1.00e-04
442,1.000,1.000,5.615896,5.191283,0.000000,1.571631,1.027824,7.257665,7.235252,0.000000,1.580967,1.023450,1.00e-04
443,1.000,1.000,5.587459,5.152786,0.000000,1.574240,1.029192,7.223486,7.189502,0.000000,1.583889,1.023865,1.00e-04
444,1.000,1.000,5.539873,5.092306,0.000000,1.575427,1.028434,7.242300,7.216923,0.000000,1.580076,1.023504,1.00e-04
445,1.000,1.000,5.556463,5.120268,0.000000,1.568236,1.028299,7.221817,7.197978,0.000000,1.573391,1.023611,1.00e-04
446,1.000,1.000,5.550563,5.117068,0.000000,1.563955,1.028722,7.123182,7.076514,0.000000,1.571559,1.023615,1.00e-04
447,1.000,1.000,5.541580,5.103732,0.000000,1.565919,1.029293,7.174545,7.137746,0.000000,1.574572,1.023451,1.00e-04
448,1.000,1.000,5.525631,5.082445,0.000000,1.567296,1.029187,7.129737,7.083487,0.000000,1.572795,1.023552,1.00e-04
449,1.000,1.000,5.518415,5.075541,0.000000,1.565338,1.028557,7.168591,7.134205,0.000000,1.570710,1.023291,1.00e-04
450,1.000,1.000,5.524442,5.085871,0.000000,1.562759,1.027689,7.180963,7.151875,0.000000,1.568554,1.023093,1.00e-04
451,1.000,1.000,5.509172,5.068136,0.000000,1.561435,1.027575,7.176702,7.145843,0.000000,1.569139,1.023580,1.00e-04
452,1.000,1.000,5.490205,5.044103,0.000000,1.561419,1.028937,7.135027,7.094202,0.000000,1.568544,1.024154,1.00e-04
453,1.000,1.000,5.504204,5.062563,0.000000,1.560156,1.030141,7.084877,7.030797,0.000000,1.569300,1.024000,1.00e-04
454,1.000,1.000,5.490545,5.043647,0.000000,1.562704,1.027319,7.061982,7.002746,0.000000,1.568650,1.024323,1.00e-04
455,1.000,1.000,5.445898,4.990383,0.000000,1.560047,1.027767,7.022589,6.956943,0.000000,1.565254,1.024156,1.00e-04
456,1.000,1.000,5.443421,4.991438,0.000000,1.555976,1.027450,6.969871,6.897165,0.000000,1.559202,1.023887,1.00e-04
457,1.000,1.000,5.440059,4.990507,0.000000,1.552384,1.028734,7.028467,6.970797,0.000000,1.558947,1.023360,1.00e-04
458,1.000,1.000,5.436731,4.986184,0.000000,1.552601,1.028516,7.127486,7.090038,0.000000,1.563368,1.023802,1.00e-04
459,1.000,1.000,5.448171,4.996644,0.000000,1.557106,1.025853,7.015942,6.946388,0.000000,1.567557,1.023932,1.00e-04
460,1.000,1.000,5.425321,4.964298,0.000000,1.560164,1.028756,6.979470,6.902995,0.000000,1.565244,1.024396,1.00e-04
461,1.000,1.000,5.434553,4.979448,0.000000,1.556836,1.027631,6.955766,6.875525,0.000000,1.563105,1.024312,1.00e-04
462,1.000,1.000,5.398707,4.938528,0.000000,1.552695,1.028644,6.991386,6.926798,0.000000,1.556330,1.024418,1.00e-04
463,1.000,1.000,5.412835,4.960897,0.000000,1.547874,1.029090,6.983443,6.917213,0.000000,1.556013,1.024309,1.00e-04
464,1.000,1.000,5.400327,4.943348,0.000000,1.550086,1.027897,7.021768,6.962333,0.000000,1.559029,1.023392,1.00e-04
465,1.000,1.000,5.377580,4.915376,0.000000,1.549523,1.028302,7.003372,6.941796,0.000000,1.556642,1.023107,1.00e-04
466,1.000,1.000,5.379978,4.919757,0.000000,1.548743,1.025889,6.986980,6.922155,0.000000,1.555768,1.023207,1.00e-04
467,1.000,1.000,5.348944,4.882466,0.000000,1.546466,1.028993,7.030252,6.980014,0.000000,1.552005,1.023185,1.00e-04
468,1.000,1.000,5.366690,4.910374,0.000000,1.541574,1.025658,6.982565,6.924788,0.000000,1.547680,1.022953,1.00e-04
469,1.000,1.000,5.352018,4.892092,0.000000,1.540821,1.028440,6.881887,6.797176,0.000000,1.549204,1.023911,1.00e-04
470,1.000,1.000,5.357146,4.897487,0.000000,1.541921,1.028097,6.842217,6.746795,0.000000,1.550096,1.023518,1.00e-04
471,1.000,1.000,5.335291,4.870950,0.000000,1.541365,1.027194,6.886968,6.802340,0.000000,1.550420,1.023802,1.00e-04
472,1.000,1.000,5.337424,4.872169,0.000000,1.542241,1.029484,6.869799,6.780624,0.000000,1.550648,1.023906,1.00e-04
473,1.000,1.000,5.307126,4.834117,0.000000,1.542590,1.028803,6.868776,6.780216,0.000000,1.549931,1.023293,1.00e-04
474,1.000,1.000,5.299816,4.826644,0.000000,1.541083,1.028169,6.869648,6.784789,0.000000,1.546531,1.022956,1.00e-04
475,1.000,1.000,5.291060,4.820260,0.000000,1.536518,1.028186,6.860700,6.775825,0.000000,1.544350,1.022799,1.00e-04
476,1.000,1.000,5.275063,4.801865,0.000000,1.535170,1.027178,6.818950,6.725276,0.000000,1.542764,1.022591,1.00e-04
477,1.000,1.000,5.293879,4.825645,0.000000,1.535113,1.026362,6.772584,6.667415,0.000000,1.542737,1.022308,1.00e-04
478,1.000,1.000,5.262145,4.786662,0.000000,1.534188,1.027326,6.849971,6.767177,0.000000,1.539701,1.022338,1.00e-04
479,1.000,1.000,5.259833,4.783338,0.000000,1.534613,1.027360,6.801765,6.704407,0.000000,1.542169,1.022523,1.00e-04
480,1.000,1.000,5.239861,4.758513,0.000000,1.534255,1.028235,6.834264,6.745975,0.000000,1.541075,1.023119,1.00e-04
481,1.000,1.000,5.251395,4.775275,0.000000,1.532040,1.027715,6.815523,6.724193,0.000000,1.539390,1.023285,1.00e-04
482,1.000,1.000,5.251586,4.776335,0.000000,1.531308,1.027358,6.795594,6.698383,0.000000,1.540321,1.023156,1.00e-04
483,1.000,1.000,5.251543,4.774674,0.000000,1.532779,1.027904,6.804071,6.706475,0.000000,1.542874,1.022963,1.00e-04
484,1.000,1.000,5.269196,4.796544,0.000000,1.533613,1.025351,6.816296,6.727547,0.000000,1.537282,1.022162,1.00e-04
485,1.000,1.000,5.214952,4.733385,0.000000,1.528524,1.027122,6.809382,6.721203,0.000000,1.534974,1.022201,1.00e-04
486,1.000,1.000,5.212452,4.733683,0.000000,1.525170,1.026847,6.797831,6.708318,0.000000,1.533390,1.022321,1.00e-04
487,1.000,1.000,5.181983,4.698288,0.000000,1.522805,1.025540,6.777220,6.682099,0.000000,1.533914,1.022049,1.00e-04
488,1.000,1.000,5.180312,4.693592,0.000000,1.525191,1.026423,6.656594,6.530944,0.000000,1.534300,1.021994,1.00e-04
489,1.000,1.000,5.177277,4.689158,0.000000,1.525716,1.026888,6.623282,6.490916,0.000000,1.532668,1.022072,1.00e-04
490,1.000,1.000,5.172797,4.683658,0.000000,1.525371,1.027869,6.616821,6.481444,0.000000,1.533906,1.022704,1.00e-04
491,1.000,1.000,5.145515,4.650199,0.000000,1.525313,1.025524,6.679340,6.561753,0.000000,1.531788,1.022538,1.00e-04
492,1.000,1.000,5.154824,4.663068,0.000000,1.523608,1.027413,6.763555,6.664661,0.000000,1.534284,1.021995,1.00e-04
493,1.000,1.000,5.142944,4.647381,0.000000,1.524025,1.029095,6.686542,6.570303,0.000000,1.532486,1.021552,1.00e-04
494,1.000,1.000,5.122453,4.621907,0.000000,1.524392,1.027068,6.756630,6.657464,0.000000,1.532916,1.021629,1.00e-04
495,1.000,1.000,5.111322,4.612508,0.000000,1.520492,1.024613,6.676405,6.566957,0.000000,1.523163,1.021546,1.00e-04
496,1.000,1.000,5.104669,4.613004,0.000000,1.511054,1.027111,6.692277,6.589591,0.000000,1.520262,1.021976,1.00e-04
497,1.000,1.000,5.118266,4.629385,0.000000,1.512011,1.025745,6.587601,6.455589,0.000000,1.523430,1.021928,1.00e-04
498,1.000,1.000,5.091012,4.590155,0.000000,1.517124,1.025945,6.616457,6.489525,0.000000,1.525665,1.021525,1.00e-04
499,1.000,1.000,5.082342,4.578279,0.000000,1.517541,1.028430,6.639093,6.517954,0.000000,1.525385,1.022106,1.00e-04
500,1.000,1.000,5.091347,4.591292,0.000000,1.516040,1.027407,6.645034,6.526046,0.000000,1.524613,1.022530,1.00e-04
501,1.000,1.000,5.065666,4.561153,0.000000,1.514213,1.026864,6.548123,6.407684,0.000000,1.521863,1.022424,1.00e-04
502,1.000,1.000,5.055634,4.553985,0.000000,1.508990,1.026270,6.513234,6.368750,0.000000,1.517353,1.021757,1.00e-04
503,1.000,1.000,5.051126,4.550010,0.000000,1.507113,1.027136,6.562980,6.427782,0.000000,1.520474,1.021877,1.00e-04
504,1.000,1.000,5.057388,4.551821,0.000000,1.513024,1.027563,6.535122,6.388162,0.000000,1.525283,1.021829,1.00e-04
505,1.000,1.000,5.046621,4.534565,0.000000,1.516769,1.027772,6.526357,6.376855,0.000000,1.525726,1.021464,1.00e-04
506,1.000,1.000,5.035249,4.522157,0.000000,1.515631,1.025089,6.493475,6.339085,0.000000,1.522409,1.021395,1.00e-04
507,1.000,1.000,5.024601,4.513310,0.000000,1.510164,1.029113,6.475500,6.322374,0.000000,1.516592,1.021635,1.00e-04
508,1.000,1.000,5.015284,4.504710,0.000000,1.508078,1.025269,6.513627,6.370564,0.000000,1.516153,1.021268,1.00e-04
509,1.000,1.000,5.011829,4.501258,0.000000,1.507254,1.025094,6.555639,6.422572,0.000000,1.516590,1.021546,1.00e-04
510,1.000,1.000,5.004220,4.491528,0.000000,1.507021,1.026907,6.575064,6.447048,0.000000,1.516438,1.021375,1.00e-04
511,1.000,1.000,4.969456,4.448764,0.000000,1.506392,1.026655,6.494482,6.349370,0.000000,1.513279,1.021814,1.00e-04
512,1.000,1.000,4.960993,4.441482,0.000000,1.503050,1.026838,6.470884,6.323222,0.000000,1.510090,1.021169,1.00e-04
513,1.000,1.000,4.974978,4.463625,0.000000,1.498796,1.025207,6.421429,6.264501,0.000000,1.507108,1.020708,1.00e-04
514,1.000,1.000,4.970165,4.456805,0.000000,1.499149,1.027009,6.544165,6.412187,0.000000,1.512692,1.021308,1.00e-04
515,1.000,1.000,4.966531,4.447928,0.000000,1.504038,1.024793,6.484674,6.337038,0.000000,1.513481,1.021293,1.00e-04
516,1.000,1.000,4.976171,4.461213,0.000000,1.502555,1.025783,6.464824,6.313610,0.000000,1.512193,1.020910,1.00e-04
517,1.000,1.000,4.953457,4.433365,0.000000,1.502023,1.025733,6.401168,6.233276,0.000000,1.512937,1.020989,1.00e-04
518,1.000,1.000,4.916791,4.388959,0.000000,1.501168,1.023448,6.345513,6.168161,0.000000,1.508521,1.020839,1.00e-04
519,1.000,1.000,4.945100,4.424889,0.000000,1.500073,1.025650,6.375720,6.202635,0.000000,1.511888,1.020503,1.00e-04
520,1.000,1.000,4.927253,4.402041,0.000000,1.500221,1.027214,6.360974,6.186625,0.000000,1.509444,1.020595,1.00e-04
521,1.000,1.000,4.930008,4.407475,0.000000,1.498523,1.026050,6.332576,6.153491,0.000000,1.507004,1.020895,1.00e-04
522,1.000,1.000,4.921848,4.397735,0.000000,1.498343,1.024932,6.380852,6.212173,0.000000,1.508817,1.020304,1.00e-04
523,1.000,1.000,4.905200,4.379069,0.000000,1.495983,1.025792,6.352303,6.181494,0.000000,1.503850,1.020137,1.00e-04
524,1.000,1.000,4.898079,4.374048,0.000000,1.492493,1.024231,6.307726,6.126528,0.000000,1.503076,1.020215,1.00e-04
525,1.000,1.000,4.887474,4.358136,0.000000,1.494816,1.025563,6.373774,6.205032,0.000000,1.507003,1.020728,1.00e-04
526,1.000,1.000,4.858840,4.320134,0.000000,1.497726,1.022760,6.319455,6.137721,0.000000,1.506365,1.020930,1.00e-04
527,1.000,1.000,4.877283,4.343938,0.000000,1.496099,1.026267,6.267074,6.073745,0.000000,1.504928,1.020678,1.00e-04
528,1.000,1.000,4.844184,4.305228,0.000000,1.493840,1.024645,6.313475,6.132659,0.000000,1.504035,1.020600,1.00e-04
529,1.000,1.000,4.848566,4.310572,0.000000,1.493832,1.025214,6.303202,6.122896,0.000000,1.500938,1.020671,1.00e-04
530,1.000,1.000,4.832650,4.294368,0.000000,1.489853,1.026365,6.308738,6.132372,0.000000,1.498301,1.020995,1.00e-04
531,1.000,1.000,4.842523,4.307777,0.000000,1.489150,1.024909,6.327595,6.153487,0.000000,1.500785,1.020885,1.00e-04
532,1.000,1.000,4.833899,4.297016,0.000000,1.489105,1.025006,6.271110,6.085562,0.000000,1.498094,1.020924,1.00e-04
533,1.000,1.000,4.842021,4.308622,0.000000,1.488023,1.023521,6.250585,6.057858,0.000000,1.500240,1.020534,1.00e-04
534,1.000,1.000,4.841887,4.305126,0.000000,1.491190,1.024169,6.220399,6.019211,0.000000,1.501203,1.020341,1.00e-04
535,1.000,1.000,4.814224,4.269123,0.000000,1.492308,1.025395,6.303085,6.121280,0.000000,1.502533,1.020172,1.00e-04
536,1.000,1.000,4.791129,4.240138,0.000000,1.492538,1.024943,6.200332,5.996062,0.000000,1.499317,1.020139,1.00e-04
537,1.000,1.000,4.785730,4.238436,0.000000,1.487549,1.024710,6.179971,5.974496,0.000000,1.495502,1.019862,1.00e-04
538,1.000,1.000,4.799220,4.259624,0.000000,1.482889,1.026048,6.128100,5.912591,0.000000,1.492662,1.019487,1.00e-04
539,1.000,1.000,4.788078,4.246742,0.000000,1.482181,1.024697,6.097437,5.874992,0.000000,1.491940,1.019455,1.00e-04
540,1.000,1.000,4.777513,4.233055,0.000000,1.482982,1.023420,6.148149,5.936996,0.000000,1.493302,1.019549,1.00e-04
541,1.000,1.000,4.752933,4.202187,0.000000,1.482797,1.024731,6.167928,5.964085,0.000000,1.490944,1.019525,1.00e-04
542,1.000,1.000,4.761604,4.215499,0.000000,1.480287,1.024874,6.177699,5.976887,0.000000,1.490416,1.019282,1.00e-04
543,1.000,1.000,4.748374,4.198696,0.000000,1.480462,1.025237,6.248217,6.065672,0.000000,1.489632,1.019869,1.00e-04
544,1.000,1.000,4.742917,4.195186,0.000000,1.477405,1.024216,6.113042,5.898850,0.000000,1.487593,1.019438,1.00e-04
545,1.000,1.000,4.743373,4.196173,0.000000,1.476679,1.025452,6.082245,5.859938,0.000000,1.487868,1.020000,1.00e-04
546,1.000,1.000,4.739341,4.190609,0.000000,1.477529,1.024154,6.125510,5.910305,0.000000,1.491541,1.020169,1.00e-04
547,1.000,1.000,4.754261,4.205868,0.000000,1.480800,1.024633,6.122661,5.906675,0.000000,1.491682,1.019877,1.00e-04
548,1.000,1.000,4.721546,4.165815,0.000000,1.480543,1.022299,6.094800,5.872920,0.000000,1.490620,1.019839,1.00e-04
549,1.000,1.000,4.687132,4.123931,0.000000,1.478650,1.025334,6.059396,5.832028,0.000000,1.487252,1.019859,1.00e-04
550,1.000,1.000,4.699577,4.144374,0.000000,1.474078,1.024075,6.107332,5.893958,0.000000,1.485267,1.019759,1.00e-04
551,1.000,1.000,4.698542,4.145346,0.000000,1.472042,1.023160,6.083082,5.869300,0.000000,1.479718,1.019335,1.00e-04
552,1.000,1.000,4.700524,4.146831,0.000000,1.472846,1.023911,6.064672,5.840822,0.000000,1.485211,1.019224,1.00e-04
553,1.000,1.000,4.676325,4.114579,0.000000,1.475081,1.022987,6.060954,5.835529,0.000000,1.485757,1.019625,1.00e-04
554,1.000,1.000,4.688315,4.129685,0.000000,1.474276,1.025732,6.101233,5.889023,0.000000,1.482528,1.019959,1.00e-04
555,1.000,1.000,4.693945,4.139594,0.000000,1.471470,1.025470,6.134097,5.929748,0.000000,1.483003,1.019485,1.00e-04
556,1.000,1.000,4.676754,4.117882,0.000000,1.472074,1.023947,6.021340,5.788253,0.000000,1.483595,1.019307,1.00e-04
557,1.000,1.000,4.652827,4.087736,0.000000,1.472109,1.024755,6.039776,5.811243,0.000000,1.483738,1.018956,1.00e-04
558,1.000,1.000,4.667265,4.106904,0.000000,1.471449,1.022912,6.032904,5.805254,0.000000,1.481156,1.018878,1.00e-04
559,1.000,1.000,4.639297,4.071656,0.000000,1.471534,1.023722,6.031127,5.801055,0.000000,1.483058,1.019183,1.00e-04
560,1.000,1.000,4.624714,4.053390,0.000000,1.471460,1.024171,6.038349,5.810666,0.000000,1.482365,1.019622,1.00e-04
561,1.000,1.000,4.625653,4.055206,0.000000,1.470816,1.024174,6.023084,5.794137,0.000000,1.479923,1.019177,1.00e-04
562,1.000,1.000,4.606406,4.035451,0.000000,1.466708,1.023390,5.911657,5.659090,0.000000,1.475611,1.019480,1.00e-04
563,1.000,1.000,4.611527,4.045267,0.000000,1.463754,1.021547,5.955869,5.716576,0.000000,1.473289,1.019886,1.00e-04
564,1.000,1.000,4.609637,4.045509,0.000000,1.460931,1.022423,5.917115,5.667854,0.000000,1.473585,1.019816,1.00e-04
565,1.000,1.000,4.601899,4.033668,0.000000,1.462766,1.023757,5.906595,5.652979,0.000000,1.475332,1.019730,1.00e-04
566,1.000,1.000,4.581951,4.008559,0.000000,1.463129,1.023002,5.857522,5.593313,0.000000,1.473763,1.019306,1.00e-04
567,1.000,1.000,4.588138,4.017430,0.000000,1.461879,1.023452,5.876522,5.621267,0.000000,1.469558,1.019306,1.00e-04
568,1.000,1.000,4.578436,4.007576,0.000000,1.459594,1.023498,5.957653,5.718772,0.000000,1.473524,1.019080,1.00e-04
569,1.000,1.000,4.580726,4.009106,0.000000,1.461286,1.022060,5.967690,5.731334,0.000000,1.473444,1.019338,1.00e-04
570,1.000,1.000,4.576997,4.002311,0.000000,1.463000,1.023739,5.901098,5.645796,0.000000,1.475691,1.019541,1.00e-04
571,1.000,1.000,4.564222,3.985228,0.000000,1.464408,1.022564,5.899983,5.643876,0.000000,1.476189,1.019652,1.00e-04
572,1.000,1.000,4.549250,3.968996,0.000000,1.461651,1.023667,5.868092,5.609692,0.000000,1.470451,1.019891,1.00e-04
573,1.000,1.000,4.550646,3.975043,0.000000,1.457676,1.022352,5.870289,5.615750,0.000000,1.467265,1.019381,1.00e-04
574,1.000,1.000,4.532536,3.953642,0.000000,1.456513,1.022062,5.843390,5.583115,0.000000,1.466297,1.019305,1.00e-04
575,1.000,1.000,4.517081,3.935187,0.000000,1.455383,1.023122,5.879574,5.629786,0.000000,1.464884,1.019187,1.00e-04
576,1.000,1.000,4.524267,3.948388,0.000000,1.451488,1.021831,5.851127,5.596188,0.000000,1.463039,1.018725,1.00e-04
577,1.000,1.000,4.517971,3.939327,0.000000,1.452206,1.023722,5.852478,5.596374,0.000000,1.464534,1.018759,1.00e-04
578,1.000,1.000,4.507104,3.926313,0.000000,1.452134,1.021736,5.857641,5.605154,0.000000,1.462174,1.018892,1.00e-04
579,1.000,1.000,4.507641,3.928037,0.000000,1.451103,1.021644,5.810215,5.543999,0.000000,1.464112,1.018633,1.00e-04
580,1.000,1.000,4.478083,3.889859,0.000000,1.451999,1.022983,5.754401,5.476004,0.000000,1.462254,1.018973,1.00e-04
581,1.000,1.000,4.497914,3.915615,0.000000,1.451039,1.022954,5.783076,5.512966,0.000000,1.461219,1.018640,1.00e-04
582,1.000,1.000,4.481832,3.898191,0.000000,1.448450,1.022591,5.830115,5.572433,0.000000,1.460556,1.018621,1.00e-04
583,1.000,1.000,4.478466,3.894428,0.000000,1.448262,1.021572,5.804087,5.539260,0.000000,1.461326,1.018089,1.00e-04
584,1.000,1.000,4.478419,3.894193,0.000000,1.448431,1.021598,5.800120,5.533190,0.000000,1.462413,1.018187,1.00e-04
585,1.000,1.000,4.469574,3.880779,0.000000,1.450713,1.021901,5.795647,5.527806,0.000000,1.462326,1.017703,1.00e-04
586,1.000,1.000,4.464694,3.873650,0.000000,1.451511,1.022826,5.786090,5.516725,0.000000,1.461441,1.017783,1.00e-04
587,1.000,1.000,4.457815,3.867158,0.000000,1.449661,1.021799,5.749604,5.472920,0.000000,1.459588,1.017987,1.00e-04
588,1.000,1.000,4.437072,3.845764,0.000000,1.445178,1.021588,5.705899,5.421488,0.000000,1.456407,1.017913,1.00e-04
589,1.000,1.000,4.432882,3.842204,0.000000,1.443553,1.021382,5.749226,5.477644,0.000000,1.454425,1.017855,1.00e-04
590,1.000,1.000,4.440060,3.850756,0.000000,1.444061,1.021027,5.729836,5.450583,0.000000,1.457304,1.017629,1.00e-04
591,1.000,1.000,4.434876,3.845263,0.000000,1.442844,1.021951,5.745618,5.473902,0.000000,1.453762,1.017432,1.00e-04
592,1.000,1.000,4.413291,3.821785,0.000000,1.439481,1.021389,5.782893,5.522576,0.000000,1.451563,1.017907,1.00e-04
593,1.000,1.000,4.428238,3.838924,0.000000,1.441053,1.021286,5.709167,5.429265,0.000000,1.452829,1.017460,1.00e-04
594,1.000,1.000,4.396948,3.800525,0.000000,1.440198,1.021850,5.703717,5.421018,0.000000,1.454225,1.017616,1.00e-04
595,1.000,1.000,4.397948,3.802590,0.000000,1.439595,1.021002,5.690545,5.407382,0.000000,1.451365,1.017737,1.00e-04
596,1.000,1.000,4.402757,3.809793,0.000000,1.438201,1.021809,5.708554,5.427105,0.000000,1.454127,1.017843,1.00e-04
597,1.000,1.000,4.387242,3.788391,0.000000,1.440409,1.021009,5.658430,5.364174,0.000000,1.454358,1.018022,1.00e-04
598,1.000,1.000,4.366724,3.763176,0.000000,1.440080,1.020599,5.598131,5.291075,0.000000,1.452137,1.017808,1.00e-04
599,1.000,1.000,4.361686,3.757599,0.000000,1.439096,1.021652,5.629526,5.333816,0.000000,1.448424,1.018669,1.00e-04
600,1.000,1.000,4.380607,3.786440,0.000000,1.434080,1.020951,5.622024,5.327334,0.000000,1.445541,1.018619,1.00e-04
601,1.000,1.000,4.353871,3.752889,0.000000,1.434368,1.020328,5.618614,5.321871,0.000000,1.446908,1.017952,1.00e-04
602,1.000,1.000,4.366412,3.767299,0.000000,1.435461,1.021017,5.639136,5.346857,0.000000,1.447603,1.017839,1.00e-04
603,1.000,1.000,4.335388,3.728952,0.000000,1.435122,1.020639,5.595837,5.295617,0.000000,1.444730,1.017794,1.00e-04
604,1.000,1.000,4.322791,3.716174,0.000000,1.431900,1.021656,5.587677,5.286917,0.000000,1.443146,1.018132,1.00e-04
605,1.000,1.000,4.327239,3.727088,0.000000,1.426944,1.020067,5.544629,5.238290,0.000000,1.437890,1.018422,1.00e-04
606,1.000,1.000,4.300818,3.695703,0.000000,1.425320,1.019998,5.585380,5.288632,0.000000,1.438487,1.018425,1.00e-04
607,1.000,1.000,4.308690,3.702546,0.000000,1.428052,1.021055,5.538095,5.222472,0.000000,1.445661,1.017943,1.00e-04
608,1.000,1.000,4.327279,3.721144,0.000000,1.432892,1.020248,5.516977,5.198312,0.000000,1.443485,1.017692,1.00e-04
609,1.000,1.000,4.305816,3.696490,0.000000,1.430299,1.021928,5.469650,5.142905,0.000000,1.439899,1.017033,1.00e-04
610,1.000,1.000,4.319768,3.715677,0.000000,1.428828,1.020822,5.498218,5.175201,0.000000,1.443185,1.017546,1.00e-04
611,1.000,1.000,4.303434,3.696566,0.000000,1.427648,1.020312,5.520169,5.202183,0.000000,1.443729,1.017195,1.00e-04
612,1.000,1.000,4.295214,3.684321,0.000000,1.429850,1.019389,5.515774,5.197493,0.000000,1.442935,1.017165,1.00e-04
613,1.000,1.000,4.282187,3.669759,0.000000,1.427788,1.020745,5.495911,5.177201,0.000000,1.438394,1.017175,1.00e-04
614,1.000,1.000,4.263617,3.648718,0.000000,1.425425,1.021513,5.460581,5.133207,0.000000,1.438211,1.017231,1.00e-04
615,1.000,1.000,4.249684,3.632353,0.000000,1.424691,1.020244,5.488260,5.170290,0.000000,1.435638,1.017588,1.00e-04
616,1.000,1.000,4.251240,3.637522,0.000000,1.421684,1.019373,5.502755,5.190376,0.000000,1.433765,1.017211,1.00e-04
617,1.000,1.000,4.253973,3.641938,0.000000,1.420874,1.018612,5.495093,5.178794,0.000000,1.435666,1.017623,1.00e-04
618,1.000,1.000,4.242800,3.626575,0.000000,1.422209,1.018864,5.480526,5.164158,0.000000,1.432023,1.017904,1.00e-04
619,1.000,1.000,4.235494,3.622281,0.000000,1.416949,1.020549,5.481780,5.166950,0.000000,1.430757,1.018076,1.00e-04
620,1.000,1.000,4.237867,3.624406,0.000000,1.417935,1.019971,5.440708,5.117420,0.000000,1.429006,1.017836,1.00e-04
621,1.000,1.000,4.224113,3.610710,0.000000,1.414582,1.019395,5.409797,5.077581,0.000000,1.430205,1.017843,1.00e-04
622,1.000,1.000,4.235672,3.623274,0.000000,1.416572,1.018974,5.426776,5.094643,0.000000,1.434429,1.017593,1.00e-04
623,1.000,1.000,4.200878,3.575455,0.000000,1.420930,1.018855,5.398285,5.063291,0.000000,1.430259,1.017224,1.00e-04
624,1.000,1.000,4.203952,3.584479,0.000000,1.415882,1.018318,5.408502,5.079877,0.000000,1.426437,1.017256,1.00e-04
625,1.000,1.000,4.201957,3.584207,0.000000,1.413401,1.019352,5.368912,5.031358,0.000000,1.425319,1.017848,1.00e-04
626,1.000,1.000,4.188790,3.569637,0.000000,1.411542,1.019236,5.360029,5.019809,0.000000,1.425818,1.017641,1.00e-04
627,1.000,1.000,4.187080,3.569471,0.000000,1.409685,1.018776,5.352136,5.012909,0.000000,1.422700,1.018243,1.00e-04
628,1.000,1.000,4.180679,3.562971,0.000000,1.408355,1.018086,5.383781,5.051481,0.000000,1.423791,1.017818,1.00e-04
629,1.000,1.000,4.176681,3.557008,0.000000,1.409014,1.019317,5.372135,5.035850,0.000000,1.425099,1.016880,1.00e-04
630,1.000,1.000,4.168222,3.545904,0.000000,1.409921,1.017808,5.381471,5.052258,0.000000,1.420530,1.016205,1.00e-04
631,1.000,1.000,4.162477,3.540064,0.000000,1.408715,1.017268,5.426041,5.106461,0.000000,1.422022,1.016277,1.00e-04
632,1.000,1.000,4.166550,3.545468,0.000000,1.408050,1.018677,5.345861,5.007029,0.000000,1.421219,1.016314,1.00e-04
633,1.000,1.000,4.145672,3.520443,0.000000,1.407371,1.017104,5.332414,4.991325,0.000000,1.420009,1.016739,1.00e-04
634,1.000,1.000,4.140041,3.514917,0.000000,1.405589,1.018180,5.338586,4.999107,0.000000,1.419862,1.017054,1.00e-04
635,1.000,1.000,4.153624,3.532887,0.000000,1.404537,1.018421,5.316327,4.974451,0.000000,1.416644,1.017258,1.00e-04
636,1.000,1.000,4.146524,3.524171,0.000000,1.404792,1.016771,5.302295,4.954702,0.000000,1.418868,1.017198,1.00e-04
637,1.000,1.000,4.129341,3.499882,0.000000,1.406982,1.019250,5.337895,4.995523,0.000000,1.422621,1.016896,1.00e-04
638,1.000,1.000,4.114782,3.482434,0.000000,1.406873,1.016681,5.352472,5.017173,0.000000,1.419208,1.016835,1.00e-04
639,1.000,1.000,4.111332,3.482193,0.000000,1.402386,1.018341,5.313337,4.972350,0.000000,1.415192,1.016516,1.00e-04
640,1.000,1.000,4.098997,3.469621,0.000000,1.399682,1.017775,5.312408,4.973863,0.000000,1.412454,1.016773,1.00e-04
641,1.000,1.000,4.098931,3.473096,0.000000,1.397015,1.014211,5.297136,4.953790,0.000000,1.413386,1.016973,1.00e-04
642,1.000,1.000,4.104847,3.475730,0.000000,1.401084,1.016976,5.265649,4.911363,0.000000,1.416535,1.016652,1.00e-04
643,1.000,1.000,4.092190,3.457888,0.000000,1.402470,1.019518,5.235505,4.874591,0.000000,1.415546,1.016976,1.00e-04
644,1.000,1.000,4.085841,3.450878,0.000000,1.402040,1.017532,5.189730,4.820099,0.000000,1.412896,1.016672,1.00e-04
645,1.000,1.000,4.074131,3.439010,0.000000,1.399315,1.017356,5.236925,4.878187,0.000000,1.413769,1.016803,1.00e-04
646,1.000,1.000,4.050585,3.409861,0.000000,1.399016,1.017414,5.218854,4.859459,0.000000,1.409977,1.016528,1.00e-04
647,1.000,1.000,4.066269,3.432839,0.000000,1.395656,1.017368,5.219045,4.861593,0.000000,1.408157,1.016227,1.00e-04
648,1.000,1.000,4.052474,3.418490,0.000000,1.392840,1.017054,5.211716,4.853472,0.000000,1.407102,1.016285,1.00e-04
649,1.000,1.000,4.063450,3.431737,0.000000,1.393707,1.015471,5.171078,4.802449,0.000000,1.407433,1.015862,1.00e-04
650,1.000,1.000,4.055865,3.421081,0.000000,1.394493,1.017031,5.222327,4.864258,0.000000,1.409720,1.015724,1.00e-04
651,1.000,1.000,4.046786,3.408291,0.000000,1.395842,1.017398,5.211434,4.852728,0.000000,1.407533,1.016119,1.00e-04
652,1.000,1.000,4.031385,3.393155,0.000000,1.392089,1.015946,5.203605,4.848071,0.000000,1.402629,1.015220,1.00e-04
653,1.000,1.000,4.020316,3.384276,0.000000,1.387420,1.014793,5.150902,4.784605,0.000000,1.400174,1.015394,1.00e-04
654,1.000,1.000,4.016291,3.378889,0.000000,1.387409,1.016260,5.126865,4.752355,0.000000,1.402315,1.015645,1.00e-04
655,1.000,1.000,4.010073,3.370985,0.000000,1.387267,1.017359,5.162603,4.800397,0.000000,1.399111,1.014981,1.00e-04
656,1.000,1.000,4.014687,3.377490,0.000000,1.386250,1.018473,5.237519,4.891002,0.000000,1.402155,1.014965,1.00e-04
657,1.000,1.000,4.003545,3.362169,0.000000,1.388209,1.016215,5.195348,4.839501,0.000000,1.400894,1.015159,1.00e-04
658,1.000,1.000,4.010878,3.372934,0.000000,1.386495,1.016670,5.129662,4.758017,0.000000,1.400273,1.015150,1.00e-04
659,1.000,1.000,3.997585,3.355991,0.000000,1.386593,1.017586,5.098168,4.718232,0.000000,1.400775,1.014810,1.00e-04
660,1.000,1.000,3.980310,3.335396,0.000000,1.386314,1.014711,5.084265,4.700506,0.000000,1.401116,1.014835,1.00e-04
661,1.000,1.000,3.976444,3.331001,0.000000,1.385386,1.016673,5.095443,4.717145,0.000000,1.398453,1.014828,1.00e-04
662,1.000,1.000,3.974421,3.329150,0.000000,1.384808,1.016271,5.102985,4.725899,0.000000,1.399131,1.014801,1.00e-04
663,1.000,1.000,3.963895,3.317790,0.000000,1.383108,1.015883,5.090591,4.713631,0.000000,1.395824,1.015134,1.00e-04
664,1.000,1.000,3.956368,3.312355,0.000000,1.379549,1.014226,5.081858,4.703824,0.000000,1.394626,1.015493,1.00e-04
665,1.000,1.000,3.966514,3.322061,0.000000,1.381916,1.016664,5.062626,4.677394,0.000000,1.397190,1.014794,1.00e-04
666,1.000,1.000,3.952922,3.305380,0.000000,1.381780,1.015968,5.026536,4.634896,0.000000,1.394727,1.014192,1.00e-04
667,1.000,1.000,3.948496,3.302407,0.000000,1.379318,1.015582,5.063212,4.683092,0.000000,1.392407,1.014061,1.00e-04
668,1.000,1.000,3.954263,3.311656,0.000000,1.377422,1.015004,5.096639,4.724058,0.000000,1.393263,1.013912,1.00e-04
669,1.000,1.000,3.941984,3.294267,0.000000,1.379301,1.015652,5.027584,4.636005,0.000000,1.394895,1.014317,1.00e-04
670,1.000,1.000,3.919126,3.266050,0.000000,1.378857,1.016002,5.009632,4.616171,0.000000,1.392238,1.014522,1.00e-04
671,1.000,1.000,3.919628,3.270816,0.000000,1.374701,1.016069,4.984509,4.589573,0.000000,1.387441,1.014491,1.00e-04
672,1.000,1.000,3.912996,3.266265,0.000000,1.371413,1.014268,5.010070,4.622167,0.000000,1.386701,1.014876,1.00e-04
673,1.000,1.000,3.908335,3.259752,0.000000,1.371905,1.015044,5.064900,4.690639,0.000000,1.386840,1.014585,1.00e-04
674,1.000,1.000,3.908939,3.260212,0.000000,1.372683,1.013113,5.016748,4.631070,0.000000,1.386131,1.014935,1.00e-04
675,1.000,1.000,3.889822,3.237099,0.000000,1.371090,1.016351,5.025217,4.644066,0.000000,1.383847,1.014432,1.00e-04
676,1.000,1.000,3.893012,3.245064,0.000000,1.367730,1.013883,4.996934,4.611910,0.000000,1.380551,1.014825,1.00e-04
677,1.000,1.000,3.893813,3.248758,0.000000,1.364685,1.015294,4.943285,4.545750,0.000000,1.379677,1.014720,1.00e-04
678,1.000,1.000,3.876773,3.227518,0.000000,1.364669,1.015121,4.956069,4.559399,0.000000,1.382019,1.014673,1.00e-04
679,1.000,1.000,3.878774,3.228731,0.000000,1.366064,1.014687,4.962873,4.566186,0.000000,1.383810,1.014380,1.00e-04
680,1.000,1.000,3.873587,3.221337,0.000000,1.367141,1.014026,4.963774,4.570611,0.000000,1.380517,1.014358,1.00e-04
681,1.000,1.000,3.868204,3.215420,0.000000,1.366338,1.013987,4.935917,4.535364,0.000000,1.381039,1.013976,1.00e-04
682,1.000,1.000,3.850682,3.194023,0.000000,1.365865,1.013858,4.925398,4.524073,0.000000,1.379251,1.013696,1.00e-04
683,1.000,1.000,3.842599,3.185569,0.000000,1.364238,1.013763,4.928461,4.531331,0.000000,1.375863,1.013523,1.00e-04
684,1.000,1.000,3.831048,3.174633,0.000000,1.360470,1.014830,4.940425,4.549309,0.000000,1.372914,1.013233,1.00e-04
685,1.000,1.000,3.830065,3.176038,0.000000,1.358269,1.013100,4.931432,4.539567,0.000000,1.371481,1.012969,1.00e-04
686,1.000,1.000,3.818783,3.163306,0.000000,1.356840,1.013333,4.942952,4.552268,0.000000,1.373180,1.012967,1.00e-04
687,1.000,1.000,3.815719,3.158746,0.000000,1.357702,1.012803,4.872103,4.467016,0.000000,1.369888,1.012899,1.00e-04
688,1.000,1.000,3.814546,3.159584,0.000000,1.355480,1.012470,4.877233,4.475617,0.000000,1.367645,1.013116,1.00e-04
689,1.000,1.000,3.822663,3.171272,0.000000,1.354033,1.012095,4.881312,4.478701,0.000000,1.369714,1.012903,1.00e-04
690,1.000,1.000,3.819636,3.167898,0.000000,1.353619,1.012112,4.886831,4.485604,0.000000,1.369699,1.012944,1.00e-04
691,1.000,1.000,3.805659,3.148955,0.000000,1.354951,1.012671,4.920114,4.526707,0.000000,1.370119,1.013267,1.00e-04
692,1.000,1.000,3.796623,3.138099,0.000000,1.354418,1.013044,4.887532,4.491193,0.000000,1.364800,1.013685,1.00e-04
693,1.000,1.000,3.799193,3.146340,0.000000,1.349679,1.011892,4.910393,4.519905,0.000000,1.364726,1.013437,1.00e-04
694,1.000,1.000,3.783647,3.126383,0.000000,1.350220,1.011825,4.842835,4.433754,0.000000,1.366417,1.013487,1.00e-04
695,1.000,1.000,3.774126,3.112139,0.000000,1.352104,1.013662,4.846813,4.438505,0.000000,1.366664,1.013389,1.00e-04
696,1.000,1.000,3.782270,3.122986,0.000000,1.351569,1.013130,4.853356,4.445914,0.000000,1.367325,1.013824,1.00e-04
697,1.000,1.000,3.772587,3.111123,0.000000,1.351513,1.012393,4.860738,4.458101,0.000000,1.364427,1.013577,1.00e-04
698,1.000,1.000,3.763574,3.103014,0.000000,1.348028,1.013702,4.828890,4.419695,0.000000,1.362939,1.013912,1.00e-04
699,1.000,1.000,3.744986,3.081089,0.000000,1.347351,1.011167,4.804158,4.391571,0.000000,1.360214,1.013653,1.00e-04
700,1.000,1.000,3.755694,3.096504,0.000000,1.344936,1.012714,4.810713,4.398243,0.000000,1.361819,1.013319,1.00e-04
701,1.000,1.000,3.747257,3.083810,0.000000,1.346393,1.015474,4.802641,4.387522,0.000000,1.362680,1.012397,1.00e-04
702,1.000,1.000,3.727629,3.061499,0.000000,1.345203,1.011339,4.793924,4.378493,0.000000,1.360774,1.012553,1.00e-04
703,1.000,1.000,3.728580,3.062374,0.000000,1.345760,1.010360,4.755708,4.330926,0.000000,1.360639,1.012279,1.00e-04
704,1.000,1.000,3.732170,3.067354,0.000000,1.345186,1.010687,4.797646,4.384768,0.000000,1.359281,1.012035,1.00e-04
705,1.000,1.000,3.721199,3.055560,0.000000,1.342598,1.013363,4.747631,4.326807,0.000000,1.354729,1.012012,1.00e-04
706,1.000,1.000,3.709949,3.044351,0.000000,1.340258,1.011310,4.725013,4.300207,0.000000,1.353034,1.012105,1.00e-04
707,1.000,1.000,3.721400,3.058983,0.000000,1.339679,1.012351,4.732170,4.305893,0.000000,1.356143,1.012706,1.00e-04
708,1.000,1.000,3.703119,3.033790,0.000000,1.342047,1.012245,4.753375,4.331747,0.000000,1.356777,1.012781,1.00e-04
709,1.000,1.000,3.701532,3.033345,0.000000,1.341055,1.010060,4.703332,4.270706,0.000000,1.355297,1.012645,1.00e-04
710,1.000,1.000,3.682836,3.011231,0.000000,1.339993,1.009283,4.700714,4.269203,0.000000,1.353487,1.012812,1.00e-04
711,1.000,1.000,3.677544,3.005697,0.000000,1.338664,1.010278,4.720141,4.292404,0.000000,1.354714,1.012236,1.00e-04
712,1.000,1.000,3.666234,2.993396,0.000000,1.336842,1.010217,4.727791,4.305750,0.000000,1.351147,1.011367,1.00e-04
713,1.000,1.000,3.683046,3.015042,0.000000,1.335355,1.013639,4.708798,4.280765,0.000000,1.352296,1.011745,1.00e-04
714,1.000,1.000,3.669482,2.998105,0.000000,1.335933,1.011255,4.754543,4.338926,0.000000,1.351256,1.011991,1.00e-04
715,1.000,1.000,3.665018,2.993003,0.000000,1.335710,1.010236,4.707866,4.283185,0.000000,1.348615,1.012130,1.00e-04
716,1.000,1.000,3.664718,2.996382,0.000000,1.332168,1.009387,4.707735,4.281919,0.000000,1.349635,1.012457,1.00e-04
717,1.000,1.000,3.667869,2.999569,0.000000,1.332346,1.011688,4.656465,4.221403,0.000000,1.346139,1.012156,1.00e-04
718,1.000,1.000,3.661946,2.992813,0.000000,1.332039,1.010321,4.666753,4.230422,0.000000,1.350060,1.011837,1.00e-04
719,1.000,1.000,3.659191,2.987976,0.000000,1.333689,1.009295,4.639047,4.198421,0.000000,1.347401,1.011951,1.00e-04
720,1.000,1.000,3.640716,2.967756,0.000000,1.330775,1.009455,4.636995,4.197829,0.000000,1.345546,1.011476,1.00e-04
721,1.000,1.000,3.621141,2.944340,0.000000,1.329631,1.009822,4.646034,4.209089,0.000000,1.345700,1.011016,1.00e-04
722,1.000,1.000,3.625280,2.948935,0.000000,1.329748,1.011670,4.661147,4.228911,0.000000,1.344652,1.011481,1.00e-04
723,1.000,1.000,3.618480,2.940826,0.000000,1.330405,1.007471,4.646280,4.211754,0.000000,1.343309,1.011145,1.00e-04
724,1.000,1.000,3.617265,2.942553,0.000000,1.327224,1.007213,4.609750,4.169773,0.000000,1.339753,1.010646,1.00e-04
725,1.000,1.000,3.612453,2.937443,0.000000,1.325679,1.009777,4.626587,4.188284,0.000000,1.342312,1.010550,1.00e-04
726,1.000,1.000,3.614831,2.938670,0.000000,1.327946,1.007689,4.616646,4.174299,0.000000,1.343833,1.010702,1.00e-04
727,1.000,1.000,3.590837,2.907963,0.000000,1.328106,1.009912,4.634882,4.199453,0.000000,1.341506,1.010572,1.00e-04
728,1.000,1.000,3.598891,2.924113,0.000000,1.322490,1.008041,4.575624,4.130241,0.000000,1.336565,1.010895,1.00e-04
729,1.000,1.000,3.583656,2.905551,0.000000,1.321900,1.008476,4.556800,4.105711,0.000000,1.337541,1.010996,1.00e-04
730,1.000,1.000,3.567943,2.885793,0.000000,1.322030,1.008420,4.604687,4.164441,0.000000,1.338526,1.011563,1.00e-04
731,1.000,1.000,3.591409,2.914680,0.000000,1.322160,1.009682,4.576958,4.131478,0.000000,1.336909,1.011241,1.00e-04
732,1.000,1.000,3.586662,2.907175,0.000000,1.324067,1.008341,4.577011,4.128254,0.000000,1.340375,1.010538,1.00e-04
733,1.000,1.000,3.567784,2.880677,0.000000,1.326549,1.010012,4.596624,4.150422,0.000000,1.342672,1.010743,1.00e-04
734,1.000,1.000,3.571736,2.887643,0.000000,1.325018,1.008035,4.579691,4.131542,0.000000,1.340355,1.010864,1.00e-04
735,1.000,1.000,3.574548,2.893288,0.000000,1.322597,1.009203,4.552732,4.101433,0.000000,1.336808,1.010700,1.00e-04
736,1.000,1.000,3.551676,2.869081,0.000000,1.318539,1.007898,4.553452,4.105300,0.000000,1.333855,1.010637,1.00e-04
737,1.000,1.000,3.549181,2.865019,0.000000,1.319344,1.008450,4.570110,4.123488,0.000000,1.336474,1.010701,1.00e-04
738,1.000,1.000,3.549280,2.864380,0.000000,1.319898,1.009287,4.530183,4.075799,0.000000,1.334301,1.010518,1.00e-04
739,1.000,1.000,3.541032,2.855257,0.000000,1.319287,1.006983,4.520149,4.064214,0.000000,1.333403,1.010276,1.00e-04
740,1.000,1.000,3.529403,2.842259,0.000000,1.317757,1.006954,4.505869,4.045665,0.000000,1.334026,1.010582,1.00e-04
741,1.000,1.000,3.515817,2.823312,0.000000,1.319902,1.006227,4.499419,4.035419,0.000000,1.336306,1.010193,1.00e-04
742,1.000,1.000,3.521818,2.831767,0.000000,1.319065,1.005765,4.481433,4.015475,0.000000,1.333902,1.009655,1.00e-04
743,1.000,1.000,3.520833,2.832459,0.000000,1.316926,1.006626,4.523210,4.071163,0.000000,1.330518,1.009324,1.00e-04
744,1.000,1.000,3.515184,2.827350,0.000000,1.315441,1.004755,4.478623,4.016720,0.000000,1.329222,1.009348,1.00e-04
745,1.000,1.000,3.510035,2.821385,0.000000,1.314353,1.007225,4.496574,4.037548,0.000000,1.330715,1.009815,1.00e-04
746,1.000,1.000,3.510721,2.820671,0.000000,1.316031,1.006795,4.485936,4.021542,0.000000,1.333336,1.010172,1.00e-04
747,1.000,1.000,3.500680,2.808922,0.000000,1.315580,1.005396,4.454663,3.985143,0.000000,1.330624,1.010248,1.00e-04
748,1.000,1.000,3.489206,2.797863,0.000000,1.311887,1.007028,4.437554,3.967737,0.000000,1.326628,1.010309,1.00e-04
749,1.000,1.000,3.492880,2.803971,0.000000,1.310715,1.005654,4.454947,3.989441,0.000000,1.326736,1.010028,1.00e-04
750,1.000,1.000,3.479239,2.786307,0.000000,1.311515,1.004904,4.413765,3.937880,0.000000,1.326879,1.009792,1.00e-04
751,1.000,1.000,3.493463,2.803457,0.000000,1.311970,1.005609,4.397958,3.916247,0.000000,1.328634,1.010267,1.00e-04
752,1.000,1.000,3.474771,2.776238,0.000000,1.316074,1.004606,4.423680,3.946587,0.000000,1.330603,1.009643,1.00e-04
753,1.000,1.000,3.468496,2.771319,0.000000,1.313208,1.004370,4.386673,3.903293,0.000000,1.327597,1.009809,1.00e-04
754,1.000,1.000,3.458607,2.761192,0.000000,1.310505,1.006247,4.398753,3.920837,0.000000,1.325091,1.010050,1.00e-04
755,1.000,1.000,3.457156,2.762904,0.000000,1.307439,1.004412,4.412994,3.939069,0.000000,1.324739,1.009738,1.00e-04
756,1.000,1.000,3.456675,2.761483,0.000000,1.307886,1.005898,4.412772,3.939489,0.000000,1.323928,1.010194,1.00e-04
757,1.000,1.000,3.451617,2.755180,0.000000,1.308112,1.004917,4.376180,3.894430,0.000000,1.323445,1.009399,1.00e-04
758,1.000,1.000,3.442367,2.743878,0.000000,1.308031,1.004198,4.358720,3.872967,0.000000,1.323038,1.009577,1.00e-04
759,1.000,1.000,3.437008,2.737954,0.000000,1.307424,1.003530,4.381753,3.900062,0.000000,1.324869,1.009040,1.00e-04
760,1.000,1.000,3.435237,2.734244,0.000000,1.308513,1.005154,4.383209,3.901541,0.000000,1.325219,1.009003,1.00e-04
761,1.000,1.000,3.424583,2.722621,0.000000,1.306603,1.006015,4.370935,3.891263,0.000000,1.320289,1.008465,1.00e-04
762,1.000,1.000,3.406392,2.704425,0.000000,1.302567,1.003992,4.321992,3.834441,0.000000,1.316008,1.008166,1.00e-04
763,1.000,1.000,3.411022,2.713270,0.000000,1.300019,1.001951,4.344491,3.861596,0.000000,1.317083,1.007736,1.00e-04
764,1.000,1.000,3.424891,2.729085,0.000000,1.301258,1.003086,4.359307,3.878572,0.000000,1.318626,1.007739,1.00e-04
765,1.000,1.000,3.410217,2.709885,0.000000,1.302040,1.003385,4.335912,3.849608,0.000000,1.318252,1.008121,1.00e-04
766,1.000,1.000,3.407026,2.707472,0.000000,1.300648,1.002647,4.322203,3.835123,0.000000,1.315705,1.007703,1.00e-04
767,1.000,1.000,3.405315,2.706661,0.000000,1.299118,1.003460,4.325692,3.840427,0.000000,1.314840,1.007392,1.00e-04
768,1.000,1.000,3.401805,2.700773,0.000000,1.301017,1.001868,4.340906,3.855253,0.000000,1.318988,1.007563,1.00e-04
769,1.000,1.000,3.395917,2.693022,0.000000,1.301427,1.001789,4.324942,3.837967,0.000000,1.316410,1.007199,1.00e-04
770,1.000,1.000,3.394716,2.693550,0.000000,1.298499,1.005384,4.326390,3.843904,0.000000,1.312317,1.007069,1.00e-04
771,1.000,1.000,3.380247,2.677809,0.000000,1.296693,1.003224,4.295464,3.804198,0.000000,1.313200,1.007731,1.00e-04
772,1.000,1.000,3.373115,2.669180,0.000000,1.296536,1.002712,4.280377,3.785058,0.000000,1.313500,1.007654,1.00e-04
773,1.000,1.000,3.366041,2.660505,0.000000,1.296256,1.003163,4.264879,3.766469,0.000000,1.312808,1.007290,1.00e-04
774,1.000,1.000,3.375559,2.673723,0.000000,1.295067,1.002633,4.273613,3.778009,0.000000,1.312208,1.007200,1.00e-04
775,1.000,1.000,3.360641,2.655495,0.000000,1.294994,1.001254,4.268254,3.772659,0.000000,1.310887,1.007084,1.00e-04
776,1.000,1.000,3.365767,2.662865,0.000000,1.293961,1.001529,4.273431,3.778966,0.000000,1.311211,1.006448,1.00e-04
777,1.000,1.000,3.360775,2.657251,0.000000,1.293460,1.001031,4.275718,3.783794,0.000000,1.309126,1.006913,1.00e-04
778,1.000,1.000,3.354454,2.649736,0.000000,1.292527,1.003214,4.279604,3.788349,0.000000,1.309439,1.006869,1.00e-04
779,1.000,1.000,3.361419,2.659000,0.000000,1.292601,1.000689,4.271475,3.779426,0.000000,1.308211,1.006830,1.00e-04
780,1.000,1.000,3.344360,2.639759,0.000000,1.290255,1.001739,4.221919,3.721238,0.000000,1.304633,1.006112,1.00e-04
781,1.000,1.000,3.354333,2.652792,0.000000,1.290258,0.999462,4.243508,3.745122,0.000000,1.307780,1.005932,1.00e-04
782,1.000,1.000,3.338406,2.631335,0.000000,1.291511,1.000650,4.247156,3.748238,0.000000,1.309154,1.006213,1.00e-04
783,1.000,1.000,3.328831,2.620487,0.000000,1.290228,1.001298,4.220777,3.719769,0.000000,1.304821,1.005524,1.00e-04
784,1.000,1.000,3.314389,2.606303,0.000000,1.286905,0.999112,4.216683,3.714565,0.000000,1.304767,1.006090,1.00e-04
785,1.000,1.000,3.322762,2.614294,0.000000,1.288929,1.000921,4.204560,3.698527,0.000000,1.305784,1.005554,1.00e-04
786,1.000,1.000,3.317682,2.606265,0.000000,1.290579,1.001036,4.199938,3.693615,0.000000,1.305000,1.005233,1.00e-04
787,1.000,1.000,3.308729,2.600520,0.000000,1.286092,0.997199,4.182632,3.676247,0.000000,1.300766,1.005107,1.00e-04
788,1.000,1.000,3.309197,2.604074,0.000000,1.282707,0.998858,4.201361,3.701582,0.000000,1.298731,1.005550,1.00e-04
789,1.000,1.000,3.292946,2.582997,0.000000,1.283719,0.997867,4.202396,3.700959,0.000000,1.300714,1.005288,1.00e-04
790,1.000,1.000,3.304729,2.596865,0.000000,1.284742,0.997220,4.217187,3.717930,0.000000,1.302215,1.005354,1.00e-04
791,1.000,1.000,3.289304,2.579016,0.000000,1.282529,1.000340,4.166450,3.660836,0.000000,1.295927,1.005201,1.00e-04
792,1.000,1.000,3.282301,2.574679,0.000000,1.278264,0.999733,4.151749,3.644348,0.000000,1.294106,1.004930,1.00e-04
793,1.000,1.000,3.286115,2.579617,0.000000,1.278543,0.997936,4.149973,3.640606,0.000000,1.295771,1.004358,1.00e-04
794,1.000,1.000,3.272509,2.561453,0.000000,1.279385,0.999191,4.187309,3.688097,0.000000,1.295017,1.004090,1.00e-04
795,1.000,1.000,3.274174,2.565488,0.000000,1.278007,0.996891,4.177523,3.674207,0.000000,1.296506,1.004762,1.00e-04
796,1.000,1.000,3.269931,2.559665,0.000000,1.278184,0.998261,4.148305,3.640025,0.000000,1.294136,1.004882,1.00e-04
797,1.000,1.000,3.257389,2.543798,0.000000,1.278930,0.996033,4.143804,3.636069,0.000000,1.292446,1.004960,1.00e-04
798,1.000,1.000,3.256907,2.545904,0.000000,1.276060,0.996678,4.130487,3.619840,0.000000,1.292079,1.004757,1.00e-04
799,1.000,1.000,3.249735,2.538285,0.000000,1.274340,0.998173,4.100916,3.585117,0.000000,1.289822,1.004826,1.00e-04
800,1.000,1.000,3.247197,2.538637,0.000000,1.271505,0.995418,4.121679,3.613789,0.000000,1.287199,1.004442,1.00e-04
801,1.000,1.000,3.247056,2.539606,0.000000,1.270590,0.994499,4.105864,3.592284,0.000000,1.289029,1.004068,1.00e-04
802,1.000,1.000,3.231394,2.519009,0.000000,1.271417,0.995265,4.122998,3.613239,0.000000,1.289410,1.004395,1.00e-04
803,1.000,1.000,3.229008,2.514387,0.000000,1.272489,0.997534,4.118310,3.608789,0.000000,1.288065,1.004134,1.00e-04
804,1.000,1.000,3.246352,2.537639,0.000000,1.271515,0.995146,4.105426,3.590692,0.000000,1.290211,1.003517,1.00e-04
805,1.000,1.000,3.232130,2.518578,0.000000,1.272289,0.997179,4.134620,3.628057,0.000000,1.289166,1.004208,1.00e-04
806,1.000,1.000,3.218519,2.503548,0.000000,1.271124,0.993905,4.120179,3.611378,0.000000,1.287973,1.003493,1.00e-04
807,1.000,1.000,3.208512,2.494267,0.000000,1.267786,0.994345,4.079221,3.563628,0.000000,1.284662,1.002944,1.00e-04
808,1.000,1.000,3.215146,2.504920,0.000000,1.265429,0.994331,4.073302,3.560544,0.000000,1.280534,1.002199,1.00e-04
809,1.000,1.000,3.205661,2.492968,0.000000,1.265396,0.994851,4.050958,3.528796,0.000000,1.284445,1.001828,1.00e-04
810,1.000,1.000,3.199621,2.480973,0.000000,1.269458,0.996380,4.075268,3.558840,0.000000,1.284641,1.002418,1.00e-04
811,1.000,1.000,3.193822,2.477328,0.000000,1.266702,0.992991,4.083007,3.569917,0.000000,1.283332,1.002037,1.00e-04
812,1.000,1.000,3.193364,2.479884,0.000000,1.263407,0.993653,4.027502,3.505427,0.000000,1.278507,1.001774,1.00e-04
813,1.000,1.000,3.177781,2.460810,0.000000,1.263005,0.993640,4.055035,3.536261,0.000000,1.281942,1.002367,1.00e-04
814,1.000,1.000,3.187682,2.474914,0.000000,1.261891,0.991192,4.037967,3.518438,0.000000,1.278531,1.001961,1.00e-04
815,1.000,1.000,3.178625,2.463039,0.000000,1.262209,0.992133,4.052965,3.536134,0.000000,1.279637,1.001744,1.00e-04
816,1.000,1.000,3.177062,2.460360,0.000000,1.262910,0.992230,4.037886,3.518526,0.000000,1.278376,1.001815,1.00e-04
817,1.000,1.000,3.169059,2.452807,0.000000,1.260230,0.993147,4.001777,3.475089,0.000000,1.276973,1.000636,1.00e-04
818,1.000,1.000,3.172197,2.457939,0.000000,1.259460,0.991391,4.027277,3.507258,0.000000,1.276693,1.000578,1.00e-04
819,1.000,1.000,3.161123,2.443544,0.000000,1.259768,0.992367,4.018149,3.494831,0.000000,1.277733,1.000492,1.00e-04
820,1.000,1.000,3.152978,2.432153,0.000000,1.261115,0.991818,3.986132,3.455740,0.000000,1.276840,1.000341,1.00e-04
821,1.000,1.000,3.146805,2.428108,0.000000,1.257399,0.991999,3.994628,3.470823,0.000000,1.272400,1.000246,1.00e-04
822,1.000,1.000,3.148340,2.432968,0.000000,1.254875,0.990325,3.993669,3.467221,0.000000,1.274882,0.999931,1.00e-04
823,1.000,1.000,3.133022,2.410521,0.000000,1.258056,0.990804,3.961641,3.427617,0.000000,1.274364,1.000279,1.00e-04
824,1.000,1.000,3.136490,2.417622,0.000000,1.255077,0.991653,3.966737,3.437986,0.000000,1.270437,0.999996,1.00e-04
825,1.000,1.000,3.132595,2.413384,0.000000,1.254328,0.992127,3.977372,3.450889,0.000000,1.270656,1.000679,1.00e-04
826,1.000,1.000,3.128382,2.408531,0.000000,1.255070,0.987506,3.942955,3.407930,0.000000,1.270590,1.000695,1.00e-04
827,1.000,1.000,3.121061,2.400114,0.000000,1.253385,0.991310,3.955088,3.424557,0.000000,1.269247,1.000226,1.00e-04
828,1.000,1.000,3.114412,2.392413,0.000000,1.253601,0.988004,3.951763,3.419206,0.000000,1.270499,0.999997,1.00e-04
829,1.000,1.000,3.124179,2.404652,0.000000,1.252820,0.991008,3.965323,3.435924,0.000000,1.270907,0.999292,1.00e-04
830,1.000,1.000,3.118229,2.397150,0.000000,1.253853,0.987129,3.946786,3.413096,0.000000,1.270519,0.999470,1.00e-04
831,1.000,1.000,3.098732,2.373918,0.000000,1.252742,0.987024,3.944715,3.411522,0.000000,1.269551,0.999281,1.00e-04
832,1.000,1.000,3.102839,2.380973,0.000000,1.250463,0.988451,3.905047,3.366670,0.000000,1.264844,0.999175,1.00e-04
833,1.000,1.000,3.094856,2.372408,0.000000,1.249057,0.988421,3.931346,3.398819,0.000000,1.265663,0.998801,1.00e-04
834,1.000,1.000,3.101769,2.378906,0.000000,1.251412,0.987575,3.904575,3.364455,0.000000,1.266773,0.997961,1.00e-04
835,1.000,1.000,3.087042,2.361052,0.000000,1.250967,0.987133,3.897324,3.355215,0.000000,1.267095,0.997381,1.00e-04
836,1.000,1.000,3.086782,2.361548,0.000000,1.250266,0.986653,3.870800,3.324060,0.000000,1.265227,0.996849,1.00e-04
837,1.000,1.000,3.082034,2.358928,0.000000,1.246895,0.986876,3.879061,3.335834,0.000000,1.263634,0.997436,1.00e-04
838,1.000,1.000,3.083683,2.361211,0.000000,1.246377,0.988065,3.887261,3.347261,0.000000,1.262521,0.997175,1.00e-04
839,1.000,1.000,3.072744,2.347330,0.000000,1.246797,0.987211,3.885323,3.344612,0.000000,1.262569,0.997891,1.00e-04
840,1.000,1.000,3.057984,2.329321,0.000000,1.247158,0.984007,3.887028,3.345302,0.000000,1.264011,0.997892,1.00e-04
841,1.000,1.000,3.066046,2.338180,0.000000,1.247757,0.986482,3.901356,3.362136,0.000000,1.265111,0.997791,1.00e-04
842,1.000,1.000,3.064812,2.339195,0.000000,1.245349,0.985886,3.868774,3.324338,0.000000,1.262113,0.998069,1.00e-04
843,1.000,1.000,3.051509,2.323521,0.000000,1.244264,0.986402,3.854326,3.310366,0.000000,1.258243,0.997196,1.00e-04
844,1.000,1.000,3.053575,2.327894,0.000000,1.243034,0.984162,3.840928,3.293972,0.000000,1.257877,0.997241,1.00e-04
845,1.000,1.000,3.040779,2.314166,0.000000,1.240903,0.983617,3.867528,3.328089,0.000000,1.257020,0.997203,1.00e-04
846,1.000,1.000,3.045410,2.321191,0.000000,1.240156,0.981659,3.869377,3.328385,0.000000,1.259060,0.997104,1.00e-04
847,1.000,1.000,3.038003,2.307787,0.000000,1.243712,0.984020,3.871974,3.328395,0.000000,1.261951,0.998487,1.00e-04
848,1.000,1.000,3.033305,2.301156,0.000000,1.244902,0.982292,3.864217,3.320234,0.000000,1.260596,0.997767,1.00e-04
849,1.000,1.000,3.030446,2.301010,0.000000,1.241608,0.981755,3.816718,3.264553,0.000000,1.257085,0.997036,1.00e-04
850,1.000,1.000,3.025939,2.297129,0.000000,1.239816,0.981915,3.805386,3.250664,0.000000,1.256896,0.996692,1.00e-04
851,1.000,1.000,3.018839,2.290349,0.000000,1.237585,0.982459,3.816667,3.268161,0.000000,1.253701,0.995890,1.00e-04
852,1.000,1.000,3.021621,2.292675,0.000000,1.239257,0.980380,3.814250,3.262855,0.000000,1.256003,0.995819,1.00e-04
853,1.000,1.000,3.005339,2.272502,0.000000,1.238644,0.982113,3.800112,3.248781,0.000000,1.252556,0.995215,1.00e-04
854,1.000,1.000,3.003227,2.271283,0.000000,1.237336,0.981662,3.794041,3.241792,0.000000,1.252205,0.994215,1.00e-04
855,1.000,1.000,3.000528,2.270947,0.000000,1.235147,0.978262,3.796706,3.244702,0.000000,1.252622,0.994231,1.00e-04
856,1.000,1.000,2.987597,2.255034,0.000000,1.234422,0.980164,3.783332,3.230665,0.000000,1.250049,0.993804,1.00e-04
857,1.000,1.000,2.989770,2.260026,0.000000,1.232716,0.977883,3.793460,3.244910,0.000000,1.248636,0.993118,1.00e-04
858,1.000,1.000,2.987892,2.256391,0.000000,1.233505,0.979873,3.776973,3.221511,0.000000,1.251444,0.993043,1.00e-04
859,1.000,1.000,2.989809,2.257120,0.000000,1.235161,0.979923,3.768296,3.211139,0.000000,1.250889,0.993366,1.00e-04
860,1.000,1.000,2.977821,2.244291,0.000000,1.233192,0.979174,3.749088,3.187115,0.000000,1.250920,0.993300,1.00e-04
861,1.000,1.000,2.981036,2.249951,0.000000,1.231813,0.978122,3.765944,3.214901,0.000000,1.244413,0.992463,1.00e-04
862,1.000,1.000,2.982476,2.254060,0.000000,1.229593,0.977768,3.765434,3.209803,0.000000,1.248796,0.992770,1.00e-04
863,1.000,1.000,2.964935,2.228908,0.000000,1.232835,0.977705,3.744342,3.182084,0.000000,1.250099,0.992979,1.00e-04
864,1.000,1.000,2.962406,2.227042,0.000000,1.231695,0.977078,3.750612,3.193919,0.000000,1.246193,0.992613,1.00e-04
865,1.000,1.000,2.965505,2.231072,0.000000,1.231814,0.975976,3.751532,3.191378,0.000000,1.250031,0.992025,1.00e-04
866,1.000,1.000,2.951916,2.213419,0.000000,1.232735,0.974961,3.734242,3.172186,0.000000,1.247690,0.991708,1.00e-04
867,1.000,1.000,2.947513,2.209951,0.000000,1.230314,0.976504,3.721510,3.157869,0.000000,1.246083,0.991743,1.00e-04
868,1.000,1.000,2.949088,2.214416,0.000000,1.228310,0.974535,3.742254,3.186845,0.000000,1.243177,0.991182,1.00e-04
869,1.000,1.000,2.936254,2.200406,0.000000,1.226492,0.973674,3.711134,3.146721,0.000000,1.244440,0.991027,1.00e-04
870,1.000,1.000,2.937106,2.201254,0.000000,1.226568,0.974243,3.690861,3.123515,0.000000,1.242224,0.991348,1.00e-04
871,1.000,1.000,2.938621,2.202601,0.000000,1.227099,0.974309,3.728672,3.167799,0.000000,1.245147,0.991576,1.00e-04
872,1.000,1.000,2.940970,2.203386,0.000000,1.229224,0.974412,3.706322,3.139481,0.000000,1.245571,0.991400,1.00e-04
873,1.000,1.000,2.927863,2.189392,0.000000,1.227903,0.970131,3.678434,3.108244,0.000000,1.241846,0.991808,1.00e-04
874,1.000,1.000,2.926640,2.191137,0.000000,1.224047,0.972462,3.694306,3.129101,0.000000,1.240870,0.991647,1.00e-04
875,1.000,1.000,2.915546,2.175447,0.000000,1.225501,0.973938,3.720609,3.160507,0.000000,1.242391,0.991455,1.00e-04
876,1.000,1.000,2.915400,2.176805,0.000000,1.224445,0.972004,3.698991,3.137241,0.000000,1.238790,0.990831,1.00e-04
877,1.000,1.000,2.909031,2.173481,0.000000,1.219891,0.971665,3.678927,3.114539,0.000000,1.236607,0.990049,1.00e-04
878,1.000,1.000,2.909648,2.174201,0.000000,1.220746,0.968450,3.688958,3.126445,0.000000,1.237270,0.989931,1.00e-04
879,1.000,1.000,2.904037,2.164247,0.000000,1.223005,0.971182,3.653308,3.080549,0.000000,1.238955,0.988526,1.00e-04
880,1.000,1.000,2.893736,2.150878,0.000000,1.224530,0.967045,3.641785,3.066426,0.000000,1.238591,0.988856,1.00e-04
881,1.000,1.000,2.892424,2.152370,0.000000,1.220993,0.968665,3.669623,3.102526,0.000000,1.237222,0.989125,1.00e-04
882,1.000,1.000,2.890167,2.153914,0.000000,1.216480,0.969258,3.629884,3.059476,0.000000,1.230771,0.988430,1.00e-04
883,1.000,1.000,2.892752,2.158751,0.000000,1.215141,0.968195,3.623225,3.048478,0.000000,1.233636,0.987668,1.00e-04
884,1.000,1.000,2.886883,2.148587,0.000000,1.219157,0.963440,3.613298,3.033883,0.000000,1.236019,0.986879,1.00e-04
885,1.000,1.000,2.873381,2.132015,0.000000,1.217504,0.968829,3.622910,3.049100,0.000000,1.232721,0.987264,1.00e-04
886,1.000,1.000,2.876082,2.138151,0.000000,1.215416,0.966138,3.622191,3.048328,0.000000,1.232581,0.987316,1.00e-04
887,1.000,1.000,2.869071,2.129521,0.000000,1.215619,0.964799,3.609300,3.032124,0.000000,1.232777,0.986897,1.00e-04
888,1.000,1.000,2.866804,2.124996,0.000000,1.217143,0.965463,3.604216,3.024354,0.000000,1.234198,0.986867,1.00e-04
889,1.000,1.000,2.866603,2.124716,0.000000,1.217715,0.963293,3.626771,3.054402,0.000000,1.232640,0.985688,1.00e-04
890,1.000,1.000,2.858720,2.116507,0.000000,1.215789,0.964419,3.631047,3.062472,0.000000,1.230083,0.985019,1.00e-04
891,1.000,1.000,2.853775,2.112736,0.000000,1.213692,0.963165,3.640337,3.075374,0.000000,1.228791,0.985022,1.00e-04
892,1.000,1.000,2.859865,2.122801,0.000000,1.212096,0.959732,3.596407,3.020113,0.000000,1.229103,0.985175,1.00e-04
893,1.000,1.000,2.842231,2.098951,0.000000,1.213699,0.960555,3.593398,3.016090,0.000000,1.229488,0.984680,1.00e-04
894,1.000,1.000,2.836771,2.091538,0.000000,1.213997,0.961712,3.575412,2.994363,0.000000,1.228840,0.984246,1.00e-04
895,1.000,1.000,2.843819,2.101347,0.000000,1.213657,0.959081,3.577916,2.997749,0.000000,1.228743,0.983613,1.00e-04
896,1.000,1.000,2.833397,2.089365,0.000000,1.212614,0.959070,3.578048,3.000690,0.000000,1.225926,0.983781,1.00e-04
897,1.000,1.000,2.832685,2.091270,0.000000,1.210139,0.957787,3.534134,2.946927,0.000000,1.225037,0.982814,1.00e-04
898,1.000,1.000,2.823364,2.080300,0.000000,1.208222,0.962732,3.542259,2.958037,0.000000,1.224062,0.982894,1.00e-04
899,1.000,1.000,2.836960,2.095073,0.000000,1.210309,0.963269,3.542031,2.954752,0.000000,1.226806,0.983922,1.00e-04
900,1.000,1.000,2.820455,2.073996,0.000000,1.211595,0.959913,3.544678,2.959822,0.000000,1.225332,0.982775,1.00e-04
901,1.000,1.000,2.821659,2.079378,0.000000,1.208788,0.955627,3.556126,2.976411,0.000000,1.223176,0.982279,1.00e-04
902,1.000,1.000,2.814365,2.069747,0.000000,1.208454,0.959020,3.512865,2.922594,0.000000,1.223176,0.981246,1.00e-04
903,1.000,1.000,2.811560,2.067736,0.000000,1.207329,0.957538,3.523311,2.937475,0.000000,1.221450,0.980857,1.00e-04
904,1.000,1.000,2.806484,2.062867,0.000000,1.206573,0.954660,3.540699,2.957830,0.000000,1.223044,0.980000,1.00e-04
905,1.000,1.000,2.793183,2.046366,0.000000,1.206804,0.953230,3.519719,2.932559,0.000000,1.222077,0.980051,1.00e-04
906,1.000,1.000,2.796722,2.052290,0.000000,1.205620,0.951972,3.513601,2.925071,0.000000,1.221741,0.980755,1.00e-04
907,1.000,1.000,2.792462,2.046308,0.000000,1.205836,0.953733,3.522190,2.938050,0.000000,1.219491,0.980784,1.00e-04
908,1.000,1.000,2.788595,2.045455,0.000000,1.202820,0.949874,3.483942,2.895064,0.000000,1.214822,0.980166,1.00e-04
909,1.000,1.000,2.782503,2.040370,0.000000,1.200113,0.950582,3.492581,2.903830,0.000000,1.217009,0.979553,1.00e-04
910,1.000,1.000,2.777131,2.032278,0.000000,1.201689,0.949787,3.480390,2.888452,0.000000,1.217251,0.979140,1.00e-04
911,1.000,1.000,2.773078,2.027551,0.000000,1.202505,0.945167,3.482765,2.892000,0.000000,1.216797,0.978633,1.00e-04
912,1.000,1.000,2.772201,2.026732,0.000000,1.201626,0.947572,3.466903,2.872016,0.000000,1.217022,0.978362,1.00e-04
913,1.000,1.000,2.763778,2.017226,0.000000,1.200640,0.947429,3.469929,2.877275,0.000000,1.215623,0.978050,1.00e-04
914,1.000,1.000,2.765942,2.020460,0.000000,1.200861,0.944429,3.469655,2.874433,0.000000,1.218316,0.977278,1.00e-04
915,1.000,1.000,2.762777,2.015120,0.000000,1.201714,0.946549,3.476357,2.882722,0.000000,1.218508,0.976862,1.00e-04
916,1.000,1.000,2.748254,1.997869,0.000000,1.201126,0.945288,3.454192,2.856844,0.000000,1.216826,0.976278,1.00e-04
917,1.000,1.000,2.745913,1.996970,0.000000,1.199589,0.943328,3.446011,2.848118,0.000000,1.215274,0.976490,1.00e-04
918,1.000,1.000,2.744394,1.996460,0.000000,1.198445,0.942354,3.459858,2.867948,0.000000,1.212913,0.975844,1.00e-04
919,1.000,1.000,2.750336,2.007107,0.000000,1.195695,0.940476,3.447593,2.854695,0.000000,1.210960,0.975347,1.00e-04
920,1.000,1.000,2.742318,1.997611,0.000000,1.194921,0.941462,3.422190,2.823410,0.000000,1.210749,0.974316,1.00e-04
921,1.000,1.000,2.743440,1.998548,0.000000,1.195911,0.939362,3.434790,2.835543,0.000000,1.214249,0.974780,1.00e-04
922,1.000,1.000,2.734375,1.986423,0.000000,1.196769,0.939107,3.450756,2.857160,0.000000,1.212827,0.973832,1.00e-04
923,1.000,1.000,2.734932,1.987386,0.000000,1.197194,0.936338,3.436529,2.840138,0.000000,1.212201,0.973287,1.00e-04
924,1.000,1.000,2.729178,1.980922,0.000000,1.196678,0.935487,3.413640,2.812480,0.000000,1.211489,0.972327,1.00e-04
925,1.000,1.000,2.722391,1.974754,0.000000,1.195062,0.932690,3.399823,2.796581,0.000000,1.210051,0.972589,1.00e-04
926,1.000,1.000,2.711532,1.960886,0.000000,1.195055,0.933896,3.404905,2.802855,0.000000,1.210018,0.973034,1.00e-04
927,1.000,1.000,2.714983,1.966676,0.000000,1.193602,0.933804,3.406706,2.806877,0.000000,1.208463,0.972166,1.00e-04
928,1.000,1.000,2.706217,1.956632,0.000000,1.192230,0.935637,3.406921,2.806720,0.000000,1.209222,0.970835,1.00e-04
929,1.000,1.000,2.703800,1.953700,0.000000,1.193696,0.929413,3.404850,2.801130,0.000000,1.212300,0.970527,1.00e-04
930,1.000,1.000,2.695286,1.942895,0.000000,1.194310,0.927605,3.377387,2.772861,0.000000,1.206485,0.969553,1.00e-04
931,1.000,1.000,2.693087,1.944707,0.000000,1.189757,0.927580,3.359061,2.750321,0.000000,1.206158,0.969387,1.00e-04
932,1.000,1.000,2.689952,1.942291,0.000000,1.188553,0.926385,3.367933,2.766098,0.000000,1.201689,0.968515,1.00e-04
933,1.000,1.000,2.692972,1.948333,0.000000,1.186608,0.925097,3.345525,2.738044,0.000000,1.201892,0.967884,1.00e-04
934,1.000,1.000,2.693290,1.946501,0.000000,1.188803,0.925233,3.348085,2.737154,0.000000,1.206140,0.967254,1.00e-04
935,1.000,1.000,2.687375,1.937974,0.000000,1.190818,0.921709,3.362455,2.755082,0.000000,1.206300,0.966743,1.00e-04
936,1.000,1.000,2.684642,1.936656,0.000000,1.189217,0.919718,3.326565,2.713658,0.000000,1.202985,0.966249,1.00e-04
937,1.000,1.000,2.672398,1.921391,0.000000,1.187599,0.926031,3.333253,2.722106,0.000000,1.203045,0.965659,1.00e-04
938,1.000,1.000,2.668019,1.917237,0.000000,1.187793,0.919975,3.312838,2.698452,0.000000,1.201132,0.965856,1.00e-04
939,1.000,1.000,2.664366,1.913307,0.000000,1.185964,0.924744,3.327502,2.720620,0.000000,1.197430,0.965313,1.00e-04
940,1.000,1.000,2.666381,1.921319,0.000000,1.182781,0.915504,3.329779,2.721135,0.000000,1.200057,0.964127,1.00e-04
941,1.000,1.000,2.663437,1.915490,0.000000,1.185211,0.914379,3.331544,2.723236,0.000000,1.200073,0.964487,1.00e-04
942,1.000,1.000,2.659177,1.909844,0.000000,1.183473,0.922616,3.316949,2.706940,0.000000,1.198114,0.964529,1.00e-04
943,1.000,1.000,2.654115,1.904994,0.000000,1.184499,0.912604,3.305477,2.689560,0.000000,1.201112,0.964698,1.00e-04
944,1.000,1.000,2.646422,1.896937,0.000000,1.184061,0.908118,3.300539,2.687580,0.000000,1.197290,0.963219,1.00e-04
945,1.000,1.000,2.642356,1.894598,0.000000,1.181187,0.908643,3.316053,2.706783,0.000000,1.197799,0.961937,1.00e-04
946,1.000,1.000,2.642419,1.895557,0.000000,1.180542,0.907701,3.309177,2.701519,0.000000,1.194333,0.962474,1.00e-04
947,1.000,1.000,2.638362,1.890700,0.000000,1.180878,0.905497,3.305145,2.693524,0.000000,1.197476,0.961727,1.00e-04
948,1.000,1.000,2.631219,1.883811,0.000000,1.179304,0.903634,3.288677,2.676839,0.000000,1.193630,0.961509,1.00e-04
949,1.000,1.000,2.620349,1.872221,0.000000,1.177815,0.901602,3.281388,2.669606,0.000000,1.192179,0.959803,1.00e-04
950,1.000,1.000,2.624615,1.878103,0.000000,1.176876,0.903165,3.279292,2.665929,0.000000,1.193488,0.958793,1.00e-04
951,1.000,1.000,2.624685,1.878175,0.000000,1.178647,0.896135,3.280631,2.666722,0.000000,1.194530,0.958148,1.00e-04
952,1.000,1.000,2.617563,1.869735,0.000000,1.178104,0.896460,3.282439,2.670114,0.000000,1.193403,0.958131,1.00e-04
953,1.000,1.000,2.620665,1.873203,0.000000,1.178567,0.896243,3.271157,2.657491,0.000000,1.192213,0.956970,1.00e-04
954,1.000,1.000,2.612200,1.860995,0.000000,1.179687,0.898271,3.253707,2.635367,0.000000,1.192972,0.955177,1.00e-04
955,1.000,1.000,2.604155,1.855555,0.000000,1.176902,0.890943,3.228403,2.607221,0.000000,1.189363,0.955682,1.00e-04
956,1.000,1.000,2.606952,1.861436,0.000000,1.174658,0.890384,3.241910,2.623430,0.000000,1.190203,0.955018,1.00e-04
957,1.000,1.000,2.601767,1.855489,0.000000,1.175077,0.886572,3.244997,2.627892,0.000000,1.189937,0.953670,1.00e-04
958,1.000,1.000,2.586574,1.837657,0.000000,1.175366,0.880777,3.229580,2.609429,0.000000,1.189361,0.952736,1.00e-04
959,1.000,1.000,2.591482,1.844774,0.000000,1.173949,0.882520,3.220705,2.598895,0.000000,1.188809,0.952705,1.00e-04
960,1.000,1.000,2.583801,1.836535,0.000000,1.173534,0.878730,3.226321,2.607350,0.000000,1.187517,0.952133,1.00e-04
961,1.000,1.000,2.585970,1.838465,0.000000,1.173842,0.880618,3.214513,2.593685,0.000000,1.186657,0.951200,1.00e-04
962,1.000,1.000,2.579531,1.835685,0.000000,1.169669,0.876239,3.197458,2.574515,0.000000,1.184182,0.952496,1.00e-04
963,1.000,1.000,2.583100,1.839375,0.000000,1.169354,0.880586,3.210028,2.588214,0.000000,1.186868,0.949811,1.00e-04
964,1.000,1.000,2.564613,1.816460,0.000000,1.172351,0.867823,3.203156,2.580309,0.000000,1.186935,0.946802,1.00e-04
965,1.000,1.000,2.560083,1.810005,0.000000,1.171882,0.872864,3.208961,2.591125,0.000000,1.183738,0.945351,1.00e-04
966,1.000,1.000,2.565600,1.823806,0.000000,1.166503,0.866763,3.202817,2.589584,0.000000,1.177302,0.946542,1.00e-04
967,1.000,1.000,2.564241,1.825932,0.000000,1.164024,0.861386,3.202676,2.584275,0.000000,1.182229,0.947368,1.00e-04
968,1.000,1.000,2.552808,1.804464,0.000000,1.170688,0.863432,3.209430,2.590308,0.000000,1.185667,0.943248,1.00e-04
969,1.000,1.000,2.555726,1.808831,0.000000,1.170400,0.861706,3.224268,2.612192,0.000000,1.182763,0.941520,1.00e-04
970,1.000,1.000,2.550086,1.807170,0.000000,1.165752,0.858742,3.170788,2.549075,0.000000,1.178559,0.943403,1.00e-04
971,1.000,1.000,2.544377,1.802725,0.000000,1.164708,0.852153,3.171447,2.547730,0.000000,1.181039,0.942161,1.00e-04
972,1.000,1.000,2.535828,1.790066,0.000000,1.167981,0.846948,3.164801,2.536870,0.000000,1.184148,0.939937,1.00e-04
973,1.000,1.000,2.547312,1.801805,0.000000,1.168824,0.854042,3.157330,2.529530,0.000000,1.182383,0.938994,1.00e-04
974,1.000,1.000,2.536760,1.795804,0.000000,1.164081,0.844257,3.149229,2.523618,0.000000,1.177738,0.940723,1.00e-04
975,1.000,1.000,2.530274,1.789814,0.000000,1.162636,0.841570,3.149316,2.523964,0.000000,1.177891,0.939159,1.00e-04
976,1.000,1.000,2.527852,1.785700,0.000000,1.164490,0.838503,3.142412,2.513903,0.000000,1.179678,0.937735,1.00e-04
977,1.000,1.000,2.525212,1.784123,0.000000,1.164303,0.832358,3.128927,2.498757,0.000000,1.178428,0.935892,1.00e-04
978,1.000,1.000,2.519011,1.775874,0.000000,1.165014,0.831502,3.113886,2.480464,0.000000,1.178174,0.934877,1.00e-04
979,1.000,1.000,2.519613,1.778424,0.000000,1.161718,0.837499,3.105946,2.470782,0.000000,1.177880,0.935080,1.00e-04
980,1.000,1.000,2.500718,1.756351,0.000000,1.161992,0.830218,3.133868,2.508755,0.000000,1.174977,0.934416,1.00e-04
981,1.000,1.000,2.508173,1.766679,0.000000,1.162005,0.826129,3.117538,2.487965,0.000000,1.176153,0.931221,1.00e-04
982,1.000,1.000,2.505032,1.767435,0.000000,1.159583,0.817087,3.085244,2.451089,0.000000,1.173081,0.929541,1.00e-04
983,1.000,1.000,2.498852,1.762036,0.000000,1.158436,0.812368,3.115290,2.487985,0.000000,1.173323,0.931222,1.00e-04
984,1.000,1.000,2.497126,1.759378,0.000000,1.160078,0.807802,3.098360,2.465419,0.000000,1.175349,0.928727,1.00e-04
985,1.000,1.000,2.493121,1.756029,0.000000,1.158833,0.806156,3.097928,2.468474,0.000000,1.171641,0.929180,1.00e-04
986,1.000,1.000,2.486753,1.753173,0.000000,1.154171,0.804393,3.096797,2.468156,0.000000,1.170071,0.931078,1.00e-04
987,1.000,1.000,2.482940,1.747828,0.000000,1.156085,0.799049,3.117384,2.493489,0.000000,1.171436,0.927221,1.00e-04
988,1.000,1.000,2.481631,1.747426,0.000000,1.156917,0.790782,3.103828,2.476469,0.000000,1.171660,0.926622,1.00e-04
989,1.000,1.000,2.474644,1.739137,0.000000,1.156808,0.789443,3.063755,2.429947,0.000000,1.168267,0.925916,1.00e-04
990,1.000,1.000,2.475496,1.744836,0.000000,1.153966,0.782271,3.056571,2.420733,0.000000,1.167686,0.929181,1.00e-04
991,1.000,1.000,2.470378,1.738520,0.000000,1.153832,0.782484,3.070731,2.434114,0.000000,1.171734,0.930262,1.00e-04
992,1.000,1.000,2.466987,1.728778,0.000000,1.159144,0.783249,3.051441,2.412648,0.000000,1.170321,0.925334,1.00e-04
993,1.000,1.000,2.454238,1.722959,0.000000,1.151598,0.772962,3.062826,2.432513,0.000000,1.163093,0.931705,1.00e-04
994,1.000,1.000,2.447105,1.716741,0.000000,1.150389,0.767005,3.050279,2.418016,0.000000,1.163387,0.925781,1.00e-04
995,1.000,1.000,2.454405,1.726435,0.000000,1.150959,0.762451,3.042008,2.407433,0.000000,1.164199,0.923511,1.00e-04
996,1.000,1.000,2.443319,1.718224,0.000000,1.147723,0.752806,3.051803,2.420972,0.000000,1.161477,0.929217,1.00e-04
997,1.000,1.000,2.439148,1.714659,0.000000,1.147366,0.747641,3.037839,2.402505,0.000000,1.162650,0.928574,1.00e-04
998,1.000,1.000,2.435245,1.709731,0.000000,1.149074,0.741005,3.037712,2.402048,0.000000,1.164687,0.921618,1.00e-04
999,1.000,1.000,2.428416,1.699386,0.000000,1.150773,0.741447,3.008396,2.365825,0.000000,1.163405,0.925060,1.00e-04
1000,1.000,1.000,2.428215,1.703732,0.000000,1.148276,0.733043,3.043511,2.410526,0.000000,1.161861,0.928009,1.00e-04
1001,1.000,1.000,2.424772,1.700589,0.000000,1.148628,0.726994,3.031085,2.398259,0.000000,1.159304,0.925169,1.00e-04
1002,1.000,1.000,2.421786,1.702342,0.000000,1.145186,0.718820,3.024738,2.390290,0.000000,1.159693,0.923758,1.00e-04
1003,1.000,1.000,2.417655,1.696611,0.000000,1.146068,0.717557,3.039091,2.407551,0.000000,1.159176,0.928549,1.00e-04
1004,1.000,1.000,2.416819,1.696278,0.000000,1.147041,0.710815,3.005920,2.364131,0.000000,1.161368,0.927601,1.00e-04
1005,1.000,1.000,2.407374,1.685592,0.000000,1.147133,0.705967,3.013131,2.373099,0.000000,1.160720,0.930380,1.00e-04
1006,1.000,1.000,2.405371,1.686714,0.000000,1.146038,0.695844,3.001814,2.358777,0.000000,1.159487,0.936016,1.00e-04
1007,1.000,1.000,2.397401,1.674772,0.000000,1.146913,0.700264,2.998358,2.354455,0.000000,1.160034,0.933834,1.00e-04
1008,1.000,1.000,2.395097,1.675277,0.000000,1.146058,0.690143,3.009067,2.371745,0.000000,1.158942,0.922589,1.00e-04
1009,1.000,1.000,2.393723,1.679218,0.000000,1.142965,0.679886,2.988386,2.345751,0.000000,1.155741,0.935960,1.00e-04
1010,1.000,1.000,2.383711,1.666653,0.000000,1.143307,0.678715,2.979006,2.334914,0.000000,1.157426,0.925669,1.00e-04
1011,1.000,1.000,2.382850,1.667870,0.000000,1.143546,0.668584,2.968457,2.321930,0.000000,1.154729,0.935646,1.00e-04
1012,1.000,1.000,2.375697,1.662684,0.000000,1.141471,0.661865,2.980067,2.336997,0.000000,1.155210,0.931504,1.00e-04
1013,1.000,1.000,2.366651,1.653684,0.000000,1.141461,0.652671,2.955865,2.306229,0.000000,1.155095,0.934033,1.00e-04
1014,1.000,1.000,2.363620,1.651853,0.000000,1.140849,0.647293,2.948098,2.296085,0.000000,1.156066,0.931885,1.00e-04
1015,1.000,1.000,2.363851,1.652317,0.000000,1.141902,0.642381,2.968886,2.321955,0.000000,1.156506,0.930582,1.00e-04
1016,1.000,1.000,2.362497,1.651217,0.000000,1.141484,0.641676,2.967928,2.323849,0.000000,1.152199,0.935453,1.00e-04
1017,1.000,1.000,2.355313,1.652304,0.000000,1.135908,0.623716,2.992833,2.351178,0.000000,1.151789,0.952295,1.00e-04
1018,1.000,1.000,2.356784,1.648979,0.000000,1.141232,0.623077,2.974892,2.331621,0.000000,1.154847,0.928586,1.00e-04
1019,1.000,1.000,2.351967,1.647379,0.000000,1.139044,0.614144,2.947253,2.296118,0.000000,1.151597,0.945404,1.00e-04
1020,1.000,1.000,2.349318,1.645751,0.000000,1.138188,0.610836,2.939354,2.289768,0.000000,1.150725,0.934799,1.00e-04
1021,1.000,1.000,2.343396,1.641078,0.000000,1.136475,0.606771,2.947087,2.297242,0.000000,1.150000,0.946467,1.00e-04
1022,1.000,1.000,2.344619,1.644887,0.000000,1.136178,0.598836,2.953288,2.302055,0.000000,1.151973,0.950326,1.00e-04
1023,1.000,1.000,2.333501,1.631926,0.000000,1.137419,0.590124,2.947800,2.298381,0.000000,1.150453,0.943668,1.00e-04
1024,1.000,1.000,2.329001,1.626920,0.000000,1.137749,0.586323,2.942982,2.293086,0.000000,1.149903,0.942955,1.00e-04
1025,1.000,1.000,2.332887,1.636692,0.000000,1.132820,0.586388,2.911627,2.246981,0.000000,1.148841,0.974850,1.00e-04
1026,1.000,1.000,2.317353,1.616966,0.000000,1.136209,0.574062,2.925886,2.268524,0.000000,1.151863,0.947883,1.00e-04
1027,1.000,1.000,2.312942,1.613056,0.000000,1.135278,0.571373,2.920357,2.265434,0.000000,1.144881,0.960523,1.00e-04
1028,1.000,1.000,2.315732,1.621204,0.000000,1.130500,0.571839,2.902837,2.242570,0.000000,1.148975,0.948006,1.00e-04
1029,1.000,1.000,2.308785,1.612141,0.000000,1.134698,0.556570,2.912911,2.251245,0.000000,1.149515,0.961514,1.00e-04
1030,1.000,1.000,2.308912,1.611729,0.000000,1.135453,0.555831,2.911670,2.247230,0.000000,1.150313,0.968179,1.00e-04
1031,1.000,1.000,2.306522,1.608315,0.000000,1.136936,0.551604,2.911271,2.250338,0.000000,1.148049,0.962805,1.00e-04
1032,1.000,1.000,2.301647,1.609702,0.000000,1.130289,0.548271,2.903136,2.234898,0.000000,1.147310,0.986844,1.00e-04
1033,1.000,1.000,2.296149,1.605637,0.000000,1.132395,0.528616,2.889281,2.222212,0.000000,1.148499,0.963560,1.00e-04
1034,1.000,1.000,2.284158,1.589981,0.000000,1.132307,0.531632,2.912552,2.251028,0.000000,1.148194,0.965868,1.00e-04
1035,1.000,1.000,2.282825,1.589158,0.000000,1.131572,0.531204,2.903151,2.239833,0.000000,1.147341,0.967058,1.00e-04
1036,1.000,1.000,2.279298,1.588424,0.000000,1.130084,0.522458,2.888967,2.222780,0.000000,1.142171,0.985032,1.00e-04
1037,1.000,1.000,2.273895,1.588648,0.000000,1.127226,0.505980,2.878634,2.210081,0.000000,1.143876,0.977343,1.00e-04
1038,1.000,1.000,2.277724,1.591565,0.000000,1.128525,0.508261,2.859036,2.179317,0.000000,1.144371,1.000428,1.00e-04
1039,1.000,1.000,2.275287,1.589722,0.000000,1.130045,0.497364,2.881021,2.206151,0.000000,1.148846,0.985113,1.00e-04
1040,1.000,1.000,2.269423,1.582089,0.000000,1.132246,0.489777,2.871079,2.194882,0.000000,1.143932,1.000140,1.00e-04
1041,1.000,1.000,2.258661,1.572334,0.000000,1.128448,0.490178,2.879230,2.207252,0.000000,1.146160,0.982500,1.00e-04
1042,1.000,1.000,2.256434,1.571292,0.000000,1.127941,0.485237,2.877989,2.207066,0.000000,1.141762,0.994636,1.00e-04
1043,1.000,1.000,2.253936,1.573684,0.000000,1.124881,0.475419,2.866809,2.188157,0.000000,1.141916,1.013755,1.00e-04
1044,1.000,1.000,2.242881,1.558912,0.000000,1.127159,0.470120,2.834682,2.148019,0.000000,1.142318,1.012064,1.00e-04
1045,1.000,1.000,2.243140,1.558768,0.000000,1.127251,0.471623,2.845060,2.160722,0.000000,1.143734,1.007473,1.00e-04
1046,1.000,1.000,2.245050,1.563730,0.000000,1.126636,0.463784,2.853064,2.169468,0.000000,1.140282,1.026325,1.00e-04
1047,1.000,1.000,2.237824,1.557671,0.000000,1.126155,0.453816,2.834348,2.144516,0.000000,1.140671,1.030990,1.00e-04
1048,1.000,1.000,2.236181,1.555955,0.000000,1.124508,0.459053,2.842016,2.155846,0.000000,1.139904,1.027084,1.00e-04
1049,1.000,1.000,2.235542,1.556327,0.000000,1.125040,0.452240,2.841658,2.151903,0.000000,1.140958,1.036849,1.00e-04
1050,1.000,1.000,2.229247,1.548374,0.000000,1.126034,0.448603,2.839127,2.148244,0.000000,1.142824,1.031365,1.00e-04
1051,1.000,1.000,2.233465,1.555215,0.000000,1.125529,0.444347,2.829145,2.135470,0.000000,1.142374,1.034350,1.00e-04
1052,1.000,1.000,2.227442,1.552121,0.000000,1.123944,0.432953,2.834484,2.142980,0.000000,1.139338,1.043144,1.00e-04
1053,1.000,1.000,2.216501,1.541254,0.000000,1.122261,0.428444,2.841211,2.151787,0.000000,1.137334,1.049573,1.00e-04
1054,1.000,1.000,2.222084,1.547534,0.000000,1.121445,0.434502,2.807219,2.105863,0.000000,1.139115,1.056181,1.00e-04
1055,1.000,1.000,2.208400,1.530757,0.000000,1.123346,0.425589,2.828034,2.131930,0.000000,1.141691,1.045687,1.00e-04
1056,1.000,1.000,2.205482,1.529204,0.000000,1.122775,0.419496,2.800330,2.096938,0.000000,1.138046,1.061712,1.00e-04
1057,1.000,1.000,2.211080,1.536257,0.000000,1.121620,0.423888,2.817031,2.119329,0.000000,1.140160,1.047200,1.00e-04
1058,1.000,1.000,2.211517,1.539126,0.000000,1.122206,0.412256,2.816722,2.114854,0.000000,1.139493,1.066221,1.00e-04
1059,1.000,1.000,2.211354,1.538717,0.000000,1.122446,0.412120,2.802683,2.097411,0.000000,1.138677,1.069064,1.00e-04
1060,1.000,1.000,2.196669,1.523370,0.000000,1.121302,0.404657,2.811647,2.112270,0.000000,1.138524,1.055057,1.00e-04
1061,1.000,1.000,2.197931,1.527501,0.000000,1.120111,0.399206,2.796379,2.088172,0.000000,1.135407,1.087580,1.00e-04
1062,1.000,1.000,2.193012,1.521997,0.000000,1.119410,0.399432,2.788787,2.079633,0.000000,1.137137,1.076856,1.00e-04
1063,1.000,1.000,2.189508,1.517252,0.000000,1.119515,0.400469,2.785427,2.076547,0.000000,1.138443,1.067176,1.00e-04
1064,1.000,1.000,2.181941,1.507651,0.000000,1.120547,0.396913,2.782884,2.068299,0.000000,1.135880,1.097702,1.00e-04
1065,1.000,1.000,2.178183,1.504742,0.000000,1.118235,0.399009,2.780405,2.072723,0.000000,1.133410,1.077498,1.00e-04
1066,1.000,1.000,2.180311,1.512295,0.000000,1.115242,0.391407,2.791392,2.087049,0.000000,1.134234,1.071826,1.00e-04
1067,1.000,1.000,2.171893,1.499807,0.000000,1.117441,0.390471,2.779318,2.068149,0.000000,1.135952,1.080186,1.00e-04
1068,1.000,1.000,2.171833,1.499201,0.000000,1.118915,0.386700,2.813302,2.110244,0.000000,1.136746,1.078546,1.00e-04
1069,1.000,1.000,2.172003,1.499785,0.000000,1.119300,0.383672,2.784463,2.075424,0.000000,1.136712,1.073769,1.00e-04
1070,1.000,1.000,2.159770,1.486539,0.000000,1.118134,0.380157,2.768046,2.053017,0.000000,1.132623,1.097675,1.00e-04
1071,1.000,1.000,2.166630,1.498756,0.000000,1.115421,0.376443,2.790421,2.083408,0.000000,1.132286,1.089330,1.00e-04
1072,1.000,1.000,2.155984,1.486637,0.000000,1.114707,0.374544,2.733604,2.010743,0.000000,1.132002,1.097039,1.00e-04
1073,1.000,1.000,2.147525,1.472741,0.000000,1.116031,0.382539,2.761502,2.041631,0.000000,1.130810,1.117747,1.00e-04
1074,1.000,1.000,2.145807,1.473779,0.000000,1.113924,0.378221,2.753198,2.029973,0.000000,1.130325,1.124802,1.00e-04
1075,1.000,1.000,2.149970,1.483320,0.000000,1.111846,0.369186,2.748538,2.029025,0.000000,1.133197,1.093802,1.00e-04
1076,1.000,1.000,2.140356,1.471574,0.000000,1.113535,0.361348,2.761079,2.040637,0.000000,1.130364,1.121392,1.00e-04
1077,1.000,1.000,2.139618,1.470633,0.000000,1.113159,0.362920,2.742824,2.019325,0.000000,1.130424,1.115125,1.00e-04
1078,1.000,1.000,2.132082,1.461200,0.000000,1.114387,0.358059,2.749745,2.025889,0.000000,1.133325,1.111868,1.00e-04
1079,1.000,1.000,2.131548,1.462897,0.000000,1.113170,0.353473,2.747962,2.026843,0.000000,1.129860,1.112994,1.00e-04
1080,1.000,1.000,2.138567,1.474237,0.000000,1.111716,0.349026,2.730011,2.003764,0.000000,1.129155,1.118379,1.00e-04
1081,1.000,1.000,2.119587,1.451881,0.000000,1.109752,0.351404,2.737868,2.015769,0.000000,1.129203,1.109450,1.00e-04
1082,1.000,1.000,2.119544,1.452996,0.000000,1.108925,0.350035,2.737353,2.013779,0.000000,1.129303,1.114436,1.00e-04
1083,1.000,1.000,2.125094,1.460503,0.000000,1.109972,0.343570,2.722282,1.987469,0.000000,1.126734,1.154599,1.00e-04
1084,1.000,1.000,2.114122,1.446291,0.000000,1.110747,0.342456,2.731306,1.995504,0.000000,1.126456,1.168694,1.00e-04
1085,1.000,1.000,2.118891,1.452464,0.000000,1.110425,0.342900,2.733904,2.004006,0.000000,1.130784,1.130359,1.00e-04
1086,1.000,1.000,2.113367,1.448070,0.000000,1.109813,0.335305,2.734154,2.004104,0.000000,1.127173,1.145663,1.00e-04
1087,1.000,1.000,2.103547,1.435091,0.000000,1.110615,0.334911,2.704986,1.963477,0.000000,1.127622,1.160534,1.00e-04
1088,1.000,1.000,2.102823,1.433424,0.000000,1.110593,0.338045,2.704745,1.966122,0.000000,1.128149,1.146640,1.00e-04
1089,1.000,1.000,2.100570,1.435053,0.000000,1.107062,0.334389,2.721868,1.988808,0.000000,1.128781,1.138986,1.00e-04
1090,1.000,1.000,2.100144,1.429587,0.000000,1.109505,0.344351,2.722660,1.982372,0.000000,1.125372,1.182323,1.00e-04
1091,1.000,1.000,2.098687,1.431175,0.000000,1.108375,0.335237,2.710425,1.973271,0.000000,1.125263,1.157990,1.00e-04
1092,1.000,1.000,2.093680,1.428243,0.000000,1.107223,0.326534,2.682490,1.938085,0.000000,1.126570,1.153829,1.00e-04
1093,1.000,1.000,2.088345,1.423667,0.000000,1.106921,0.319368,2.687764,1.944925,0.000000,1.126292,1.153953,1.00e-04
1094,1.000,1.000,2.086246,1.421555,0.000000,1.106881,0.317487,2.700410,1.964837,0.000000,1.123250,1.149704,1.00e-04
1095,1.000,1.000,2.083863,1.422808,0.000000,1.103447,0.314299,2.697516,1.958201,0.000000,1.122880,1.163257,1.00e-04
1096,1.000,1.000,2.079090,1.415030,0.000000,1.104237,0.318383,2.680908,1.936321,0.000000,1.126101,1.154856,1.00e-04
1097,1.000,1.000,2.077426,1.412204,0.000000,1.106160,0.313674,2.695334,1.954085,0.000000,1.125572,1.158041,1.00e-04
1098,1.000,1.000,2.072635,1.407298,0.000000,1.104535,0.315843,2.674687,1.927145,0.000000,1.123418,1.171185,1.00e-04
1099,1.000,1.000,2.071820,1.409264,0.000000,1.103103,0.309629,2.666205,1.917567,0.000000,1.122090,1.172397,1.00e-04
1100,1.000,1.000,2.063747,1.398827,0.000000,1.103401,0.309824,2.676887,1.931931,0.000000,1.122305,1.167489,1.00e-04
1101,1.000,1.000,2.065547,1.402300,0.000000,1.103390,0.304971,2.661281,1.910336,0.000000,1.122595,1.174676,1.00e-04
1102,1.000,1.000,2.062251,1.398167,0.000000,1.103729,0.303673,2.659174,1.906611,0.000000,1.122557,1.179199,1.00e-04
1103,1.000,1.000,2.054896,1.389636,0.000000,1.103678,0.301222,2.662247,1.908716,0.000000,1.121499,1.190372,1.00e-04
1104,1.000,1.000,2.059195,1.397453,0.000000,1.101266,0.301102,2.670710,1.922113,0.000000,1.120835,1.181758,1.00e-04
1105,1.000,1.000,2.053367,1.391602,0.000000,1.100566,0.298163,2.670545,1.920620,0.000000,1.119148,1.193655,1.00e-04
1106,1.000,1.000,2.050650,1.389061,0.000000,1.100351,0.295606,2.641088,1.885076,0.000000,1.120971,1.181253,1.00e-04
1107,1.000,1.000,2.045235,1.380588,0.000000,1.101990,0.295864,2.649704,1.892780,0.000000,1.120822,1.194111,1.00e-04
1108,1.000,1.000,2.042636,1.377307,0.000000,1.102077,0.295640,2.650732,1.892785,0.000000,1.120725,1.199617,1.00e-04
1109,1.000,1.000,2.039674,1.376636,0.000000,1.101152,0.287221,2.651370,1.894632,0.000000,1.121176,1.193619,1.00e-04
1110,1.000,1.000,2.044659,1.385105,0.000000,1.099353,0.285458,2.630725,1.868183,0.000000,1.118645,1.206312,1.00e-04
1111,1.000,1.000,2.038055,1.373807,0.000000,1.099568,0.296777,2.629383,1.862507,0.000000,1.115837,1.233538,1.00e-04
