epoch,kl_g0_weight,kl_u_weight,train_loss_total,train_loss_recon,train_loss_kl_g0,train_loss_kl_u,train_loss_cls,val_loss_total,val_loss_recon,val_loss_kl_g0,val_loss_kl_u,val_loss_cls,lr
1,1.000,1.000,955.993309,1194.427406,0.000000,0.205429,1.435153,106.824730,132.957644,0.000000,0.219022,1.416977,1.00e-04
2,1.000,1.000,202.796217,252.909313,0.000000,0.228194,1.431033,65.376650,81.124628,0.000000,0.243770,1.409655,1.00e-04
3,1.000,1.000,112.662259,140.215083,0.000000,0.256496,1.424960,58.364683,72.327687,0.000000,0.276962,1.404820,1.00e-04
4,1.000,1.000,77.055440,95.674747,0.000000,0.291985,1.410267,53.415557,66.105083,0.000000,0.314273,1.400359,1.00e-04
5,1.000,1.000,67.986388,84.298035,0.000000,0.331368,1.414320,49.080268,60.644607,0.000000,0.356464,1.397046,1.00e-04
6,1.000,1.000,59.580179,73.744581,0.000000,0.377858,1.411140,47.665345,58.823965,0.000000,0.408363,1.397417,1.00e-04
7,1.000,1.000,55.455532,68.534478,0.000000,0.432617,1.409278,47.581993,58.659756,0.000000,0.468550,1.396743,1.00e-04
8,1.000,1.000,51.760288,63.852859,0.000000,0.495453,1.408183,46.147282,56.803436,0.000000,0.531324,1.397364,1.00e-04
9,1.000,1.000,48.969619,60.296756,0.000000,0.563645,1.406492,45.257994,55.615468,0.000000,0.608518,1.394023,1.00e-04
10,1.000,1.000,47.330607,58.170533,0.000000,0.641688,1.404144,44.619184,54.739827,0.000000,0.685434,1.394875,1.00e-04
11,1.000,1.000,45.549915,55.866067,0.000000,0.721499,1.399308,43.881661,53.737681,0.000000,0.766286,1.392436,1.00e-04
12,1.000,1.000,44.527952,54.506746,0.000000,0.801916,1.405106,43.255012,52.872189,0.000000,0.848716,1.391433,1.00e-04
13,1.000,1.000,43.548332,53.199481,0.000000,0.886094,1.399358,43.374890,52.936360,0.000000,0.934264,1.391952,1.00e-04
14,1.000,1.000,42.499914,51.803148,0.000000,0.971190,1.402214,42.839473,52.181844,0.000000,1.019568,1.391721,1.00e-04
15,1.000,1.000,41.673834,50.689367,0.000000,1.053296,1.398518,42.065954,51.140784,0.000000,1.093833,1.391293,1.00e-04
16,1.000,1.000,40.814672,49.542847,0.000000,1.126386,1.396429,41.828691,50.770209,0.000000,1.168022,1.390527,1.00e-04
17,1.000,1.000,39.952750,48.396565,0.000000,1.194874,1.397989,41.870024,50.762931,0.000000,1.227216,1.389527,1.00e-04
18,1.000,1.000,39.172489,47.366141,0.000000,1.251081,1.393554,40.935278,49.539395,0.000000,1.282518,1.388731,1.00e-04
19,1.000,1.000,38.509798,46.485140,0.000000,1.303705,1.393607,40.856879,49.399353,0.000000,1.324936,1.387239,1.00e-04
20,1.000,1.000,37.597282,45.303868,0.000000,1.343928,1.395220,39.785871,48.020868,0.000000,1.364614,1.387418,1.00e-04
21,1.000,1.000,36.643840,44.075727,0.000000,1.381129,1.391769,38.762246,46.702946,0.000000,1.403434,1.385704,1.00e-04
22,1.000,1.000,36.025610,43.265487,0.000000,1.417508,1.396066,38.267300,46.054930,0.000000,1.432839,1.385424,1.00e-04
23,1.000,1.000,35.292940,42.321639,0.000000,1.446773,1.391050,37.812032,45.456910,0.000000,1.461789,1.385359,1.00e-04
24,1.000,1.000,34.538333,41.349487,0.000000,1.475987,1.389766,37.079556,44.516615,0.000000,1.486566,1.385053,1.00e-04
25,1.000,1.000,33.760153,40.351661,0.000000,1.500605,1.391694,36.684226,43.995819,0.000000,1.513226,1.384936,1.00e-04
26,1.000,1.000,33.279840,39.728871,0.000000,1.523057,1.391492,36.164929,43.327615,0.000000,1.532440,1.384423,1.00e-04
27,1.000,1.000,32.466047,38.691864,0.000000,1.542499,1.392778,35.851396,42.916451,0.000000,1.551693,1.384397,1.00e-04
28,1.000,1.000,32.023025,38.122261,0.000000,1.558749,1.391080,35.321578,42.239895,0.000000,1.566084,1.383975,1.00e-04
29,1.000,1.000,31.472010,37.418308,0.000000,1.573783,1.391679,34.964645,41.780566,0.000000,1.579316,1.383693,1.00e-04
30,1.000,1.000,30.928501,36.727426,0.000000,1.586149,1.388204,33.987029,40.545959,0.000000,1.591911,1.383662,1.00e-04
31,1.000,1.000,30.566753,36.261702,0.000000,1.598580,1.392641,34.749932,41.488716,0.000000,1.602958,1.382962,1.00e-04
32,1.000,1.000,30.177325,35.764077,0.000000,1.610224,1.389422,33.544531,39.969851,0.000000,1.615121,1.382762,1.00e-04
33,1.000,1.000,29.771822,35.247771,0.000000,1.620303,1.386810,33.556058,39.974549,0.000000,1.624681,1.383363,1.00e-04
34,1.000,1.000,29.394653,34.766085,0.000000,1.630107,1.388489,33.186926,39.505410,0.000000,1.632420,1.383314,1.00e-04
35,1.000,1.000,29.044916,34.320020,0.000000,1.638512,1.390451,33.129481,39.425424,0.000000,1.640802,1.382498,1.00e-04
36,1.000,1.000,28.588282,33.741222,0.000000,1.647138,1.387968,32.124834,38.159685,0.000000,1.650634,1.382889,1.00e-04
37,1.000,1.000,28.400164,33.497112,0.000000,1.655216,1.391503,31.728413,37.658017,0.000000,1.656831,1.382668,1.00e-04
38,1.000,1.000,28.063760,33.072117,0.000000,1.660600,1.387932,31.552599,37.433500,0.000000,1.661551,1.382786,1.00e-04
39,1.000,1.000,27.507163,32.372045,0.000000,1.665451,1.385835,31.217518,37.009685,0.000000,1.666520,1.382764,1.00e-04
40,1.000,1.000,27.216919,32.001968,0.000000,1.671782,1.389598,31.067841,36.816003,0.000000,1.673021,1.383109,1.00e-04
41,1.000,1.000,26.976994,31.698150,0.000000,1.676452,1.386562,30.661716,36.303931,0.000000,1.677481,1.382924,1.00e-04
42,1.000,1.000,26.710753,31.360613,0.000000,1.681632,1.384781,30.165918,35.680073,0.000000,1.681645,1.382721,1.00e-04
43,1.000,1.000,26.489791,31.081307,0.000000,1.684597,1.385334,30.241837,35.770624,0.000000,1.686121,1.382203,1.00e-04
44,1.000,1.000,26.161340,30.665503,0.000000,1.689180,1.387962,29.617612,34.986858,0.000000,1.689511,1.382586,1.00e-04
45,1.000,1.000,25.853615,30.276943,0.000000,1.692934,1.388566,29.943626,35.391501,0.000000,1.692308,1.382895,1.00e-04
46,1.000,1.000,25.596538,29.953408,0.000000,1.695809,1.385821,29.261370,34.535774,0.000000,1.695501,1.381751,1.00e-04
47,1.000,1.000,25.284452,29.560841,0.000000,1.698073,1.386604,29.197285,34.453469,0.000000,1.697705,1.381729,1.00e-04
48,1.000,1.000,25.084718,29.307965,0.000000,1.701064,1.387471,28.984683,34.185517,0.000000,1.700084,1.381001,1.00e-04
49,1.000,1.000,24.984292,29.180468,0.000000,1.703248,1.386593,28.606402,33.709502,0.000000,1.703265,1.380944,1.00e-04
50,1.000,1.000,24.827683,28.981950,0.000000,1.706423,1.384920,28.793817,33.940700,0.000000,1.706150,1.381689,1.00e-04
51,1.000,1.000,24.338397,28.367558,0.000000,1.709417,1.384085,27.595003,32.439321,0.000000,1.708816,1.382466,1.00e-04
52,1.000,1.000,24.229941,28.229565,0.000000,1.711905,1.383822,27.432952,32.234595,0.000000,1.711015,1.382318,1.00e-04
53,1.000,1.000,23.959773,27.888783,0.000000,1.715043,1.383561,27.803828,32.694077,0.000000,1.715064,1.382577,1.00e-04
54,1.000,1.000,23.753125,27.627309,0.000000,1.717944,1.384611,27.496035,32.306631,0.000000,1.717700,1.382848,1.00e-04
55,1.000,1.000,23.679027,27.532000,0.000000,1.720736,1.384191,27.141076,31.861439,0.000000,1.719312,1.382374,1.00e-04
56,1.000,1.000,23.535340,27.350842,0.000000,1.721970,1.385450,27.117745,31.831472,0.000000,1.720049,1.382643,1.00e-04
57,1.000,1.000,23.228441,26.966770,0.000000,1.722670,1.384441,27.107147,31.816278,0.000000,1.721850,1.383218,1.00e-04
58,1.000,1.000,22.933030,26.595066,0.000000,1.724877,1.385375,26.580683,31.156103,0.000000,1.723896,1.383419,1.00e-04
59,1.000,1.000,22.770344,26.390484,0.000000,1.726476,1.383876,27.090622,31.791519,0.000000,1.725859,1.383597,1.00e-04
60,1.000,1.000,22.900869,26.551925,0.000000,1.727831,1.385323,27.138675,31.851483,0.000000,1.725926,1.383731,1.00e-04
61,1.000,1.000,22.701623,26.301951,0.000000,1.729398,1.382715,26.453035,30.991592,0.000000,1.728622,1.384316,1.00e-04
62,1.000,1.000,22.318477,25.820761,0.000000,1.731187,1.384590,26.088768,30.534704,0.000000,1.730187,1.384271,1.00e-04
63,1.000,1.000,22.077841,25.517990,0.000000,1.733413,1.383594,25.946987,30.354303,0.000000,1.733486,1.383779,1.00e-04
64,1.000,1.000,21.888766,25.279756,0.000000,1.735666,1.382142,26.036998,30.466176,0.000000,1.734166,1.383626,1.00e-04
65,1.000,1.000,21.852119,25.232965,0.000000,1.736160,1.384092,25.516943,29.816233,0.000000,1.734106,1.383365,1.00e-04
66,1.000,1.000,21.531295,24.832312,0.000000,1.735760,1.384190,25.441572,29.722102,0.000000,1.733953,1.383635,1.00e-04
67,1.000,1.000,21.495908,24.787482,0.000000,1.736247,1.384621,25.234959,29.462947,0.000000,1.734910,1.383363,1.00e-04
68,1.000,1.000,21.149554,24.355364,0.000000,1.736148,1.381719,25.312238,29.560330,0.000000,1.733964,1.384011,1.00e-04
69,1.000,1.000,21.026638,24.201297,0.000000,1.735962,1.384150,24.622066,28.697989,0.000000,1.733520,1.384293,1.00e-04
70,1.000,1.000,20.752581,23.859359,0.000000,1.734925,1.385772,24.301333,28.299351,0.000000,1.731264,1.384198,1.00e-04
71,1.000,1.000,20.808762,23.932228,0.000000,1.732864,1.383443,24.054092,27.992245,0.000000,1.729216,1.384619,1.00e-04
72,1.000,1.000,20.592679,23.663364,0.000000,1.732019,1.381864,24.134785,28.091211,0.000000,1.731065,1.384820,1.00e-04
73,1.000,1.000,20.429477,23.456580,0.000000,1.733900,1.385462,24.101923,28.049161,0.000000,1.732066,1.384705,1.00e-04
74,1.000,1.000,20.439402,23.469494,0.000000,1.734001,1.383033,24.178295,28.144161,0.000000,1.732582,1.384500,1.00e-04
75,1.000,1.000,20.190759,23.159306,0.000000,1.733856,1.381148,23.792347,27.662900,0.000000,1.731345,1.384756,1.00e-04
76,1.000,1.000,20.089591,23.031664,0.000000,1.734147,1.384705,23.477048,27.267153,0.000000,1.733049,1.384429,1.00e-04
77,1.000,1.000,19.823109,22.698165,0.000000,1.734552,1.384674,23.331820,27.086612,0.000000,1.732123,1.384150,1.00e-04
78,1.000,1.000,19.732013,22.585740,0.000000,1.733329,1.383786,23.501673,27.300162,0.000000,1.730889,1.384159,1.00e-04
79,1.000,1.000,19.591549,22.410163,0.000000,1.733756,1.382072,23.330604,27.084593,0.000000,1.732701,1.383841,1.00e-04
80,1.000,1.000,19.473614,22.261359,0.000000,1.734796,1.383451,23.059066,26.744527,0.000000,1.733425,1.383518,1.00e-04
81,1.000,1.000,19.354984,22.112736,0.000000,1.735328,1.382662,23.233853,26.963317,0.000000,1.733128,1.383479,1.00e-04
82,1.000,1.000,19.230847,21.958658,0.000000,1.734639,1.381047,22.758983,26.371016,0.000000,1.731719,1.383974,1.00e-04
83,1.000,1.000,19.067901,21.756596,0.000000,1.733344,1.379743,22.497440,26.045018,0.000000,1.730789,1.383972,1.00e-04
84,1.000,1.000,19.008947,21.680706,0.000000,1.734496,1.383922,22.390587,25.906991,0.000000,1.735227,1.384064,1.00e-04
85,1.000,1.000,18.750952,21.355045,0.000000,1.737731,1.383652,22.308282,25.803849,0.000000,1.735622,1.383521,1.00e-04
86,1.000,1.000,18.693321,21.283503,0.000000,1.737249,1.383596,22.098281,25.541322,0.000000,1.735647,1.383525,1.00e-04
87,1.000,1.000,18.594909,21.160445,0.000000,1.737416,1.383096,22.094938,25.537121,0.000000,1.735608,1.383770,1.00e-04
88,1.000,1.000,18.457667,20.988540,0.000000,1.737560,1.383931,21.722620,25.072463,0.000000,1.734827,1.383937,1.00e-04
89,1.000,1.000,18.355983,20.861983,0.000000,1.737782,1.380852,21.979936,25.393086,0.000000,1.735787,1.384184,1.00e-04
90,1.000,1.000,18.191781,20.654610,0.000000,1.739494,1.382488,21.784967,25.146632,0.000000,1.738461,1.384465,1.00e-04
91,1.000,1.000,18.067596,20.498637,0.000000,1.740180,1.382711,21.896935,25.286324,0.000000,1.738681,1.384651,1.00e-04
92,1.000,1.000,17.875430,20.258792,0.000000,1.739999,1.381987,21.273055,24.507670,0.000000,1.737607,1.384165,1.00e-04
93,1.000,1.000,17.828063,20.200206,0.000000,1.739517,1.381419,21.191323,24.405745,0.000000,1.737275,1.384533,1.00e-04
94,1.000,1.000,17.732425,20.081973,0.000000,1.738081,1.381906,21.446073,24.725566,0.000000,1.735974,1.384201,1.00e-04
95,1.000,1.000,17.638243,19.966083,0.000000,1.736496,1.380897,21.447243,24.728987,0.000000,1.734071,1.383980,1.00e-04
96,1.000,1.000,17.492724,19.784136,0.000000,1.735843,1.383704,21.209293,24.431218,0.000000,1.734302,1.384383,1.00e-04
97,1.000,1.000,17.373957,19.635514,0.000000,1.737094,1.379352,21.244433,24.472847,0.000000,1.736594,1.384400,1.00e-04
98,1.000,1.000,17.359049,19.614076,0.000000,1.739303,1.381731,20.943696,24.095964,0.000000,1.737491,1.384652,1.00e-04
99,1.000,1.000,17.254639,19.483969,0.000000,1.738380,1.383800,20.783931,23.899434,0.000000,1.734294,1.384743,1.00e-04
100,1.000,1.000,17.107607,19.304141,0.000000,1.734811,1.382223,20.726620,23.828752,0.000000,1.733280,1.384972,1.00e-04
101,1.000,1.000,16.983463,19.149562,0.000000,1.734196,1.382281,20.368109,23.383449,0.000000,1.730378,1.385239,1.00e-04
102,1.000,1.000,16.977577,19.144299,0.000000,1.732255,1.381668,20.583754,23.651628,0.000000,1.731774,1.385160,1.00e-04
103,1.000,1.000,16.762693,18.872010,0.000000,1.735901,1.381817,20.005566,22.924020,0.000000,1.736547,1.385555,1.00e-04
104,1.000,1.000,16.676284,18.761439,0.000000,1.738329,1.382345,19.971833,22.881444,0.000000,1.736967,1.385516,1.00e-04
105,1.000,1.000,16.476402,18.511743,0.000000,1.738079,1.382722,20.033962,22.961248,0.000000,1.734839,1.385462,1.00e-04
106,1.000,1.000,16.423627,18.446720,0.000000,1.736751,1.384251,19.816864,22.687977,0.000000,1.736798,1.385217,1.00e-04
107,1.000,1.000,16.298253,18.288997,0.000000,1.738206,1.382450,19.612268,22.432240,0.000000,1.736768,1.385303,1.00e-04
108,1.000,1.000,16.278299,18.263723,0.000000,1.738213,1.383746,19.659528,22.491368,0.000000,1.736764,1.385115,1.00e-04
109,1.000,1.000,16.141249,18.092836,0.000000,1.738591,1.380534,19.480164,22.267674,0.000000,1.736214,1.385267,1.00e-04
110,1.000,1.000,16.010535,17.932189,0.000000,1.736276,1.378813,19.525424,22.328180,0.000000,1.732362,1.384951,1.00e-04
111,1.000,1.000,16.005793,17.930361,0.000000,1.731450,1.381722,19.393320,22.169295,0.000000,1.726034,1.385282,1.00e-04
112,1.000,1.000,15.937483,17.848383,0.000000,1.727953,1.382069,19.156149,21.872173,0.000000,1.726677,1.385344,1.00e-04
113,1.000,1.000,15.810983,17.689482,0.000000,1.729221,1.380101,19.119425,21.823846,0.000000,1.729060,1.385498,1.00e-04
114,1.000,1.000,15.642170,17.475270,0.000000,1.731941,1.382006,18.929414,21.584237,0.000000,1.731199,1.385325,1.00e-04
115,1.000,1.000,15.599003,17.421982,0.000000,1.731705,1.380267,18.847456,21.482326,0.000000,1.730433,1.386246,1.00e-04
116,1.000,1.000,15.474385,17.267039,0.000000,1.730376,1.382266,18.619279,21.200908,0.000000,1.726532,1.386634,1.00e-04
117,1.000,1.000,15.382835,17.153819,0.000000,1.729234,1.381960,18.534039,21.091825,0.000000,1.728952,1.387085,1.00e-04
118,1.000,1.000,15.355715,17.115833,0.000000,1.732698,1.384448,18.555290,21.114621,0.000000,1.732843,1.386591,1.00e-04
119,1.000,1.000,15.320487,17.069823,0.000000,1.735346,1.381755,18.545091,21.098516,0.000000,1.736128,1.386878,1.00e-04
120,1.000,1.000,15.128505,16.826603,0.000000,1.738829,1.380799,18.567326,21.125213,0.000000,1.737025,1.387669,1.00e-04
121,1.000,1.000,15.053719,16.734104,0.000000,1.738308,1.378948,18.497077,21.038396,0.000000,1.736120,1.387321,1.00e-04
122,1.000,1.000,14.961521,16.621219,0.000000,1.735842,1.379360,18.156035,20.616034,0.000000,1.731987,1.388089,1.00e-04
123,1.000,1.000,14.766856,16.381627,0.000000,1.730890,1.384209,18.338552,20.851108,0.000000,1.725182,1.387600,1.00e-04
124,1.000,1.000,14.749693,16.367229,0.000000,1.723949,1.383754,18.203937,20.687585,0.000000,1.720363,1.387885,1.00e-04
125,1.000,1.000,14.736757,16.353987,0.000000,1.721960,1.379994,18.063496,20.511843,0.000000,1.720478,1.388194,1.00e-04
126,1.000,1.000,14.589277,16.169466,0.000000,1.721710,1.381683,17.764805,20.137264,0.000000,1.721596,1.388583,1.00e-04
127,1.000,1.000,14.492499,16.043998,0.000000,1.726207,1.381676,17.645943,19.981949,0.000000,1.728430,1.388199,1.00e-04
128,1.000,1.000,14.394885,15.916750,0.000000,1.731306,1.382200,17.925777,20.329303,0.000000,1.731146,1.387089,1.00e-04
129,1.000,1.000,14.371571,15.887423,0.000000,1.731796,1.380980,17.821903,20.200439,0.000000,1.730079,1.387441,1.00e-04
130,1.000,1.000,14.311711,15.815735,0.000000,1.729980,1.375693,17.599992,19.924439,0.000000,1.728630,1.387676,1.00e-04
131,1.000,1.000,14.288694,15.785328,0.000000,1.730245,1.381180,17.515621,19.818987,0.000000,1.728678,1.387443,1.00e-04
132,1.000,1.000,14.165250,15.632061,0.000000,1.728611,1.383561,17.816522,20.197657,0.000000,1.726200,1.387178,1.00e-04
133,1.000,1.000,14.051709,15.493013,0.000000,1.726623,1.379999,17.395115,19.671226,0.000000,1.725854,1.387254,1.00e-04
134,1.000,1.000,13.984520,15.409094,0.000000,1.727051,1.378019,17.098961,19.301392,0.000000,1.725507,1.387209,1.00e-04
135,1.000,1.000,13.935800,15.349354,0.000000,1.725493,1.379613,17.130352,19.344040,0.000000,1.722038,1.387448,1.00e-04
136,1.000,1.000,13.869362,15.268311,0.000000,1.723550,1.379368,16.992713,19.169838,0.000000,1.724236,1.387268,1.00e-04
137,1.000,1.000,13.735585,15.100500,0.000000,1.724764,1.376868,17.083797,19.284996,0.000000,1.723121,1.386516,1.00e-04
138,1.000,1.000,13.722130,15.082745,0.000000,1.724623,1.381179,16.892161,19.045615,0.000000,1.722914,1.386689,1.00e-04
139,1.000,1.000,13.706784,15.066074,0.000000,1.722985,1.377682,16.832200,18.973060,0.000000,1.720519,1.386680,1.00e-04
140,1.000,1.000,13.607363,14.941084,0.000000,1.722977,1.380574,16.739945,18.852799,0.000000,1.725582,1.386197,1.00e-04
141,1.000,1.000,13.429791,14.712996,0.000000,1.729230,1.380050,16.624587,18.704024,0.000000,1.730145,1.386259,1.00e-04
142,1.000,1.000,13.410984,14.688354,0.000000,1.730349,1.380109,16.584188,18.655441,0.000000,1.728056,1.386955,1.00e-04
143,1.000,1.000,13.461391,14.754265,0.000000,1.728009,1.377859,16.442527,18.478820,0.000000,1.727711,1.386508,1.00e-04
144,1.000,1.000,13.273296,14.516129,0.000000,1.730543,1.379792,16.504238,18.551206,0.000000,1.732397,1.386776,1.00e-04
145,1.000,1.000,13.184788,14.401946,0.000000,1.733685,1.381417,16.150467,18.111257,0.000000,1.730083,1.386973,1.00e-04
146,1.000,1.000,13.194660,14.419844,0.000000,1.728491,1.379957,16.203605,18.183582,0.000000,1.724304,1.386481,1.00e-04
147,1.000,1.000,13.091856,14.297249,0.000000,1.723235,1.377339,16.025404,17.964223,0.000000,1.720897,1.386540,1.00e-04
148,1.000,1.000,13.020725,14.208995,0.000000,1.721979,1.379722,16.040844,17.980918,0.000000,1.723469,1.386671,1.00e-04
149,1.000,1.000,12.995224,14.173944,0.000000,1.725368,1.378874,15.920569,17.827784,0.000000,1.726378,1.386198,1.00e-04
150,1.000,1.000,12.842663,13.982330,0.000000,1.726048,1.379800,15.742474,17.605372,0.000000,1.726080,1.386563,1.00e-04
151,1.000,1.000,12.903564,14.055636,0.000000,1.729616,1.376812,15.838220,17.721450,0.000000,1.729679,1.386585,1.00e-04
152,1.000,1.000,12.796137,13.921433,0.000000,1.729017,1.378887,16.040481,17.976717,0.000000,1.727237,1.386588,1.00e-04
153,1.000,1.000,12.717509,13.826820,0.000000,1.725158,1.379631,15.811890,17.694721,0.000000,1.723419,1.386889,1.00e-04
154,1.000,1.000,12.677310,13.778803,0.000000,1.723922,1.375648,15.544330,17.359505,0.000000,1.724270,1.386547,1.00e-04
155,1.000,1.000,12.597659,13.676073,0.000000,1.726533,1.377872,15.459828,17.249150,0.000000,1.729067,1.386271,1.00e-04
156,1.000,1.000,12.521068,13.574579,0.000000,1.731807,1.379794,15.575565,17.390328,0.000000,1.732533,1.386375,1.00e-04
157,1.000,1.000,12.528894,13.585535,0.000000,1.730654,1.379711,15.485510,17.283464,0.000000,1.726802,1.386484,1.00e-04
158,1.000,1.000,12.407651,13.439996,0.000000,1.724725,1.379370,15.545720,17.363608,0.000000,1.722050,1.385969,1.00e-04
159,1.000,1.000,12.397434,13.430040,0.000000,1.722342,1.377642,15.262726,17.011215,0.000000,1.720662,1.386119,1.00e-04
160,1.000,1.000,12.258302,13.259048,0.000000,1.719471,1.377430,15.188550,16.920502,0.000000,1.718658,1.386111,1.00e-04
161,1.000,1.000,12.206232,13.194480,0.000000,1.718865,1.377777,15.155746,16.879782,0.000000,1.718242,1.386635,1.00e-04
162,1.000,1.000,12.204013,13.192294,0.000000,1.718255,1.377873,15.196921,16.933218,0.000000,1.716268,1.386660,1.00e-04
163,1.000,1.000,12.144961,13.119897,0.000000,1.717163,1.376566,14.933630,16.602524,0.000000,1.717743,1.387082,1.00e-04
164,1.000,1.000,12.108296,13.071345,0.000000,1.718951,1.380294,14.830634,16.472170,0.000000,1.719221,1.387607,1.00e-04
165,1.000,1.000,11.959925,12.884698,0.000000,1.720920,1.377150,14.870531,16.519334,0.000000,1.722071,1.387032,1.00e-04
166,1.000,1.000,11.989203,12.919230,0.000000,1.722705,1.378276,14.886763,16.536478,0.000000,1.725062,1.387656,1.00e-04
167,1.000,1.000,11.937285,12.848914,0.000000,1.726863,1.383314,14.797097,16.420514,0.000000,1.728949,1.387630,1.00e-04
168,1.000,1.000,11.884142,12.780869,0.000000,1.729374,1.379734,14.790766,16.412345,0.000000,1.729074,1.388153,1.00e-04
169,1.000,1.000,11.818776,12.701602,0.000000,1.727182,1.378743,14.719740,16.326465,0.000000,1.726282,1.387711,1.00e-04
170,1.000,1.000,11.820991,12.705552,0.000000,1.726481,1.376824,14.727763,16.337132,0.000000,1.725681,1.387556,1.00e-04
171,1.000,1.000,11.741409,12.607651,0.000000,1.725136,1.375895,14.639574,16.227733,0.000000,1.724994,1.386960,1.00e-04
172,1.000,1.000,11.610302,12.445744,0.000000,1.722476,1.378627,14.344839,15.865520,0.000000,1.718806,1.386887,1.00e-04
173,1.000,1.000,11.613732,12.453966,0.000000,1.719089,1.376439,14.402214,15.935740,0.000000,1.720380,1.386589,1.00e-04
174,1.000,1.000,11.524713,12.342531,0.000000,1.718765,1.378377,14.316554,15.831882,0.000000,1.717128,1.386731,1.00e-04
175,1.000,1.000,11.515081,12.335897,0.000000,1.713751,1.376813,14.325600,15.850776,0.000000,1.709578,1.386583,1.00e-04
176,1.000,1.000,11.407174,12.206993,0.000000,1.707184,1.379165,14.282296,15.801761,0.000000,1.704449,1.386638,1.00e-04
177,1.000,1.000,11.391825,12.188712,0.000000,1.706722,1.377386,14.232873,15.732015,0.000000,1.712380,1.386784,1.00e-04
178,1.000,1.000,11.388947,12.176770,0.000000,1.714512,1.379608,14.086473,15.545236,0.000000,1.716131,1.386895,1.00e-04
179,1.000,1.000,11.371862,12.154378,0.000000,1.716237,1.376848,13.847824,15.246558,0.000000,1.716447,1.387103,1.00e-04
180,1.000,1.000,11.228295,11.975995,0.000000,1.714805,1.378274,13.868650,15.277211,0.000000,1.711721,1.387521,1.00e-04
181,1.000,1.000,11.258186,12.016964,0.000000,1.710870,1.379592,14.140194,15.615598,0.000000,1.713008,1.386542,1.00e-04
182,1.000,1.000,11.211321,11.955784,0.000000,1.713899,1.377873,13.740587,15.114275,0.000000,1.714690,1.387072,1.00e-04
183,1.000,1.000,11.137154,11.865464,0.000000,1.711859,1.376479,13.768601,15.152802,0.000000,1.711117,1.387328,1.00e-04
184,1.000,1.000,11.041256,11.745581,0.000000,1.711844,1.376579,13.828278,15.224556,0.000000,1.713947,1.387379,1.00e-04
185,1.000,1.000,11.061930,11.769798,0.000000,1.714189,1.373704,13.705472,15.069541,0.000000,1.715536,1.387052,1.00e-04
186,1.000,1.000,10.977884,11.664499,0.000000,1.713431,1.377700,13.704821,15.072299,0.000000,1.711918,1.387234,1.00e-04
187,1.000,1.000,10.901988,11.574166,0.000000,1.709214,1.376420,13.656019,15.013962,0.000000,1.709099,1.387851,1.00e-04
188,1.000,1.000,10.937233,11.618415,0.000000,1.709333,1.375172,13.819882,15.215988,0.000000,1.711925,1.387756,1.00e-04
189,1.000,1.000,10.938819,11.616447,0.000000,1.712336,1.378961,13.710653,15.076297,0.000000,1.715104,1.387662,1.00e-04
190,1.000,1.000,10.912475,11.581439,0.000000,1.715449,1.374819,13.581042,14.911465,0.000000,1.717996,1.387363,1.00e-04
191,1.000,1.000,10.901048,11.565359,0.000000,1.716850,1.376407,13.404769,14.691466,0.000000,1.717632,1.387450,1.00e-04
192,1.000,1.000,10.809663,11.453020,0.000000,1.715106,1.375810,13.437052,14.736129,0.000000,1.713424,1.387045,1.00e-04
193,1.000,1.000,10.805474,11.452139,0.000000,1.710364,1.377357,13.481611,14.795763,0.000000,1.709465,1.387144,1.00e-04
194,1.000,1.000,10.760105,11.398932,0.000000,1.706902,1.377191,13.419283,14.719198,0.000000,1.708159,1.386988,1.00e-04
195,1.000,1.000,10.632270,11.240026,0.000000,1.705733,1.378308,13.186786,14.432046,0.000000,1.704558,1.387515,1.00e-04
196,1.000,1.000,10.637684,11.247983,0.000000,1.703836,1.381145,13.329730,14.610770,0.000000,1.704627,1.387058,1.00e-04
197,1.000,1.000,10.603231,11.207056,0.000000,1.702846,1.376544,13.224524,14.478690,0.000000,1.705345,1.386475,1.00e-04
198,1.000,1.000,10.583030,11.177589,0.000000,1.706806,1.377566,13.166843,14.400770,0.000000,1.711107,1.386708,1.00e-04
199,1.000,1.000,10.477730,11.041234,0.000000,1.711279,1.378599,13.227583,14.477001,0.000000,1.710912,1.386260,1.00e-04
200,1.000,1.000,10.475127,11.043094,0.000000,1.706634,1.376721,12.932333,14.116479,0.000000,1.702184,1.387010,1.00e-04
201,1.000,1.000,10.435447,11.000953,0.000000,1.699809,1.374188,13.211800,14.467940,0.000000,1.700183,1.386505,1.00e-04
202,1.000,1.000,10.425891,10.989188,0.000000,1.699093,1.376330,13.259036,14.525652,0.000000,1.701573,1.386280,1.00e-04
203,1.000,1.000,10.373311,10.921031,0.000000,1.701538,1.376278,12.918684,14.098247,0.000000,1.703482,1.386506,1.00e-04
204,1.000,1.000,10.343967,10.883810,0.000000,1.702586,1.374245,12.907769,14.084086,0.000000,1.703915,1.386837,1.00e-04
205,1.000,1.000,10.263931,10.784793,0.000000,1.700701,1.377679,12.939815,14.127800,0.000000,1.700287,1.386728,1.00e-04
206,1.000,1.000,10.219014,10.732403,0.000000,1.697430,1.375739,12.797306,13.954810,0.000000,1.695138,1.386738,1.00e-04
207,1.000,1.000,10.195131,10.707276,0.000000,1.692615,1.376091,12.732596,13.878605,0.000000,1.690592,1.386192,1.00e-04
208,1.000,1.000,10.113480,10.610387,0.000000,1.687986,1.373910,12.802970,13.965545,0.000000,1.691664,1.386011,1.00e-04
209,1.000,1.000,10.114948,10.606220,0.000000,1.693111,1.377415,12.645115,13.761973,0.000000,1.697921,1.386001,1.00e-04
210,1.000,1.000,10.070635,10.549397,0.000000,1.694998,1.375594,12.885081,14.063464,0.000000,1.696423,1.385854,1.00e-04
211,1.000,1.000,10.133568,10.625263,0.000000,1.697618,1.376316,12.771380,13.913651,0.000000,1.704044,1.386123,1.00e-04
212,1.000,1.000,10.064879,10.534151,0.000000,1.702969,1.375914,12.517070,13.595686,0.000000,1.704078,1.386291,1.00e-04
213,1.000,1.000,10.002992,10.459618,0.000000,1.700131,1.375964,12.653886,13.770626,0.000000,1.700256,1.385901,1.00e-04
214,1.000,1.000,9.982337,10.439385,0.000000,1.694586,1.375801,12.631673,13.750110,0.000000,1.692885,1.386382,1.00e-04
215,1.000,1.000,9.987656,10.448250,0.000000,1.691937,1.377528,12.715166,13.850418,0.000000,1.696831,1.386826,1.00e-04
216,1.000,1.000,9.925547,10.370097,0.000000,1.692925,1.375647,12.592948,13.700130,0.000000,1.694406,1.386596,1.00e-04
217,1.000,1.000,9.809562,10.227693,0.000000,1.690533,1.374905,12.353386,13.405733,0.000000,1.689344,1.386622,1.00e-04
218,1.000,1.000,9.814001,10.236708,0.000000,1.686692,1.376406,12.251822,13.279141,0.000000,1.689096,1.386157,1.00e-04
219,1.000,1.000,9.747715,10.152810,0.000000,1.687906,1.375710,12.287342,13.321577,0.000000,1.691066,1.386134,1.00e-04
220,1.000,1.000,9.774561,10.185283,0.000000,1.689136,1.375133,12.354235,13.403153,0.000000,1.693117,1.386094,1.00e-04
221,1.000,1.000,9.709104,10.099506,0.000000,1.692813,1.376245,12.417031,13.478000,0.000000,1.696696,1.386369,1.00e-04
222,1.000,1.000,9.701225,10.089203,0.000000,1.693217,1.376442,12.351350,13.398841,0.000000,1.693677,1.386677,1.00e-04
223,1.000,1.000,9.633207,10.009464,0.000000,1.687962,1.376332,12.081627,13.067876,0.000000,1.687536,1.386483,1.00e-04
224,1.000,1.000,9.665731,10.055319,0.000000,1.682332,1.378048,12.062024,13.048608,0.000000,1.682302,1.386478,1.00e-04
225,1.000,1.000,9.629869,10.014337,0.000000,1.679330,1.374673,11.965750,12.929506,0.000000,1.681164,1.386067,1.00e-04
226,1.000,1.000,9.558657,9.925847,0.000000,1.678974,1.374003,12.160185,13.173433,0.000000,1.680323,1.385903,1.00e-04
227,1.000,1.000,9.611589,9.991214,0.000000,1.679984,1.373156,12.272112,13.310668,0.000000,1.683040,1.385723,1.00e-04
228,1.000,1.000,9.607324,9.984860,0.000000,1.680651,1.374574,12.049097,13.032106,0.000000,1.682996,1.385074,1.00e-04
229,1.000,1.000,9.525904,9.881661,0.000000,1.681795,1.375698,12.061989,13.043555,0.000000,1.687719,1.384848,1.00e-04
230,1.000,1.000,9.491179,9.833517,0.000000,1.687075,1.373524,11.929565,12.872059,0.000000,1.693590,1.385231,1.00e-04
231,1.000,1.000,9.390445,9.700944,0.000000,1.693603,1.374035,11.912438,12.847078,0.000000,1.697181,1.385153,1.00e-04
232,1.000,1.000,9.379592,9.689633,0.000000,1.691368,1.373955,11.738075,12.640529,0.000000,1.685702,1.385451,1.00e-04
233,1.000,1.000,9.384826,9.710048,0.000000,1.677849,1.372543,11.719082,12.624779,0.000000,1.677667,1.385624,1.00e-04
234,1.000,1.000,9.331603,9.646800,0.000000,1.673592,1.376444,11.702744,12.608481,0.000000,1.673606,1.385374,1.00e-04
235,1.000,1.000,9.265870,9.568086,0.000000,1.670629,1.374489,11.765755,12.687588,0.000000,1.673364,1.384965,1.00e-04
236,1.000,1.000,9.216366,9.506818,0.000000,1.670835,1.371217,11.768141,12.689878,0.000000,1.674250,1.384193,1.00e-04
237,1.000,1.000,9.267945,9.571408,0.000000,1.669957,1.374263,11.704460,12.611772,0.000000,1.672700,1.384409,1.00e-04
238,1.000,1.000,9.221281,9.513864,0.000000,1.669871,1.371466,11.645784,12.534808,0.000000,1.676290,1.384526,1.00e-04
239,1.000,1.000,9.212575,9.496840,0.000000,1.675473,1.373622,11.703055,12.599187,0.000000,1.683451,1.384719,1.00e-04
240,1.000,1.000,9.138302,9.398240,0.000000,1.681013,1.374500,11.621533,12.498858,0.000000,1.681681,1.385506,1.00e-04
241,1.000,1.000,9.123364,9.385593,0.000000,1.675399,1.372852,11.517116,12.375638,0.000000,1.674358,1.385591,1.00e-04
242,1.000,1.000,9.140508,9.411608,0.000000,1.670996,1.372123,11.595534,12.471303,0.000000,1.676740,1.385493,1.00e-04
243,1.000,1.000,9.107096,9.366678,0.000000,1.673663,1.374117,11.468385,12.312377,0.000000,1.676761,1.385377,1.00e-04
244,1.000,1.000,9.079461,9.333070,0.000000,1.672788,1.373874,11.542828,12.404147,0.000000,1.678043,1.385383,1.00e-04
245,1.000,1.000,9.012436,9.247699,0.000000,1.674336,1.374038,11.457838,12.300994,0.000000,1.674904,1.385596,1.00e-04
246,1.000,1.000,9.005887,9.243048,0.000000,1.671239,1.372286,11.466840,12.312448,0.000000,1.674734,1.385470,1.00e-04
247,1.000,1.000,8.994007,9.228672,0.000000,1.670759,1.372310,11.289350,12.093738,0.000000,1.671587,1.385446,1.00e-04
248,1.000,1.000,8.948016,9.174999,0.000000,1.666529,1.373966,11.355780,12.180237,0.000000,1.668096,1.385569,1.00e-04
249,1.000,1.000,8.912443,9.135338,0.000000,1.661951,1.373060,11.374608,12.209519,0.000000,1.662190,1.386207,1.00e-04
250,1.000,1.000,8.906229,9.131068,0.000000,1.658290,1.373711,11.374251,12.210090,0.000000,1.661077,1.386589,1.00e-04
251,1.000,1.000,8.897735,9.120943,0.000000,1.657661,1.374258,11.548604,12.428243,0.000000,1.661026,1.385947,1.00e-04
252,1.000,1.000,8.896414,9.120505,0.000000,1.656299,1.374858,11.264990,12.074537,0.000000,1.660193,1.386031,1.00e-04
253,1.000,1.000,8.840486,9.048874,0.000000,1.658294,1.373753,11.418495,12.262503,0.000000,1.664175,1.385763,1.00e-04
254,1.000,1.000,8.815266,9.012705,0.000000,1.663361,1.372062,11.353569,12.175302,0.000000,1.670185,1.385894,1.00e-04
255,1.000,1.000,8.797181,8.985634,0.000000,1.667508,1.373336,11.168946,11.945247,0.000000,1.669649,1.385151,1.00e-04
256,1.000,1.000,8.816479,9.014547,0.000000,1.662815,1.372947,11.088662,11.852546,0.000000,1.662127,1.384618,1.00e-04
257,1.000,1.000,8.761087,8.950484,0.000000,1.657649,1.372898,11.150759,11.931902,0.000000,1.660282,1.385058,1.00e-04
258,1.000,1.000,8.699404,8.873474,0.000000,1.657706,1.372300,11.188633,11.975758,0.000000,1.663800,1.384930,1.00e-04
259,1.000,1.000,8.726543,8.904656,0.000000,1.660003,1.374076,11.107788,11.875913,0.000000,1.662435,1.385551,1.00e-04
260,1.000,1.000,8.734912,8.916296,0.000000,1.659597,1.370990,11.173557,11.955912,0.000000,1.664758,1.385105,1.00e-04
261,1.000,1.000,8.686919,8.851848,0.000000,1.663524,1.373105,11.093315,11.853361,0.000000,1.666965,1.385271,1.00e-04
262,1.000,1.000,8.690201,8.857673,0.000000,1.661957,1.372488,11.103838,11.868100,0.000000,1.665334,1.385453,1.00e-04
263,1.000,1.000,8.711669,8.885676,0.000000,1.661735,1.368699,11.243046,12.041996,0.000000,1.665443,1.385472,1.00e-04
264,1.000,1.000,8.594215,8.739954,0.000000,1.659977,1.371352,10.904533,11.624135,0.000000,1.660209,1.385288,1.00e-04
265,1.000,1.000,8.616855,8.774075,0.000000,1.654082,1.371645,11.070071,11.832181,0.000000,1.659140,1.385070,1.00e-04
266,1.000,1.000,8.622699,8.781488,0.000000,1.653777,1.372434,10.886115,11.602844,0.000000,1.658491,1.385235,1.00e-04
267,1.000,1.000,8.508000,8.639248,0.000000,1.652378,1.373497,10.778179,11.471628,0.000000,1.654696,1.385598,1.00e-04
268,1.000,1.000,8.562008,8.709416,0.000000,1.650318,1.371104,10.916079,11.643319,0.000000,1.655396,1.385534,1.00e-04
269,1.000,1.000,8.480435,8.606806,0.000000,1.651210,1.370113,10.779224,11.469161,0.000000,1.658419,1.385801,1.00e-04
270,1.000,1.000,8.457232,8.574469,0.000000,1.654842,1.368918,10.866961,11.578762,0.000000,1.658529,1.385639,1.00e-04
271,1.000,1.000,8.448752,8.564899,0.000000,1.653250,1.371165,10.741144,11.422774,0.000000,1.657223,1.385727,1.00e-04
272,1.000,1.000,8.458291,8.574688,0.000000,1.655016,1.372639,10.785620,11.473455,0.000000,1.662104,1.385864,1.00e-04
273,1.000,1.000,8.405783,8.506607,0.000000,1.657454,1.372669,10.722326,11.398422,0.000000,1.658022,1.385852,1.00e-04
274,1.000,1.000,8.361968,8.456436,0.000000,1.653243,1.371120,10.751241,11.437416,0.000000,1.655407,1.384915,1.00e-04
275,1.000,1.000,8.363921,8.463485,0.000000,1.649248,1.368667,10.772679,11.466220,0.000000,1.653381,1.384989,1.00e-04
276,1.000,1.000,8.358179,8.458445,0.000000,1.646711,1.370271,10.658000,11.325603,0.000000,1.650668,1.384919,1.00e-04
277,1.000,1.000,8.329873,8.422954,0.000000,1.646731,1.370624,10.747577,11.436776,0.000000,1.651653,1.384171,1.00e-04
278,1.000,1.000,8.345186,8.441117,0.000000,1.647517,1.371397,10.647929,11.310351,0.000000,1.653441,1.384475,1.00e-04
279,1.000,1.000,8.296088,8.377661,0.000000,1.650168,1.369123,10.646788,11.308800,0.000000,1.653668,1.384070,1.00e-04
280,1.000,1.000,8.250210,8.324060,0.000000,1.646308,1.369579,10.738506,11.433930,0.000000,1.643236,1.383864,1.00e-04
281,1.000,1.000,8.216303,8.291643,0.000000,1.636476,1.369037,10.611665,11.281295,0.000000,1.637332,1.383817,1.00e-04
282,1.000,1.000,8.235023,8.315953,0.000000,1.635787,1.368156,10.688807,11.372809,0.000000,1.642140,1.384232,1.00e-04
283,1.000,1.000,8.202225,8.272987,0.000000,1.637255,1.370158,10.545284,11.191928,0.000000,1.643541,1.384543,1.00e-04
284,1.000,1.000,8.195301,8.262908,0.000000,1.639103,1.368462,10.449901,11.070493,0.000000,1.645705,1.384715,1.00e-04
285,1.000,1.000,8.153246,8.208661,0.000000,1.640127,1.371077,10.552894,11.200929,0.000000,1.644018,1.384680,1.00e-04
286,1.000,1.000,8.171171,8.233268,0.000000,1.637911,1.371139,10.572657,11.226906,0.000000,1.642816,1.384398,1.00e-04
287,1.000,1.000,8.156623,8.218956,0.000000,1.634551,1.369087,10.542467,11.196294,0.000000,1.635743,1.384186,1.00e-04
288,1.000,1.000,8.105752,8.159620,0.000000,1.630067,1.370010,10.346055,10.949664,0.000000,1.636967,1.383746,1.00e-04
289,1.000,1.000,8.068818,8.109955,0.000000,1.633441,1.370510,10.452930,11.081239,0.000000,1.638953,1.383880,1.00e-04
290,1.000,1.000,8.078566,8.123460,0.000000,1.632268,1.369918,10.327239,10.924432,0.000000,1.638661,1.383822,1.00e-04
291,1.000,1.000,8.060866,8.099794,0.000000,1.634448,1.367362,10.371184,10.975774,0.000000,1.642156,1.384200,1.00e-04
292,1.000,1.000,8.042233,8.071675,0.000000,1.639035,1.368326,10.259627,10.833228,0.000000,1.645296,1.384039,1.00e-04
293,1.000,1.000,8.004175,8.022638,0.000000,1.640277,1.369218,10.341976,10.936229,0.000000,1.645104,1.384548,1.00e-04
294,1.000,1.000,8.004244,8.022832,0.000000,1.639675,1.371187,10.317358,10.908255,0.000000,1.642293,1.384591,1.00e-04
295,1.000,1.000,7.954903,7.967838,0.000000,1.633257,1.370132,10.245278,10.826539,0.000000,1.633899,1.384637,1.00e-04
296,1.000,1.000,7.932274,7.947952,0.000000,1.625459,1.367722,10.226030,10.807084,0.000000,1.629254,1.384797,1.00e-04
297,1.000,1.000,7.949769,7.971117,0.000000,1.623938,1.368622,10.241980,10.827551,0.000000,1.628672,1.385007,1.00e-04
298,1.000,1.000,7.927434,7.943212,0.000000,1.624207,1.367498,10.146259,10.703615,0.000000,1.632983,1.384902,1.00e-04
299,1.000,1.000,7.937289,7.947248,0.000000,1.631430,1.371733,10.236621,10.810740,0.000000,1.638743,1.385170,1.00e-04
300,1.000,1.000,7.882328,7.875626,0.000000,1.635025,1.369039,10.147979,10.698554,0.000000,1.640213,1.384826,1.00e-04
301,1.000,1.000,7.826513,7.810941,0.000000,1.630063,1.368548,10.084186,10.630495,0.000000,1.628538,1.384800,1.00e-04
302,1.000,1.000,7.894292,7.904916,0.000000,1.620291,1.370636,10.089350,10.642314,0.000000,1.623398,1.383902,1.00e-04
303,1.000,1.000,7.793386,7.781583,0.000000,1.618176,1.367889,10.124453,10.685273,0.000000,1.624343,1.383803,1.00e-04
304,1.000,1.000,7.821081,7.812981,0.000000,1.621265,1.368417,10.144109,10.700180,0.000000,1.634049,1.383626,1.00e-04
305,1.000,1.000,7.852789,7.845952,0.000000,1.628296,1.366954,10.001218,10.519599,0.000000,1.636019,1.383616,1.00e-04
306,1.000,1.000,7.794191,7.770288,0.000000,1.630505,1.367781,10.019351,10.542562,0.000000,1.635721,1.383621,1.00e-04
307,1.000,1.000,7.770688,7.741722,0.000000,1.629671,1.367869,10.125495,10.678695,0.000000,1.632169,1.384020,1.00e-04
308,1.000,1.000,7.762198,7.738308,0.000000,1.622890,1.366200,9.993654,10.522040,0.000000,1.623942,1.384340,1.00e-04
309,1.000,1.000,7.736405,7.714409,0.000000,1.614737,1.365442,9.962350,10.489674,0.000000,1.617233,1.384123,1.00e-04
310,1.000,1.000,7.698055,7.670468,0.000000,1.610315,1.367142,9.914448,10.430839,0.000000,1.616115,1.384426,1.00e-04
311,1.000,1.000,7.695571,7.666940,0.000000,1.609913,1.370441,9.942819,10.466651,0.000000,1.615626,1.384985,1.00e-04
312,1.000,1.000,7.657927,7.620242,0.000000,1.610793,1.365495,9.959258,10.488131,0.000000,1.614617,1.385295,1.00e-04
313,1.000,1.000,7.683498,7.654715,0.000000,1.607897,1.367045,9.931906,10.455117,0.000000,1.613339,1.385703,1.00e-04
314,1.000,1.000,7.655698,7.618647,0.000000,1.609194,1.367124,9.856697,10.356557,0.000000,1.617937,1.385507,1.00e-04
315,1.000,1.000,7.627644,7.579139,0.000000,1.614256,1.364641,9.806793,10.290237,0.000000,1.621782,1.385889,1.00e-04
316,1.000,1.000,7.606414,7.551400,0.000000,1.615181,1.365746,9.872044,10.375594,0.000000,1.617896,1.386254,1.00e-04
317,1.000,1.000,7.619057,7.571779,0.000000,1.610260,1.367129,9.876100,10.385389,0.000000,1.613197,1.386160,1.00e-04
318,1.000,1.000,7.573709,7.520191,0.000000,1.605884,1.364243,9.790648,10.281103,0.000000,1.610537,1.386677,1.00e-04
319,1.000,1.000,7.551665,7.493256,0.000000,1.604558,1.367066,9.867172,10.377304,0.000000,1.609976,1.386736,1.00e-04
320,1.000,1.000,7.568508,7.514610,0.000000,1.604446,1.366317,9.805267,10.298790,0.000000,1.611149,1.386580,1.00e-04
321,1.000,1.000,7.501461,7.430877,0.000000,1.604460,1.365956,9.735779,10.214660,0.000000,1.608551,1.386050,1.00e-04
322,1.000,1.000,7.572441,7.521448,0.000000,1.603145,1.363831,9.824962,10.321934,0.000000,1.612647,1.386487,1.00e-04
323,1.000,1.000,7.538407,7.474542,0.000000,1.607352,1.364461,9.725131,10.194871,0.000000,1.614907,1.386546,1.00e-04
324,1.000,1.000,7.499425,7.424723,0.000000,1.608406,1.364608,9.686544,10.150280,0.000000,1.611361,1.386154,1.00e-04
325,1.000,1.000,7.466116,7.387356,0.000000,1.603704,1.366336,9.581868,10.023493,0.000000,1.607383,1.385838,1.00e-04
326,1.000,1.000,7.477371,7.405615,0.000000,1.599934,1.364657,9.769811,10.259989,0.000000,1.605849,1.385704,1.00e-04
327,1.000,1.000,7.427821,7.345056,0.000000,1.598364,1.365424,9.643983,10.105605,0.000000,1.602983,1.385564,1.00e-04
328,1.000,1.000,7.409655,7.325930,0.000000,1.595330,1.363234,9.711747,10.192494,0.000000,1.600845,1.385380,1.00e-04
329,1.000,1.000,7.397256,7.311384,0.000000,1.594492,1.362774,9.654748,10.119143,0.000000,1.602857,1.385734,1.00e-04
330,1.000,1.000,7.402243,7.314105,0.000000,1.597717,1.363926,9.623691,10.075618,0.000000,1.607712,1.385134,1.00e-04
331,1.000,1.000,7.376519,7.279598,0.000000,1.600120,1.363726,9.609422,10.060640,0.000000,1.604806,1.385329,1.00e-04
332,1.000,1.000,7.357853,7.260330,0.000000,1.595947,1.364156,9.601691,10.057869,0.000000,1.597926,1.385275,1.00e-04
333,1.000,1.000,7.347548,7.256691,0.000000,1.586437,1.365232,9.559727,10.016026,0.000000,1.587195,1.385748,1.00e-04
334,1.000,1.000,7.346697,7.261213,0.000000,1.580843,1.365259,9.543384,9.992045,0.000000,1.590683,1.386007,1.00e-04
335,1.000,1.000,7.337513,7.244047,0.000000,1.586895,1.363798,9.464764,9.891093,0.000000,1.593473,1.385556,1.00e-04
336,1.000,1.000,7.337105,7.241984,0.000000,1.587982,1.365663,9.608818,10.069988,0.000000,1.594775,1.385038,1.00e-04
337,1.000,1.000,7.320627,7.222150,0.000000,1.587358,1.365100,9.656940,10.130493,0.000000,1.594406,1.385102,1.00e-04
338,1.000,1.000,7.313138,7.213633,0.000000,1.587220,1.362276,9.427001,9.842725,0.000000,1.594723,1.385215,1.00e-04
339,1.000,1.000,7.299361,7.193892,0.000000,1.589642,1.362666,9.475583,9.898288,0.000000,1.599893,1.385191,1.00e-04
340,1.000,1.000,7.260818,7.142920,0.000000,1.592687,1.361662,9.437649,9.852030,0.000000,1.598784,1.384988,1.00e-04
341,1.000,1.000,7.231394,7.108582,0.000000,1.589444,1.364867,9.400182,9.812345,0.000000,1.591508,1.385496,1.00e-04
342,1.000,1.000,7.233118,7.119234,0.000000,1.581406,1.363030,9.554812,10.010606,0.000000,1.586535,1.385491,1.00e-04
343,1.000,1.000,7.219862,7.106251,0.000000,1.577938,1.362555,9.486299,9.925157,0.000000,1.586460,1.385025,1.00e-04
344,1.000,1.000,7.210867,7.093137,0.000000,1.579788,1.362631,9.356619,9.759098,0.000000,1.590378,1.385194,1.00e-04
345,1.000,1.000,7.169516,7.034537,0.000000,1.586388,1.363882,9.421373,9.834175,0.000000,1.596108,1.385733,1.00e-04
346,1.000,1.000,7.203875,7.074058,0.000000,1.589902,1.363538,9.525467,9.961458,0.000000,1.598856,1.386076,1.00e-04
347,1.000,1.000,7.183350,7.046427,0.000000,1.592257,1.362012,9.391563,9.795681,0.000000,1.597278,1.385979,1.00e-04
348,1.000,1.000,7.173541,7.039316,0.000000,1.587328,1.361124,9.348583,9.748152,0.000000,1.590937,1.386552,1.00e-04
349,1.000,1.000,7.127153,6.988182,0.000000,1.579984,1.363097,9.437277,9.863898,0.000000,1.586061,1.386544,1.00e-04
350,1.000,1.000,7.131824,6.997294,0.000000,1.577131,1.361415,9.264197,9.650672,0.000000,1.583074,1.385998,1.00e-04
351,1.000,1.000,7.106626,6.967975,0.000000,1.574638,1.362680,9.196433,9.568840,0.000000,1.580145,1.386227,1.00e-04
352,1.000,1.000,7.109591,6.974297,0.000000,1.571796,1.363585,9.224313,9.602673,0.000000,1.581183,1.386138,1.00e-04
353,1.000,1.000,7.062769,6.913213,0.000000,1.574626,1.362489,9.316620,9.714483,0.000000,1.584755,1.386149,1.00e-04
354,1.000,1.000,7.069677,6.920632,0.000000,1.576398,1.360268,9.209324,9.584033,0.000000,1.581058,1.386255,1.00e-04
355,1.000,1.000,7.073972,6.929958,0.000000,1.572084,1.361690,9.262197,9.653246,0.000000,1.577951,1.386195,1.00e-04
356,1.000,1.000,7.054917,6.905195,0.000000,1.572880,1.362287,9.202670,9.575130,0.000000,1.581671,1.386143,1.00e-04
357,1.000,1.000,7.036023,6.879537,0.000000,1.574596,1.363583,9.235499,9.617475,0.000000,1.580350,1.386193,1.00e-04
358,1.000,1.000,6.992352,6.830475,0.000000,1.569839,1.360507,9.244623,9.634450,0.000000,1.574925,1.385613,1.00e-04
359,1.000,1.000,6.993021,6.834380,0.000000,1.566077,1.363280,9.240978,9.630753,0.000000,1.574037,1.385731,1.00e-04
360,1.000,1.000,7.022148,6.872067,0.000000,1.565417,1.360802,9.220588,9.605361,0.000000,1.573859,1.386058,1.00e-04
361,1.000,1.000,6.983211,6.820650,0.000000,1.567805,1.362235,9.177433,9.548999,0.000000,1.576159,1.386530,1.00e-04
362,1.000,1.000,6.955507,6.784223,0.000000,1.569759,1.361606,9.109602,9.461371,0.000000,1.578928,1.386812,1.00e-04
363,1.000,1.000,6.946676,6.772363,0.000000,1.570423,1.362232,9.208089,9.588375,0.000000,1.574959,1.387105,1.00e-04
364,1.000,1.000,6.925200,6.750086,0.000000,1.565912,1.362007,9.097108,9.455665,0.000000,1.569023,1.386785,1.00e-04
365,1.000,1.000,6.907861,6.735541,0.000000,1.559217,1.360275,9.078180,9.437646,0.000000,1.563471,1.386435,1.00e-04
366,1.000,1.000,6.901053,6.729704,0.000000,1.556483,1.360514,9.068519,9.423613,0.000000,1.565474,1.386248,1.00e-04
367,1.000,1.000,6.871249,6.691713,0.000000,1.557177,1.360684,9.064923,9.419467,0.000000,1.564994,1.386771,1.00e-04
368,1.000,1.000,6.869787,6.690234,0.000000,1.556632,1.361473,9.089816,9.451640,0.000000,1.563882,1.386990,1.00e-04
369,1.000,1.000,6.880026,6.702419,0.000000,1.557681,1.359731,9.060131,9.412388,0.000000,1.565954,1.387287,1.00e-04
370,1.000,1.000,6.893720,6.716930,0.000000,1.560124,1.360382,9.030857,9.371620,0.000000,1.570030,1.387686,1.00e-04
371,1.000,1.000,6.825642,6.628407,0.000000,1.564215,1.357723,9.118755,9.477339,0.000000,1.574196,1.387635,1.00e-04
372,1.000,1.000,6.833386,6.637888,0.000000,1.563915,1.359719,8.997887,9.331778,0.000000,1.568693,1.387553,1.00e-04
373,1.000,1.000,6.830037,6.637288,0.000000,1.560697,1.358246,9.031905,9.376105,0.000000,1.566847,1.387711,1.00e-04
374,1.000,1.000,6.828038,6.638120,0.000000,1.557376,1.358208,9.046533,9.397685,0.000000,1.563509,1.387888,1.00e-04
375,1.000,1.000,6.824697,6.639434,0.000000,1.551900,1.358144,9.009035,9.355948,0.000000,1.558376,1.387878,1.00e-04
376,1.000,1.000,6.770479,6.576165,0.000000,1.547166,1.359070,8.944279,9.276615,0.000000,1.556760,1.387898,1.00e-04
377,1.000,1.000,6.810963,6.626517,0.000000,1.548097,1.356362,8.918406,9.239725,0.000000,1.561308,1.387898,1.00e-04
378,1.000,1.000,6.751233,6.544782,0.000000,1.554915,1.357376,8.898856,9.211586,0.000000,1.564939,1.388184,1.00e-04
379,1.000,1.000,6.744750,6.537392,0.000000,1.554429,1.356466,8.977629,9.312355,0.000000,1.562656,1.388101,1.00e-04
380,1.000,1.000,6.721306,6.509357,0.000000,1.552945,1.357322,8.862996,9.172971,0.000000,1.558832,1.387766,1.00e-04
381,1.000,1.000,6.709357,6.499286,0.000000,1.547876,1.358133,8.897293,9.220529,0.000000,1.554198,1.387556,1.00e-04
382,1.000,1.000,6.772805,6.581031,0.000000,1.545078,1.359589,8.865836,9.181869,0.000000,1.553564,1.387446,1.00e-04
383,1.000,1.000,6.699132,6.488345,0.000000,1.545657,1.359649,8.802299,9.102353,0.000000,1.553685,1.387348,1.00e-04
384,1.000,1.000,6.675300,6.460781,0.000000,1.544218,1.356505,8.824941,9.130228,0.000000,1.554059,1.387556,1.00e-04
385,1.000,1.000,6.697524,6.487522,0.000000,1.545324,1.356237,8.858088,9.171030,0.000000,1.554616,1.387855,1.00e-04
386,1.000,1.000,6.657719,6.437492,0.000000,1.544714,1.359765,8.810023,9.114636,0.000000,1.550937,1.387823,1.00e-04
387,1.000,1.000,6.677702,6.466159,0.000000,1.541819,1.356597,8.768297,9.064539,0.000000,1.548961,1.387485,1.00e-04
388,1.000,1.000,6.673644,6.460728,0.000000,1.541879,1.357790,8.871625,9.190183,0.000000,1.552528,1.387280,1.00e-04
389,1.000,1.000,6.650428,6.428573,0.000000,1.545275,1.356747,8.790034,9.085104,0.000000,1.555609,1.387316,1.00e-04
390,1.000,1.000,6.601003,6.368757,0.000000,1.543455,1.356168,8.698650,8.977718,0.000000,1.548649,1.387779,1.00e-04
391,1.000,1.000,6.602087,6.376152,0.000000,1.537187,1.357082,8.769331,9.072032,0.000000,1.542649,1.387927,1.00e-04
392,1.000,1.000,6.582224,6.354541,0.000000,1.534024,1.356856,8.728038,9.022101,0.000000,1.540974,1.387891,1.00e-04
393,1.000,1.000,6.594259,6.369470,0.000000,1.533343,1.360040,8.707454,8.996600,0.000000,1.540771,1.387782,1.00e-04
394,1.000,1.000,6.582735,6.355766,0.000000,1.533723,1.355719,8.744872,9.041262,0.000000,1.543067,1.387049,1.00e-04
395,1.000,1.000,6.597846,6.371021,0.000000,1.537128,1.356634,8.647324,8.916100,0.000000,1.546270,1.387136,1.00e-04
396,1.000,1.000,6.572130,6.336778,0.000000,1.539762,1.354487,8.754782,9.046433,0.000000,1.550284,1.387037,1.00e-04
397,1.000,1.000,6.551815,6.310305,0.000000,1.540863,1.354402,8.644636,8.911024,0.000000,1.547994,1.387102,1.00e-04
398,1.000,1.000,6.537462,6.295296,0.000000,1.537263,1.357070,8.695153,8.977459,0.000000,1.544626,1.387422,1.00e-04
399,1.000,1.000,6.514685,6.270085,0.000000,1.534475,1.355185,8.687697,8.971003,0.000000,1.541718,1.387599,1.00e-04
400,1.000,1.000,6.493624,6.246538,0.000000,1.531257,1.356942,8.614536,8.883062,0.000000,1.538151,1.387822,1.00e-04
401,1.000,1.000,6.487028,6.240744,0.000000,1.529234,1.355226,8.666054,8.946944,0.000000,1.538744,1.387516,1.00e-04
402,1.000,1.000,6.487410,6.241131,0.000000,1.529230,1.355607,8.566193,8.824719,0.000000,1.536128,1.387576,1.00e-04
403,1.000,1.000,6.471500,6.225999,0.000000,1.524598,1.355109,8.564697,8.827798,0.000000,1.531170,1.387613,1.00e-04
404,1.000,1.000,6.426569,6.173434,0.000000,1.520607,1.356682,8.579776,8.848697,0.000000,1.529121,1.387604,1.00e-04
405,1.000,1.000,6.444159,6.196047,0.000000,1.520601,1.354200,8.624060,8.903000,0.000000,1.530149,1.387704,1.00e-04
406,1.000,1.000,6.474904,6.232291,0.000000,1.522637,1.354809,8.584980,8.849979,0.000000,1.534321,1.387702,1.00e-04
407,1.000,1.000,6.446028,6.190329,0.000000,1.528634,1.354287,8.592080,8.851346,0.000000,1.541688,1.388264,1.00e-04
408,1.000,1.000,6.420438,6.155026,0.000000,1.532221,1.353199,8.547740,8.799583,0.000000,1.538032,1.388239,1.00e-04
409,1.000,1.000,6.443212,6.188797,0.000000,1.525892,1.357302,8.474267,8.713728,0.000000,1.532122,1.387929,1.00e-04
410,1.000,1.000,6.432999,6.178272,0.000000,1.524323,1.354617,8.593950,8.859414,0.000000,1.536077,1.387785,1.00e-04
411,1.000,1.000,6.388246,6.121518,0.000000,1.525434,1.353424,8.470567,8.708313,0.000000,1.532846,1.388198,1.00e-04
412,1.000,1.000,6.353950,6.082963,0.000000,1.520566,1.355635,8.509863,8.764318,0.000000,1.525868,1.388567,1.00e-04
413,1.000,1.000,6.352305,6.087363,0.000000,1.514487,1.354123,8.463099,8.710968,0.000000,1.520656,1.388996,1.00e-04
414,1.000,1.000,6.374188,6.114746,0.000000,1.514153,1.355344,8.542835,8.805782,0.000000,1.525563,1.388795,1.00e-04
415,1.000,1.000,6.356382,6.088741,0.000000,1.518100,1.354548,8.439461,8.671512,0.000000,1.530508,1.389226,1.00e-04
416,1.000,1.000,6.338335,6.063580,0.000000,1.520702,1.354548,8.491514,8.734101,0.000000,1.533048,1.388972,1.00e-04
417,1.000,1.000,6.331079,6.056944,0.000000,1.518729,1.352699,8.390055,8.615369,0.000000,1.524936,1.389052,1.00e-04
418,1.000,1.000,6.305669,6.031844,0.000000,1.511882,1.353440,8.368127,8.595145,0.000000,1.517760,1.389015,1.00e-04
419,1.000,1.000,6.310096,6.042484,0.000000,1.506859,1.353109,8.356737,8.580696,0.000000,1.517995,1.388920,1.00e-04
420,1.000,1.000,6.284156,6.007684,0.000000,1.509687,1.351301,8.303628,8.508864,0.000000,1.523340,1.389322,1.00e-04
421,1.000,1.000,6.281498,5.999023,0.000000,1.514705,1.352580,8.413800,8.643499,0.000000,1.526462,1.389153,1.00e-04
422,1.000,1.000,6.266398,5.980758,0.000000,1.514587,1.350612,8.368797,8.592590,0.000000,1.521134,1.389084,1.00e-04
423,1.000,1.000,6.276912,5.993984,0.000000,1.514005,1.352605,8.285110,8.484413,0.000000,1.524723,1.389001,1.00e-04
424,1.000,1.000,6.264685,5.976485,0.000000,1.516285,1.352346,8.349002,8.565319,0.000000,1.523670,1.389055,1.00e-04
425,1.000,1.000,6.245632,5.957464,0.000000,1.511613,1.351855,8.315220,8.530004,0.000000,1.516800,1.388885,1.00e-04
426,1.000,1.000,6.238208,5.953043,0.000000,1.506546,1.352686,8.320927,8.540754,0.000000,1.513222,1.388733,1.00e-04
427,1.000,1.000,6.224803,5.939836,0.000000,1.503681,1.349948,8.338579,8.562013,0.000000,1.514089,1.388488,1.00e-04
428,1.000,1.000,6.211453,5.920874,0.000000,1.505709,1.350934,8.305490,8.516924,0.000000,1.517752,1.388747,1.00e-04
429,1.000,1.000,6.181714,5.880792,0.000000,1.508300,1.352204,8.377899,8.605943,0.000000,1.519341,1.388355,1.00e-04
430,1.000,1.000,6.192703,5.895612,0.000000,1.507553,1.350860,8.277963,8.484985,0.000000,1.515282,1.388744,1.00e-04
431,1.000,1.000,6.156248,5.854156,0.000000,1.503283,1.351483,8.246409,8.450697,0.000000,1.510118,1.388789,1.00e-04
432,1.000,1.000,6.177900,5.885111,0.000000,1.499161,1.352411,8.269805,8.481038,0.000000,1.509060,1.388633,1.00e-04
433,1.000,1.000,6.153023,5.855310,0.000000,1.498533,1.349743,8.175547,8.363444,0.000000,1.508718,1.389088,1.00e-04
434,1.000,1.000,6.164310,5.867320,0.000000,1.500216,1.351406,8.132580,8.307190,0.000000,1.511334,1.388799,1.00e-04
435,1.000,1.000,6.146640,5.842377,0.000000,1.503565,1.349433,8.263722,8.467788,0.000000,1.514550,1.389255,1.00e-04
436,1.000,1.000,6.128755,5.820374,0.000000,1.502782,1.351149,8.204657,8.397309,0.000000,1.511172,1.389359,1.00e-04
437,1.000,1.000,6.116595,5.808201,0.000000,1.500073,1.349879,8.186121,8.376963,0.000000,1.508384,1.389213,1.00e-04
438,1.000,1.000,6.115566,5.810157,0.000000,1.496795,1.350022,8.182877,8.375462,0.000000,1.505852,1.389127,1.00e-04
439,1.000,1.000,6.128763,5.828195,0.000000,1.495094,1.350661,8.106760,8.278381,0.000000,1.507828,1.388964,1.00e-04
440,1.000,1.000,6.074592,5.757668,0.000000,1.498054,1.350076,8.183045,8.371144,0.000000,1.510416,1.388985,1.00e-04
441,1.000,1.000,6.092326,5.778184,0.000000,1.499610,1.350452,8.145351,8.324303,0.000000,1.510088,1.389188,1.00e-04
442,1.000,1.000,6.057862,5.737180,0.000000,1.497854,1.349174,8.212630,8.411566,0.000000,1.506745,1.389905,1.00e-04
443,1.000,1.000,6.080980,5.767327,0.000000,1.496868,1.348120,8.174239,8.362273,0.000000,1.507886,1.390557,1.00e-04
444,1.000,1.000,6.079880,5.762433,0.000000,1.500366,1.348202,8.134029,8.310885,0.000000,1.509137,1.390060,1.00e-04
445,1.000,1.000,6.075349,5.758604,0.000000,1.498076,1.350026,8.197676,8.392088,0.000000,1.507622,1.389542,1.00e-04
446,1.000,1.000,6.054073,5.734069,0.000000,1.496418,1.348415,8.088835,8.258144,0.000000,1.505355,1.390176,1.00e-04
447,1.000,1.000,6.025837,5.700922,0.000000,1.494304,1.348278,8.083710,8.255727,0.000000,1.501272,1.390557,1.00e-04
448,1.000,1.000,6.017608,5.695074,0.000000,1.489820,1.348466,8.089624,8.266049,0.000000,1.498345,1.390543,1.00e-04
449,1.000,1.000,6.007915,5.683927,0.000000,1.488775,1.348768,8.058926,8.226281,0.000000,1.499673,1.390814,1.00e-04
450,1.000,1.000,5.985274,5.654105,0.000000,1.490894,1.346373,8.024938,8.181288,0.000000,1.502288,1.390389,1.00e-04
451,1.000,1.000,5.968238,5.631945,0.000000,1.491015,1.349348,8.058697,8.224567,0.000000,1.501198,1.390422,1.00e-04
452,1.000,1.000,5.955466,5.617469,0.000000,1.489477,1.349544,8.015383,8.170757,0.000000,1.500808,1.390658,1.00e-04
453,1.000,1.000,5.935410,5.594587,0.000000,1.488075,1.346399,8.024345,8.185107,0.000000,1.497738,1.390345,1.00e-04
454,1.000,1.000,5.954664,5.620049,0.000000,1.486254,1.348108,7.985797,8.137661,0.000000,1.497008,1.390307,1.00e-04
455,1.000,1.000,5.939948,5.601847,0.000000,1.486294,1.347176,7.916317,8.051166,0.000000,1.496579,1.390605,1.00e-04
456,1.000,1.000,5.926258,5.583000,0.000000,1.488624,1.344795,7.945161,8.082265,0.000000,1.501497,1.390752,1.00e-04
457,1.000,1.000,5.921900,5.574593,0.000000,1.491130,1.346609,7.943020,8.081830,0.000000,1.499094,1.391407,1.00e-04
458,1.000,1.000,5.917626,5.573090,0.000000,1.487607,1.345339,7.890600,8.020342,0.000000,1.495233,1.390701,1.00e-04
459,1.000,1.000,5.900812,5.555803,0.000000,1.483984,1.344911,7.932297,8.074824,0.000000,1.492813,1.390934,1.00e-04
460,1.000,1.000,5.879197,5.532384,0.000000,1.480020,1.346370,7.884299,8.018389,0.000000,1.489140,1.391383,1.00e-04
461,1.000,1.000,5.888548,5.545056,0.000000,1.479005,1.346492,7.978314,8.133092,0.000000,1.491918,1.391528,1.00e-04
462,1.000,1.000,5.879786,5.530979,0.000000,1.482812,1.343767,7.907929,8.043333,0.000000,1.493646,1.391728,1.00e-04
463,1.000,1.000,5.857474,5.503275,0.000000,1.481892,1.346701,7.892709,8.026250,0.000000,1.491755,1.391523,1.00e-04
464,1.000,1.000,5.865687,5.515101,0.000000,1.481245,1.343050,7.900221,8.035389,0.000000,1.491926,1.391841,1.00e-04
465,1.000,1.000,5.854513,5.500770,0.000000,1.481135,1.344942,7.822417,7.937981,0.000000,1.492104,1.391745,1.00e-04
466,1.000,1.000,5.842517,5.484431,0.000000,1.481922,1.347175,7.781081,7.885352,0.000000,1.493080,1.391674,1.00e-04
467,1.000,1.000,5.846744,5.491598,0.000000,1.481066,1.343061,7.873496,8.002071,0.000000,1.491890,1.391636,1.00e-04
468,1.000,1.000,5.799816,5.433675,0.000000,1.479756,1.345357,7.806778,7.922049,0.000000,1.488520,1.391616,1.00e-04
469,1.000,1.000,5.815284,5.454849,0.000000,1.478647,1.342436,7.867259,7.993870,0.000000,1.492474,1.390924,1.00e-04
470,1.000,1.000,5.793540,5.422680,0.000000,1.483172,1.344291,7.838211,7.955603,0.000000,1.494440,1.390882,1.00e-04
471,1.000,1.000,5.801255,5.434595,0.000000,1.481057,1.343669,7.885537,8.017938,0.000000,1.491234,1.390996,1.00e-04
472,1.000,1.000,5.794146,5.428448,0.000000,1.477897,1.345346,7.781386,7.889790,0.000000,1.489225,1.390874,1.00e-04
473,1.000,1.000,5.753260,5.380320,0.000000,1.475978,1.341105,7.813534,7.934707,0.000000,1.484375,1.391342,1.00e-04
474,1.000,1.000,5.755185,5.386570,0.000000,1.471796,1.342462,7.686514,7.777607,0.000000,1.482702,1.391330,1.00e-04
475,1.000,1.000,5.767537,5.400501,0.000000,1.473582,1.341356,7.718896,7.815549,0.000000,1.485107,1.391855,1.00e-04
476,1.000,1.000,5.782606,5.416228,0.000000,1.476321,1.342831,7.803820,7.917881,0.000000,1.488835,1.392238,1.00e-04
477,1.000,1.000,5.742682,5.361254,0.000000,1.481462,1.342544,7.709760,7.794166,0.000000,1.495074,1.391840,1.00e-04
478,1.000,1.000,5.706201,5.315231,0.000000,1.482065,1.341820,7.691057,7.775660,0.000000,1.490167,1.391977,1.00e-04
479,1.000,1.000,5.724042,5.342659,0.000000,1.476339,1.344214,7.714895,7.812138,0.000000,1.483232,1.392993,1.00e-04
480,1.000,1.000,5.724405,5.348800,0.000000,1.470561,1.344582,7.638445,7.719881,0.000000,1.480067,1.392432,1.00e-04
481,1.000,1.000,5.693900,5.311707,0.000000,1.470459,1.340835,7.736165,7.839261,0.000000,1.483014,1.391727,1.00e-04
482,1.000,1.000,5.710142,5.328871,0.000000,1.473186,1.342482,7.665719,7.748719,0.000000,1.485502,1.391711,1.00e-04
483,1.000,1.000,5.677605,5.288371,0.000000,1.473590,1.340178,7.596606,7.664992,0.000000,1.482850,1.391663,1.00e-04
484,1.000,1.000,5.663214,5.271907,0.000000,1.471572,1.342151,7.598855,7.670372,0.000000,1.480240,1.391828,1.00e-04
485,1.000,1.000,5.647430,5.255850,0.000000,1.467951,1.341945,7.647721,7.734198,0.000000,1.477409,1.392174,1.00e-04
486,1.000,1.000,5.657744,5.271639,0.000000,1.465390,1.340605,7.623672,7.705148,0.000000,1.476365,1.392309,1.00e-04
487,1.000,1.000,5.651835,5.264402,0.000000,1.466060,1.337330,7.653928,7.740042,0.000000,1.479298,1.392278,1.00e-04
488,1.000,1.000,5.658112,5.268640,0.000000,1.468400,1.342398,7.593101,7.661463,0.000000,1.481744,1.392673,1.00e-04
489,1.000,1.000,5.658904,5.268870,0.000000,1.469327,1.341729,7.612105,7.687654,0.000000,1.479296,1.392722,1.00e-04
490,1.000,1.000,5.656331,5.267026,0.000000,1.468765,1.338491,7.640863,7.723816,0.000000,1.479038,1.392895,1.00e-04
491,1.000,1.000,5.605599,5.205488,0.000000,1.466732,1.339117,7.612030,7.690792,0.000000,1.476055,1.392763,1.00e-04
492,1.000,1.000,5.595138,5.194529,0.000000,1.463964,1.341716,7.533675,7.595428,0.000000,1.473500,1.392662,1.00e-04
493,1.000,1.000,5.586877,5.186551,0.000000,1.462478,1.338271,7.612326,7.692991,0.000000,1.474441,1.391904,1.00e-04
494,1.000,1.000,5.601794,5.205650,0.000000,1.462317,1.337100,7.582066,7.655839,0.000000,1.473577,1.392662,1.00e-04
495,1.000,1.000,5.581712,5.179774,0.000000,1.462668,1.338792,7.538041,7.598894,0.000000,1.475353,1.393214,1.00e-04
496,1.000,1.000,5.565819,5.159403,0.000000,1.463374,1.337985,7.545792,7.608575,0.000000,1.475314,1.393403,1.00e-04
497,1.000,1.000,5.572694,5.166812,0.000000,1.464369,1.338745,7.575876,7.644643,0.000000,1.476819,1.393530,1.00e-04
498,1.000,1.000,5.543376,5.131665,0.000000,1.463416,1.336557,7.514662,7.571328,0.000000,1.473530,1.393876,1.00e-04
499,1.000,1.000,5.526664,5.113811,0.000000,1.460467,1.336207,7.519951,7.580127,0.000000,1.471453,1.393437,1.00e-04
500,1.000,1.000,5.529879,5.117893,0.000000,1.459578,1.339510,7.473457,7.521012,0.000000,1.472526,1.393135,1.00e-04
501,1.000,1.000,5.501722,5.083821,0.000000,1.458930,1.337605,7.485601,7.540432,0.000000,1.468162,1.393631,1.00e-04
502,1.000,1.000,5.498603,5.082355,0.000000,1.455820,1.340314,7.481891,7.534907,0.000000,1.468953,1.394011,1.00e-04
503,1.000,1.000,5.516075,5.103811,0.000000,1.456763,1.338081,7.475557,7.525839,0.000000,1.470211,1.393588,1.00e-04
504,1.000,1.000,5.500033,5.082405,0.000000,1.458219,1.337670,7.501037,7.557310,0.000000,1.470603,1.393530,1.00e-04
505,1.000,1.000,5.492101,5.073151,0.000000,1.457688,1.337151,7.440829,7.482381,0.000000,1.470300,1.393418,1.00e-04
506,1.000,1.000,5.475634,5.053542,0.000000,1.457088,1.335650,7.414883,7.451559,0.000000,1.468732,1.393249,1.00e-04
507,1.000,1.000,5.465729,5.044373,0.000000,1.454187,1.334405,7.425706,7.469126,0.000000,1.464666,1.393361,1.00e-04
508,1.000,1.000,5.471980,5.052905,0.000000,1.453242,1.335308,7.349444,7.371185,0.000000,1.467210,1.393640,1.00e-04
509,1.000,1.000,5.449943,5.023223,0.000000,1.455174,1.336128,7.410550,7.445967,0.000000,1.468596,1.394496,1.00e-04
510,1.000,1.000,5.444524,5.016062,0.000000,1.455650,1.335770,7.413653,7.452898,0.000000,1.465552,1.394463,1.00e-04
511,1.000,1.000,5.449543,5.025560,0.000000,1.452788,1.334324,7.370405,7.400750,0.000000,1.463838,1.393671,1.00e-04
512,1.000,1.000,5.430990,5.002193,0.000000,1.452458,1.336345,7.390767,7.425040,0.000000,1.464978,1.393762,1.00e-04
513,1.000,1.000,5.416594,4.984093,0.000000,1.452505,1.336577,7.387709,7.421505,0.000000,1.464728,1.393610,1.00e-04
514,1.000,1.000,5.425642,4.996400,0.000000,1.452009,1.334577,7.383550,7.418283,0.000000,1.462754,1.393601,1.00e-04
515,1.000,1.000,5.392079,4.956365,0.000000,1.450143,1.334364,7.397362,7.435110,0.000000,1.463219,1.393490,1.00e-04
516,1.000,1.000,5.405407,4.974073,0.000000,1.449549,1.332546,7.311332,7.328317,0.000000,1.462503,1.393377,1.00e-04
517,1.000,1.000,5.402985,4.969799,0.000000,1.449366,1.338263,7.288358,7.300661,0.000000,1.461450,1.393344,1.00e-04
518,1.000,1.000,5.376825,4.937192,0.000000,1.450253,1.334344,7.334577,7.356151,0.000000,1.463657,1.393650,1.00e-04
519,1.000,1.000,5.371085,4.927570,0.000000,1.453300,1.331945,7.424489,7.464635,0.000000,1.467663,1.393254,1.00e-04
520,1.000,1.000,5.376445,4.933108,0.000000,1.453868,1.334318,7.320834,7.338013,0.000000,1.464686,1.393379,1.00e-04
521,1.000,1.000,5.360825,4.916153,0.000000,1.451319,1.334236,7.270519,7.278132,0.000000,1.461622,1.393576,1.00e-04
522,1.000,1.000,5.353341,4.910508,0.000000,1.447836,1.333327,7.226608,7.227127,0.000000,1.457768,1.393461,1.00e-04
523,1.000,1.000,5.359176,4.918891,0.000000,1.447048,1.332123,7.274819,7.285476,0.000000,1.459724,1.393298,1.00e-04
524,1.000,1.000,5.342827,4.900570,0.000000,1.444767,1.332787,7.313571,7.334998,0.000000,1.458617,1.393392,1.00e-04
525,1.000,1.000,5.321142,4.872616,0.000000,1.445862,1.331799,7.215861,7.213611,0.000000,1.457801,1.393657,1.00e-04
526,1.000,1.000,5.333278,4.887897,0.000000,1.445732,1.331875,7.235510,7.236001,0.000000,1.460009,1.393513,1.00e-04
527,1.000,1.000,5.321106,4.872141,0.000000,1.445952,1.333156,7.169181,7.154377,0.000000,1.458773,1.393306,1.00e-04
528,1.000,1.000,5.304832,4.852669,0.000000,1.445147,1.332899,7.151494,7.133550,0.000000,1.457486,1.393323,1.00e-04
529,1.000,1.000,5.299662,4.846610,0.000000,1.445196,1.331086,7.172707,7.161291,0.000000,1.456332,1.393042,1.00e-04
530,1.000,1.000,5.278536,4.820911,0.000000,1.444624,1.330539,7.211284,7.209505,0.000000,1.456274,1.393306,1.00e-04
531,1.000,1.000,5.284061,4.829471,0.000000,1.442663,1.331764,7.190447,7.183413,0.000000,1.456303,1.393371,1.00e-04
532,1.000,1.000,5.256297,4.794873,0.000000,1.442822,1.330708,7.231159,7.233533,0.000000,1.457057,1.393433,1.00e-04
533,1.000,1.000,5.284040,4.831236,0.000000,1.441286,1.330114,7.163011,7.150625,0.000000,1.454774,1.393458,1.00e-04
534,1.000,1.000,5.268702,4.813458,0.000000,1.439718,1.330806,7.143954,7.127590,0.000000,1.454065,1.393150,1.00e-04
535,1.000,1.000,5.234522,4.771852,0.000000,1.438544,1.331024,7.077291,7.046826,0.000000,1.451281,1.394027,1.00e-04
536,1.000,1.000,5.244712,4.784798,0.000000,1.438300,1.331170,7.133309,7.116332,0.000000,1.451685,1.394478,1.00e-04
537,1.000,1.000,5.231245,4.766666,0.000000,1.440095,1.329176,7.100756,7.075763,0.000000,1.451440,1.394969,1.00e-04
538,1.000,1.000,5.242502,4.782193,0.000000,1.438516,1.329672,7.062801,7.030977,0.000000,1.448787,1.394946,1.00e-04
539,1.000,1.000,5.212575,4.747205,0.000000,1.436062,1.329803,7.060230,7.028505,0.000000,1.448126,1.394625,1.00e-04
540,1.000,1.000,5.200888,4.732335,0.000000,1.436449,1.329302,7.037058,6.998102,0.000000,1.449320,1.395601,1.00e-04
541,1.000,1.000,5.222263,4.759135,0.000000,1.436881,1.327248,7.068880,7.037802,0.000000,1.449551,1.394987,1.00e-04
542,1.000,1.000,5.176404,4.703586,0.000000,1.435205,1.326853,7.019315,6.978523,0.000000,1.446792,1.395311,1.00e-04
543,1.000,1.000,5.180536,4.709445,0.000000,1.434131,1.328376,7.021322,6.979984,0.000000,1.447958,1.394838,1.00e-04
544,1.000,1.000,5.156227,4.678087,0.000000,1.435382,1.327258,7.045318,7.009987,0.000000,1.448028,1.394529,1.00e-04
545,1.000,1.000,5.164768,4.690724,0.000000,1.433661,1.326298,7.018005,6.977586,0.000000,1.446270,1.394599,1.00e-04
546,1.000,1.000,5.162479,4.687903,0.000000,1.433406,1.327159,7.099392,7.078823,0.000000,1.446809,1.394433,1.00e-04
547,1.000,1.000,5.147044,4.670108,0.000000,1.432039,1.326630,6.984804,6.937709,0.000000,1.444700,1.394384,1.00e-04
548,1.000,1.000,5.141142,4.665585,0.000000,1.430310,1.322132,6.986798,6.940040,0.000000,1.444811,1.394583,1.00e-04
549,1.000,1.000,5.139908,4.662360,0.000000,1.430878,1.326587,7.055605,7.025234,0.000000,1.445395,1.395509,1.00e-04
550,1.000,1.000,5.129673,4.647343,0.000000,1.432944,1.327216,7.052361,7.017678,0.000000,1.448858,1.395658,1.00e-04
551,1.000,1.000,5.123485,4.637727,0.000000,1.435560,1.324274,7.007028,6.963401,0.000000,1.446413,1.395882,1.00e-04
552,1.000,1.000,5.155246,4.680216,0.000000,1.432375,1.325864,7.011391,6.968302,0.000000,1.447115,1.395287,1.00e-04
553,1.000,1.000,5.119798,4.635755,0.000000,1.432833,1.324639,7.021794,6.982314,0.000000,1.445923,1.396022,1.00e-04
554,1.000,1.000,5.107453,4.620150,0.000000,1.433072,1.324381,6.983488,6.934358,0.000000,1.446067,1.395737,1.00e-04
555,1.000,1.000,5.111251,4.625059,0.000000,1.432971,1.324136,6.970712,6.917000,0.000000,1.447299,1.396363,1.00e-04
556,1.000,1.000,5.091324,4.599807,0.000000,1.433439,1.323639,6.940589,6.879223,0.000000,1.447406,1.396428,1.00e-04
557,1.000,1.000,5.053047,4.554687,0.000000,1.430945,1.322710,6.909286,6.845805,0.000000,1.441688,1.396459,1.00e-04
558,1.000,1.000,5.073665,4.583684,0.000000,1.426813,1.326333,6.920580,6.861639,0.000000,1.439891,1.396779,1.00e-04
559,1.000,1.000,5.053319,4.559266,0.000000,1.426353,1.324123,6.912499,6.854037,0.000000,1.437486,1.396402,1.00e-04
560,1.000,1.000,5.063698,4.574250,0.000000,1.424558,1.323260,6.886702,6.819052,0.000000,1.440293,1.396129,1.00e-04
561,1.000,1.000,5.045711,4.548868,0.000000,1.426697,1.326292,6.920195,6.860075,0.000000,1.441180,1.395951,1.00e-04
562,1.000,1.000,5.048314,4.552927,0.000000,1.426468,1.323990,6.890431,6.825104,0.000000,1.439006,1.395717,1.00e-04
563,1.000,1.000,5.019894,4.519627,0.000000,1.424671,1.322275,6.838171,6.762369,0.000000,1.436287,1.396229,1.00e-04
564,1.000,1.000,5.013203,4.512611,0.000000,1.423251,1.322564,6.856656,6.783835,0.000000,1.437920,1.396261,1.00e-04
565,1.000,1.000,5.001849,4.498107,0.000000,1.424051,1.320613,6.912493,6.854320,0.000000,1.437240,1.396226,1.00e-04
566,1.000,1.000,4.993732,4.489882,0.000000,1.421658,1.322500,6.873285,6.807858,0.000000,1.434724,1.396094,1.00e-04
567,1.000,1.000,4.993548,4.491311,0.000000,1.420338,1.321143,6.845841,6.775533,0.000000,1.432823,1.395779,1.00e-04
568,1.000,1.000,4.991994,4.489972,0.000000,1.419596,1.321699,6.808461,6.728014,0.000000,1.433523,1.396157,1.00e-04
569,1.000,1.000,4.986796,4.482937,0.000000,1.420177,1.321521,6.797679,6.715670,0.000000,1.432450,1.395915,1.00e-04
570,1.000,1.000,4.968655,4.463678,0.000000,1.417143,1.319991,6.777040,6.693591,0.000000,1.428696,1.396050,1.00e-04
571,1.000,1.000,4.961355,4.455993,0.000000,1.415661,1.320159,6.759016,6.670114,0.000000,1.429497,1.396636,1.00e-04
572,1.000,1.000,4.967443,4.464248,0.000000,1.415356,1.318797,6.771891,6.684921,0.000000,1.430865,1.396307,1.00e-04
573,1.000,1.000,4.958314,4.450414,0.000000,1.418160,1.317275,6.797796,6.716293,0.000000,1.431870,1.396332,1.00e-04
574,1.000,1.000,4.951376,4.440936,0.000000,1.418504,1.319118,6.726379,6.627073,0.000000,1.431787,1.396453,1.00e-04
575,1.000,1.000,4.943637,4.432262,0.000000,1.418058,1.316906,6.727470,6.628165,0.000000,1.431979,1.396778,1.00e-04
576,1.000,1.000,4.920023,4.402413,0.000000,1.418061,1.318221,6.721140,6.620953,0.000000,1.431339,1.396527,1.00e-04
577,1.000,1.000,4.933716,4.419158,0.000000,1.418475,1.318046,6.716427,6.612945,0.000000,1.433246,1.397370,1.00e-04
578,1.000,1.000,4.924996,4.408045,0.000000,1.418753,1.317784,6.674422,6.562030,0.000000,1.431693,1.397220,1.00e-04
579,1.000,1.000,4.904453,4.385445,0.000000,1.416324,1.315189,6.713564,6.615058,0.000000,1.427645,1.397007,1.00e-04
580,1.000,1.000,4.911050,4.397560,0.000000,1.411565,1.318751,6.756623,6.673125,0.000000,1.423533,1.396481,1.00e-04
581,1.000,1.000,4.914468,4.406608,0.000000,1.408263,1.312852,6.698178,6.599936,0.000000,1.423887,1.395595,1.00e-04
582,1.000,1.000,4.901740,4.387943,0.000000,1.410599,1.314533,6.734735,6.640048,0.000000,1.429213,1.396631,1.00e-04
583,1.000,1.000,4.874634,4.348954,0.000000,1.415550,1.315153,6.743694,6.647902,0.000000,1.432572,1.396573,1.00e-04
584,1.000,1.000,4.884701,4.360015,0.000000,1.416462,1.317597,6.662050,6.548058,0.000000,1.430389,1.396461,1.00e-04
585,1.000,1.000,4.855417,4.324277,0.000000,1.415820,1.316694,6.625276,6.504379,0.000000,1.428043,1.396692,1.00e-04
586,1.000,1.000,4.860198,4.333222,0.000000,1.413247,1.315111,6.623196,6.503237,0.000000,1.426663,1.396383,1.00e-04
587,1.000,1.000,4.839820,4.308723,0.000000,1.413113,1.311756,6.669338,6.561606,0.000000,1.425859,1.396829,1.00e-04
588,1.000,1.000,4.841975,4.314839,0.000000,1.409738,1.311569,6.620492,6.505247,0.000000,1.421095,1.397091,1.00e-04
589,1.000,1.000,4.843049,4.318369,0.000000,1.407431,1.312044,6.611068,6.491691,0.000000,1.422563,1.398321,1.00e-04
590,1.000,1.000,4.803085,4.267618,0.000000,1.408354,1.311538,6.588927,6.463549,0.000000,1.423032,1.398309,1.00e-04
591,1.000,1.000,4.828118,4.299492,0.000000,1.407373,1.313132,6.575210,6.448921,0.000000,1.420636,1.397824,1.00e-04
592,1.000,1.000,4.820110,4.288318,0.000000,1.408667,1.312612,6.647937,6.536124,0.000000,1.424393,1.397616,1.00e-04
593,1.000,1.000,4.816682,4.283249,0.000000,1.409706,1.311588,6.549602,6.416492,0.000000,1.421268,1.396968,1.00e-04
594,1.000,1.000,4.818201,4.287243,0.000000,1.407046,1.313849,6.564181,6.435760,0.000000,1.420172,1.397176,1.00e-04
595,1.000,1.000,4.808249,4.276268,0.000000,1.405507,1.314144,6.557854,6.430865,0.000000,1.417270,1.396730,1.00e-04
596,1.000,1.000,4.807131,4.276889,0.000000,1.404942,1.308335,6.537433,6.401824,0.000000,1.420837,1.396521,1.00e-04
597,1.000,1.000,4.775070,4.235789,0.000000,1.405374,1.310694,6.520673,6.381516,0.000000,1.420403,1.395689,1.00e-04
598,1.000,1.000,4.790732,4.255264,0.000000,1.404718,1.313730,6.537477,6.403461,0.000000,1.419421,1.395854,1.00e-04
599,1.000,1.000,4.769149,4.228953,0.000000,1.405038,1.309781,6.566561,6.438680,0.000000,1.420563,1.395832,1.00e-04
600,1.000,1.000,4.758104,4.215929,0.000000,1.404211,1.309962,6.514526,6.376684,0.000000,1.417381,1.396372,1.00e-04
601,1.000,1.000,4.756608,4.216537,0.000000,1.402318,1.307619,6.504756,6.364245,0.000000,1.417506,1.396774,1.00e-04
602,1.000,1.000,4.740440,4.195066,0.000000,1.402833,1.310599,6.517524,6.382052,0.000000,1.415518,1.397344,1.00e-04
603,1.000,1.000,4.728639,4.183337,0.000000,1.400264,1.308790,6.494252,6.353709,0.000000,1.414724,1.397530,1.00e-04
604,1.000,1.000,4.762465,4.226014,0.000000,1.400216,1.307407,6.486672,6.343627,0.000000,1.415478,1.396939,1.00e-04
605,1.000,1.000,4.748911,4.207769,0.000000,1.401142,1.308909,6.461465,6.311288,0.000000,1.416342,1.396805,1.00e-04
606,1.000,1.000,4.715906,4.167537,0.000000,1.400170,1.308701,6.431338,6.275382,0.000000,1.414622,1.396671,1.00e-04
607,1.000,1.000,4.708693,4.160239,0.000000,1.399040,1.306350,6.458927,6.310028,0.000000,1.414297,1.397333,1.00e-04
608,1.000,1.000,4.703932,4.154400,0.000000,1.397592,1.311694,6.428706,6.274637,0.000000,1.411865,1.397519,1.00e-04
609,1.000,1.000,4.701499,4.153082,0.000000,1.397090,1.306808,6.434363,6.281818,0.000000,1.411770,1.397456,1.00e-04
610,1.000,1.000,4.704056,4.155818,0.000000,1.396971,1.309121,6.470940,6.326911,0.000000,1.412279,1.397934,1.00e-04
611,1.000,1.000,4.686944,4.135322,0.000000,1.397552,1.303226,6.385783,6.219034,0.000000,1.413593,1.398409,1.00e-04
612,1.000,1.000,4.673873,4.118344,0.000000,1.398403,1.302372,6.410992,6.250068,0.000000,1.414008,1.398656,1.00e-04
613,1.000,1.000,4.680186,4.125539,0.000000,1.398846,1.303391,6.388707,6.222715,0.000000,1.413414,1.399015,1.00e-04
614,1.000,1.000,4.673563,4.118699,0.000000,1.397096,1.304633,6.381918,6.217146,0.000000,1.410590,1.398646,1.00e-04
615,1.000,1.000,4.645809,4.088139,0.000000,1.393838,1.301141,6.373465,6.210395,0.000000,1.406647,1.399159,1.00e-04
616,1.000,1.000,4.652455,4.099754,0.000000,1.390567,1.300993,6.419538,6.268402,0.000000,1.406172,1.399394,1.00e-04
617,1.000,1.000,4.656928,4.103874,0.000000,1.391177,1.304439,6.374865,6.209593,0.000000,1.408984,1.400013,1.00e-04
618,1.000,1.000,4.650444,4.092614,0.000000,1.394594,1.303389,6.365996,6.194958,0.000000,1.412729,1.399229,1.00e-04
619,1.000,1.000,4.648071,4.086717,0.000000,1.397331,1.304165,6.384136,6.218564,0.000000,1.411992,1.398459,1.00e-04
620,1.000,1.000,4.613662,4.047138,0.000000,1.395192,1.298987,6.405731,6.250775,0.000000,1.407007,1.397527,1.00e-04
621,1.000,1.000,4.622664,4.064669,0.000000,1.388486,1.300699,6.312603,6.138448,0.000000,1.403038,1.397076,1.00e-04
622,1.000,1.000,4.610946,4.050820,0.000000,1.387505,1.301429,6.314037,6.137308,0.000000,1.405866,1.397486,1.00e-04
623,1.000,1.000,4.607610,4.046178,0.000000,1.389231,1.296412,6.290126,6.106025,0.000000,1.407130,1.398004,1.00e-04
624,1.000,1.000,4.611078,4.045636,0.000000,1.392849,1.301449,6.332286,6.154333,0.000000,1.411450,1.398299,1.00e-04
625,1.000,1.000,4.600660,4.030918,0.000000,1.395104,1.299210,6.297659,6.112888,0.000000,1.409688,1.397995,1.00e-04
626,1.000,1.000,4.590523,4.021583,0.000000,1.391906,1.298659,6.256623,6.068994,0.000000,1.402027,1.399032,1.00e-04
627,1.000,1.000,4.594049,4.031615,0.000000,1.386758,1.296752,6.281646,6.098775,0.000000,1.403496,1.399149,1.00e-04
628,1.000,1.000,4.580432,4.011390,0.000000,1.389570,1.298319,6.260623,6.069967,0.000000,1.406138,1.398692,1.00e-04
629,1.000,1.000,4.573734,4.002452,0.000000,1.389827,1.299553,6.380286,6.219707,0.000000,1.405896,1.399017,1.00e-04
630,1.000,1.000,4.578703,4.010796,0.000000,1.388168,1.297659,6.310732,6.133525,0.000000,1.405322,1.398271,1.00e-04
631,1.000,1.000,4.548519,3.972217,0.000000,1.389562,1.295476,6.235336,6.041433,0.000000,1.403163,1.398295,1.00e-04
632,1.000,1.000,4.536343,3.960626,0.000000,1.385733,1.296279,6.211094,6.015521,0.000000,1.399062,1.397136,1.00e-04
633,1.000,1.000,4.529130,3.956985,0.000000,1.381297,1.292525,6.231530,6.045772,0.000000,1.394295,1.397382,1.00e-04
634,1.000,1.000,4.525908,3.955254,0.000000,1.378785,1.293383,6.246244,6.061325,0.000000,1.397135,1.397378,1.00e-04
635,1.000,1.000,4.522208,3.947645,0.000000,1.382095,1.292085,6.232332,6.041720,0.000000,1.399135,1.398240,1.00e-04
636,1.000,1.000,4.509377,3.928677,0.000000,1.384235,1.295237,6.202190,6.004803,0.000000,1.398393,1.398163,1.00e-04
637,1.000,1.000,4.504925,3.924014,0.000000,1.382524,1.298472,6.193460,5.993581,0.000000,1.398698,1.398183,1.00e-04
638,1.000,1.000,4.503350,3.922803,0.000000,1.383010,1.293500,6.179484,5.976532,0.000000,1.398243,1.398320,1.00e-04
639,1.000,1.000,4.489280,3.906706,0.000000,1.381991,1.291610,6.203374,6.005881,0.000000,1.398652,1.398737,1.00e-04
640,1.000,1.000,4.502390,3.922996,0.000000,1.381614,1.293512,6.175717,5.972977,0.000000,1.397110,1.398237,1.00e-04
641,1.000,1.000,4.515248,3.939652,0.000000,1.381162,1.292987,6.174280,5.972900,0.000000,1.395566,1.397537,1.00e-04
642,1.000,1.000,4.492917,3.912910,0.000000,1.380691,1.290182,6.155395,5.949033,0.000000,1.395856,1.397417,1.00e-04
643,1.000,1.000,4.473260,3.888634,0.000000,1.379739,1.292806,6.146533,5.938200,0.000000,1.395619,1.397388,1.00e-04
644,1.000,1.000,4.452069,3.862420,0.000000,1.379188,1.293912,6.134484,5.921729,0.000000,1.396963,1.397652,1.00e-04
645,1.000,1.000,4.450503,3.861011,0.000000,1.379535,1.290331,6.108367,5.892905,0.000000,1.393133,1.397681,1.00e-04
646,1.000,1.000,4.441668,3.852554,0.000000,1.377250,1.289124,6.114584,5.900303,0.000000,1.393556,1.397486,1.00e-04
647,1.000,1.000,4.429884,3.839960,0.000000,1.375313,1.288327,6.094443,5.878497,0.000000,1.389844,1.398852,1.00e-04
648,1.000,1.000,4.418423,3.828132,0.000000,1.372324,1.290290,6.160435,5.962804,0.000000,1.387901,1.399352,1.00e-04
649,1.000,1.000,4.425292,3.840072,0.000000,1.369923,1.286479,6.107374,5.896403,0.000000,1.388082,1.398928,1.00e-04
650,1.000,1.000,4.404294,3.810994,0.000000,1.372847,1.286109,6.047625,5.820027,0.000000,1.389700,1.399217,1.00e-04
651,1.000,1.000,4.414224,3.821943,0.000000,1.373842,1.287982,6.088319,5.868552,0.000000,1.391870,1.399904,1.00e-04
652,1.000,1.000,4.398999,3.803600,0.000000,1.374020,1.284514,6.071523,5.849694,0.000000,1.389775,1.399739,1.00e-04
653,1.000,1.000,4.399257,3.806077,0.000000,1.371858,1.284547,6.028350,5.797861,0.000000,1.387572,1.400016,1.00e-04
654,1.000,1.000,4.403520,3.813744,0.000000,1.369643,1.284051,6.029822,5.800756,0.000000,1.386574,1.399788,1.00e-04
655,1.000,1.000,4.385753,3.791734,0.000000,1.369482,1.283901,6.043074,5.817569,0.000000,1.386425,1.399390,1.00e-04
656,1.000,1.000,4.366602,3.766810,0.000000,1.370828,1.282458,6.033516,5.805422,0.000000,1.386566,1.399628,1.00e-04
657,1.000,1.000,4.364792,3.763614,0.000000,1.371154,1.284887,6.027081,5.795791,0.000000,1.388339,1.398887,1.00e-04
658,1.000,1.000,4.370117,3.772267,0.000000,1.370034,1.281380,6.025459,5.796368,0.000000,1.385751,1.398812,1.00e-04
659,1.000,1.000,4.368758,3.771792,0.000000,1.368678,1.281907,5.989277,5.753034,0.000000,1.383916,1.398584,1.00e-04
660,1.000,1.000,4.349358,3.747696,0.000000,1.368681,1.281279,5.989811,5.751971,0.000000,1.385636,1.398626,1.00e-04
661,1.000,1.000,4.360209,3.757988,0.000000,1.371312,1.283843,5.991313,5.748811,0.000000,1.390697,1.398529,1.00e-04
662,1.000,1.000,4.336870,3.729477,0.000000,1.372005,1.278422,6.020253,5.788390,0.000000,1.387434,1.397968,1.00e-04
663,1.000,1.000,4.335555,3.733709,0.000000,1.366325,1.277637,5.973138,5.735320,0.000000,1.381572,1.398118,1.00e-04
664,1.000,1.000,4.317053,3.711523,0.000000,1.365168,1.278501,5.954305,5.710410,0.000000,1.382918,1.398214,1.00e-04
665,1.000,1.000,4.327683,3.723648,0.000000,1.366590,1.277460,5.982077,5.744605,0.000000,1.383413,1.398315,1.00e-04
666,1.000,1.000,4.325050,3.721174,0.000000,1.366380,1.275034,5.918996,5.666184,0.000000,1.383292,1.397080,1.00e-04
667,1.000,1.000,4.327891,3.723688,0.000000,1.366651,1.278100,5.955158,5.709868,0.000000,1.384802,1.397108,1.00e-04
668,1.000,1.000,4.299952,3.690264,0.000000,1.366023,1.274610,5.971416,5.733899,0.000000,1.381115,1.397021,1.00e-04
669,1.000,1.000,4.296194,3.688018,0.000000,1.362881,1.277373,5.940768,5.696924,0.000000,1.379634,1.397606,1.00e-04
670,1.000,1.000,4.305183,3.699708,0.000000,1.362618,1.276613,5.941099,5.697686,0.000000,1.379271,1.397666,1.00e-04
671,1.000,1.000,4.285518,3.675311,0.000000,1.362605,1.275928,5.914986,5.665087,0.000000,1.379472,1.396692,1.00e-04
672,1.000,1.000,4.281376,3.671279,0.000000,1.362188,1.273013,5.885353,5.628396,0.000000,1.378920,1.397503,1.00e-04
673,1.000,1.000,4.263036,3.649669,0.000000,1.359894,1.276926,5.924082,5.679011,0.000000,1.376728,1.397453,1.00e-04
674,1.000,1.000,4.273813,3.666229,0.000000,1.358162,1.271504,5.899858,5.650067,0.000000,1.375455,1.397197,1.00e-04
675,1.000,1.000,4.257211,3.644294,0.000000,1.359044,1.272704,5.876644,5.621372,0.000000,1.375289,1.396573,1.00e-04
676,1.000,1.000,4.263486,3.653326,0.000000,1.358102,1.271716,5.875325,5.617410,0.000000,1.377599,1.396593,1.00e-04
677,1.000,1.000,4.257367,3.643906,0.000000,1.360278,1.270100,5.882919,5.626495,0.000000,1.377924,1.396923,1.00e-04
678,1.000,1.000,4.264654,3.651871,0.000000,1.361540,1.269626,5.856852,5.590065,0.000000,1.381742,1.397030,1.00e-04
679,1.000,1.000,4.251115,3.631727,0.000000,1.364560,1.270429,5.890365,5.631021,0.000000,1.382558,1.397509,1.00e-04
680,1.000,1.000,4.238720,3.617778,0.000000,1.363866,1.267027,5.818563,5.545267,0.000000,1.378816,1.396482,1.00e-04
681,1.000,1.000,4.229717,3.613454,0.000000,1.357596,1.264382,5.816520,5.548760,0.000000,1.372655,1.396938,1.00e-04
682,1.000,1.000,4.221186,3.604760,0.000000,1.355699,1.264092,5.811092,5.540803,0.000000,1.374009,1.396211,1.00e-04
683,1.000,1.000,4.220363,3.598718,0.000000,1.359327,1.269638,5.833890,5.564791,0.000000,1.378390,1.396724,1.00e-04
684,1.000,1.000,4.208312,3.583549,0.000000,1.361522,1.261273,5.836304,5.568838,0.000000,1.377320,1.396889,1.00e-04
685,1.000,1.000,4.209825,3.587666,0.000000,1.358734,1.263523,5.841427,5.579566,0.000000,1.372991,1.396907,1.00e-04
686,1.000,1.000,4.193241,3.569198,0.000000,1.356079,1.265102,5.790856,5.515059,0.000000,1.374275,1.396945,1.00e-04
687,1.000,1.000,4.183801,3.556446,0.000000,1.357842,1.261852,5.822047,5.550207,0.000000,1.377925,1.397704,1.00e-04
688,1.000,1.000,4.187444,3.560518,0.000000,1.358604,1.260736,5.763769,5.479608,0.000000,1.375836,1.397071,1.00e-04
689,1.000,1.000,4.172691,3.545097,0.000000,1.354282,1.265939,5.746203,5.464695,0.000000,1.368886,1.396691,1.00e-04
690,1.000,1.000,4.172173,3.549724,0.000000,1.350869,1.258495,5.745136,5.463100,0.000000,1.369375,1.395779,1.00e-04
691,1.000,1.000,4.172537,3.549032,0.000000,1.351586,1.260214,5.778043,5.502732,0.000000,1.371029,1.395167,1.00e-04
692,1.000,1.000,4.158964,3.529132,0.000000,1.354054,1.262079,5.771609,5.491852,0.000000,1.373840,1.395273,1.00e-04
693,1.000,1.000,4.161955,3.534138,0.000000,1.353788,1.258070,5.733398,5.445423,0.000000,1.372353,1.395886,1.00e-04
694,1.000,1.000,4.147848,3.515459,0.000000,1.354704,1.258586,5.744133,5.460213,0.000000,1.371014,1.395752,1.00e-04
695,1.000,1.000,4.151473,3.522581,0.000000,1.353244,1.254064,5.720369,5.430658,0.000000,1.370862,1.395767,1.00e-04
696,1.000,1.000,4.146632,3.516998,0.000000,1.352643,1.254597,5.715544,5.425851,0.000000,1.369879,1.394801,1.00e-04
697,1.000,1.000,4.127501,3.493738,0.000000,1.351204,1.257737,5.759988,5.482006,0.000000,1.369274,1.394821,1.00e-04
698,1.000,1.000,4.136062,3.507556,0.000000,1.348762,1.255040,5.731170,5.446324,0.000000,1.368925,1.394851,1.00e-04
699,1.000,1.000,4.131344,3.501723,0.000000,1.348252,1.256818,5.662099,5.362427,0.000000,1.366576,1.394482,1.00e-04
700,1.000,1.000,4.118070,3.484014,0.000000,1.349936,1.254550,5.689207,5.392273,0.000000,1.370256,1.395917,1.00e-04
701,1.000,1.000,4.104003,3.467127,0.000000,1.349507,1.253478,5.658181,5.358309,0.000000,1.365651,1.395064,1.00e-04
702,1.000,1.000,4.092146,3.457113,0.000000,1.346334,1.246943,5.656118,5.358266,0.000000,1.363265,1.394467,1.00e-04
703,1.000,1.000,4.103949,3.472585,0.000000,1.344263,1.252353,5.650638,5.352199,0.000000,1.362321,1.395112,1.00e-04
704,1.000,1.000,4.087727,3.451964,0.000000,1.344910,1.251140,5.669351,5.372349,0.000000,1.365800,1.394159,1.00e-04
705,1.000,1.000,4.088052,3.449742,0.000000,1.348522,1.247202,5.644206,5.338433,0.000000,1.368373,1.393807,1.00e-04
706,1.000,1.000,4.096262,3.460065,0.000000,1.348313,1.247800,5.665073,5.365713,0.000000,1.367031,1.394387,1.00e-04
707,1.000,1.000,4.086618,3.449667,0.000000,1.346959,1.246590,5.598174,5.283097,0.000000,1.366105,1.394057,1.00e-04
708,1.000,1.000,4.063064,3.420527,0.000000,1.346489,1.247257,5.595873,5.281528,0.000000,1.364826,1.393947,1.00e-04
709,1.000,1.000,4.068672,3.429494,0.000000,1.344835,1.246044,5.616610,5.307479,0.000000,1.364969,1.393261,1.00e-04
710,1.000,1.000,4.062256,3.421563,0.000000,1.345491,1.243063,5.622443,5.314870,0.000000,1.364963,1.392881,1.00e-04
711,1.000,1.000,4.041092,3.394732,0.000000,1.346306,1.241308,5.637619,5.333933,0.000000,1.365010,1.392321,1.00e-04
712,1.000,1.000,4.049456,3.405797,0.000000,1.344800,1.244893,5.618989,5.312684,0.000000,1.362802,1.393003,1.00e-04
713,1.000,1.000,4.033978,3.389571,0.000000,1.342698,1.240811,5.603180,5.294000,0.000000,1.361992,1.391930,1.00e-04
714,1.000,1.000,4.027828,3.381906,0.000000,1.342577,1.241205,5.569939,5.251303,0.000000,1.362913,1.392829,1.00e-04
715,1.000,1.000,4.011785,3.361841,0.000000,1.342365,1.242103,5.603078,5.291609,0.000000,1.363762,1.393904,1.00e-04
716,1.000,1.000,4.016240,3.370332,0.000000,1.341089,1.235516,5.543399,5.223078,0.000000,1.358451,1.390882,1.00e-04
717,1.000,1.000,4.017926,3.373800,0.000000,1.339637,1.235886,5.548365,5.227917,0.000000,1.359633,1.391627,1.00e-04
718,1.000,1.000,4.009060,3.362793,0.000000,1.339957,1.234298,5.547933,5.227798,0.000000,1.359443,1.390701,1.00e-04
719,1.000,1.000,4.006897,3.359885,0.000000,1.340030,1.234824,5.546763,5.224001,0.000000,1.361985,1.389872,1.00e-04
720,1.000,1.000,3.993033,3.340549,0.000000,1.341704,1.236157,5.516445,5.187702,0.000000,1.360582,1.389090,1.00e-04
721,1.000,1.000,3.990014,3.339045,0.000000,1.340703,1.231080,5.537672,5.215656,0.000000,1.358969,1.389856,1.00e-04
722,1.000,1.000,3.986477,3.336850,0.000000,1.338215,1.232122,5.548277,5.229725,0.000000,1.358370,1.389007,1.00e-04
723,1.000,1.000,3.979063,3.329705,0.000000,1.336271,1.231409,5.520806,5.198744,0.000000,1.355221,1.388169,1.00e-04
724,1.000,1.000,3.975024,3.326396,0.000000,1.334995,1.229553,5.503958,5.177576,0.000000,1.355488,1.387530,1.00e-04
725,1.000,1.000,3.970551,3.320245,0.000000,1.335708,1.228941,5.493029,5.163479,0.000000,1.355737,1.388282,1.00e-04
726,1.000,1.000,3.960206,3.307298,0.000000,1.335912,1.228190,5.509956,5.184098,0.000000,1.356378,1.387875,1.00e-04
727,1.000,1.000,3.954199,3.299964,0.000000,1.336163,1.226488,5.490869,5.162523,0.000000,1.353819,1.388977,1.00e-04
728,1.000,1.000,3.938259,3.283286,0.000000,1.332960,1.226311,5.497536,5.172234,0.000000,1.352358,1.389312,1.00e-04
729,1.000,1.000,3.943077,3.290580,0.000000,1.331836,1.225724,5.445992,5.109433,0.000000,1.350584,1.389894,1.00e-04
730,1.000,1.000,3.942635,3.291793,0.000000,1.330733,1.223073,5.432948,5.093551,0.000000,1.350614,1.388078,1.00e-04
731,1.000,1.000,3.939476,3.286196,0.000000,1.332518,1.222524,5.427413,5.082670,0.000000,1.354439,1.388628,1.00e-04
732,1.000,1.000,3.919601,3.260877,0.000000,1.333187,1.221747,5.402569,5.056200,0.000000,1.350174,1.387344,1.00e-04
733,1.000,1.000,3.934782,3.282822,0.000000,1.330476,1.220716,5.398199,5.052161,0.000000,1.348657,1.387720,1.00e-04
734,1.000,1.000,3.908648,3.250991,0.000000,1.329757,1.220250,5.436648,5.099687,0.000000,1.349715,1.385633,1.00e-04
735,1.000,1.000,3.909806,3.253775,0.000000,1.328127,1.221425,5.440284,5.104802,0.000000,1.349246,1.385226,1.00e-04
736,1.000,1.000,3.911154,3.255447,0.000000,1.329834,1.214647,5.423222,5.080977,0.000000,1.351883,1.384663,1.00e-04
737,1.000,1.000,3.908258,3.250460,0.000000,1.331074,1.215154,5.427461,5.087797,0.000000,1.350352,1.384707,1.00e-04
738,1.000,1.000,3.885545,3.226812,0.000000,1.327357,1.211049,5.380107,5.034242,0.000000,1.345063,1.383313,1.00e-04
739,1.000,1.000,3.892995,3.237811,0.000000,1.325474,1.211838,5.363891,5.011606,0.000000,1.347379,1.383512,1.00e-04
740,1.000,1.000,3.886011,3.225961,0.000000,1.328768,1.211139,5.371836,5.019142,0.000000,1.349847,1.383223,1.00e-04
741,1.000,1.000,3.876100,3.213021,0.000000,1.329789,1.209259,5.369105,5.019016,0.000000,1.346799,1.382268,1.00e-04
742,1.000,1.000,3.865404,3.203196,0.000000,1.326793,1.207065,5.351240,4.998551,0.000000,1.344879,1.382475,1.00e-04
743,1.000,1.000,3.849689,3.185197,0.000000,1.326223,1.202765,5.350979,4.998324,0.000000,1.344978,1.381687,1.00e-04
744,1.000,1.000,3.855751,3.195210,0.000000,1.323501,1.203909,5.320850,4.964258,0.000000,1.341694,1.380443,1.00e-04
745,1.000,1.000,3.854704,3.196485,0.000000,1.321798,1.200391,5.353745,5.005251,0.000000,1.341965,1.379861,1.00e-04
746,1.000,1.000,3.861594,3.203931,0.000000,1.322539,1.202090,5.379258,5.032706,0.000000,1.346334,1.380127,1.00e-04
747,1.000,1.000,3.847691,3.182207,0.000000,1.326947,1.201837,5.324049,4.963299,0.000000,1.347430,1.377329,1.00e-04
748,1.000,1.000,3.833199,3.165287,0.000000,1.326519,1.198772,5.288469,4.923094,0.000000,1.343005,1.377947,1.00e-04
749,1.000,1.000,3.831273,3.164714,0.000000,1.323862,1.202057,5.326527,4.970234,0.000000,1.343441,1.377935,1.00e-04
750,1.000,1.000,3.831273,3.168068,0.000000,1.321406,1.198471,5.325320,4.968039,0.000000,1.344251,1.377441,1.00e-04
751,1.000,1.000,3.824859,3.159089,0.000000,1.323285,1.194801,5.299312,4.935411,0.000000,1.344268,1.377845,1.00e-04
752,1.000,1.000,3.806873,3.137526,0.000000,1.323128,1.191747,5.337765,4.985368,0.000000,1.342340,1.377988,1.00e-04
753,1.000,1.000,3.815974,3.151164,0.000000,1.320229,1.194295,5.280350,4.915820,0.000000,1.339890,1.378908,1.00e-04
754,1.000,1.000,3.803370,3.137530,0.000000,1.318549,1.192533,5.270640,4.904985,0.000000,1.339039,1.377102,1.00e-04
755,1.000,1.000,3.791798,3.125262,0.000000,1.318347,1.184554,5.279257,4.916085,0.000000,1.338837,1.376599,1.00e-04
756,1.000,1.000,3.791667,3.127356,0.000000,1.316886,1.181370,5.279177,4.917350,0.000000,1.337649,1.375890,1.00e-04
757,1.000,1.000,3.792566,3.126464,0.000000,1.317839,1.185619,5.253585,4.883458,0.000000,1.339617,1.375624,1.00e-04
758,1.000,1.000,3.782464,3.113677,0.000000,1.319134,1.181074,5.238043,4.864600,0.000000,1.339441,1.374052,1.00e-04
759,1.000,1.000,3.770861,3.100484,0.000000,1.317354,1.182955,5.237316,4.865370,0.000000,1.338189,1.372344,1.00e-04
760,1.000,1.000,3.761179,3.089548,0.000000,1.316646,1.181120,5.222803,4.847281,0.000000,1.337773,1.373797,1.00e-04
761,1.000,1.000,3.758041,3.087433,0.000000,1.315246,1.179483,5.195605,4.816932,0.000000,1.334136,1.373755,1.00e-04
762,1.000,1.000,3.755605,3.088642,0.000000,1.311665,1.176796,5.205806,4.832249,0.000000,1.332165,1.371373,1.00e-04
763,1.000,1.000,3.747656,3.076438,0.000000,1.314383,1.174996,5.200865,4.820431,0.000000,1.338001,1.370598,1.00e-04
764,1.000,1.000,3.739996,3.065596,0.000000,1.315142,1.177025,5.207975,4.832362,0.000000,1.335385,1.368887,1.00e-04
765,1.000,1.000,3.736318,3.063296,0.000000,1.313404,1.174792,5.176449,4.794865,0.000000,1.333541,1.368619,1.00e-04
766,1.000,1.000,3.724561,3.051192,0.000000,1.311853,1.170623,5.173045,4.792581,0.000000,1.332101,1.366496,1.00e-04
767,1.000,1.000,3.735550,3.065626,0.000000,1.312271,1.166160,5.151217,4.764758,0.000000,1.332704,1.366237,1.00e-04
768,1.000,1.000,3.732212,3.061118,0.000000,1.313417,1.162915,5.145329,4.755489,0.000000,1.334649,1.366094,1.00e-04
769,1.000,1.000,3.716394,3.039690,0.000000,1.314509,1.165174,5.143176,4.753781,0.000000,1.333793,1.365586,1.00e-04
770,1.000,1.000,3.713756,3.038250,0.000000,1.311598,1.169384,5.141526,4.754633,0.000000,1.331067,1.364830,1.00e-04
771,1.000,1.000,3.713792,3.041127,0.000000,1.311620,1.157972,5.114186,4.720662,0.000000,1.331134,1.363747,1.00e-04
772,1.000,1.000,3.707407,3.034236,0.000000,1.311053,1.155881,5.156828,4.771232,0.000000,1.334118,1.362742,1.00e-04
773,1.000,1.000,3.707092,3.032031,0.000000,1.312240,1.158374,5.118349,4.724050,0.000000,1.333312,1.362295,1.00e-04
774,1.000,1.000,3.680879,3.002024,0.000000,1.311551,1.150094,5.131540,4.741742,0.000000,1.331927,1.363028,1.00e-04
775,1.000,1.000,3.695995,3.020178,0.000000,1.311793,1.152094,5.138257,4.749038,0.000000,1.333210,1.362296,1.00e-04
776,1.000,1.000,3.678397,2.999938,0.000000,1.311555,1.146016,5.111778,4.719317,0.000000,1.330250,1.360624,1.00e-04
777,1.000,1.000,3.685717,3.010433,0.000000,1.308788,1.151704,5.105931,4.710770,0.000000,1.331228,1.361665,1.00e-04
778,1.000,1.000,3.674866,2.999388,0.000000,1.308554,1.142560,5.115117,4.723468,0.000000,1.330280,1.360593,1.00e-04
779,1.000,1.000,3.669779,2.993544,0.000000,1.307878,1.143209,5.080325,4.682100,0.000000,1.328465,1.359370,1.00e-04
780,1.000,1.000,3.659407,2.980758,0.000000,1.307730,1.143083,5.082651,4.683454,0.000000,1.330073,1.359145,1.00e-04
781,1.000,1.000,3.657873,2.982434,0.000000,1.305863,1.136178,5.056481,4.656418,0.000000,1.325284,1.355591,1.00e-04
782,1.000,1.000,3.635982,2.955395,0.000000,1.305505,1.136306,5.076105,4.677444,0.000000,1.328724,1.355857,1.00e-04
783,1.000,1.000,3.642947,2.961854,0.000000,1.305826,1.144015,5.056138,4.656162,0.000000,1.325687,1.353297,1.00e-04
784,1.000,1.000,3.644487,2.967850,0.000000,1.305487,1.129087,5.081008,4.684725,0.000000,1.328212,1.353291,1.00e-04
785,1.000,1.000,3.655968,2.978130,0.000000,1.308571,1.133037,5.092791,4.698868,0.000000,1.328258,1.355450,1.00e-04
786,1.000,1.000,3.658816,2.986459,0.000000,1.304675,1.129544,5.041389,4.638961,0.000000,1.324740,1.352139,1.00e-04
787,1.000,1.000,3.622084,2.941405,0.000000,1.304845,1.125421,5.000810,4.586864,0.000000,1.325638,1.354041,1.00e-04
788,1.000,1.000,3.622717,2.941166,0.000000,1.304655,1.130304,5.023393,4.613907,0.000000,1.327332,1.352009,1.00e-04
789,1.000,1.000,3.621159,2.940481,0.000000,1.306823,1.116576,5.043673,4.638118,0.000000,1.328110,1.353454,1.00e-04
790,1.000,1.000,3.617278,2.934577,0.000000,1.306672,1.121395,5.024439,4.616036,0.000000,1.326962,1.350202,1.00e-04
791,1.000,1.000,3.603680,2.922308,0.000000,1.302917,1.117504,5.012850,4.604994,0.000000,1.324220,1.347398,1.00e-04
792,1.000,1.000,3.591618,2.909049,0.000000,1.301768,1.114821,5.012753,4.606587,0.000000,1.322447,1.347626,1.00e-04
793,1.000,1.000,3.585888,2.905822,0.000000,1.300430,1.104430,4.988331,4.577287,0.000000,1.321748,1.345515,1.00e-04
794,1.000,1.000,3.589492,2.909270,0.000000,1.299284,1.113242,4.997220,4.589106,0.000000,1.321672,1.342985,1.00e-04
795,1.000,1.000,3.581202,2.897997,0.000000,1.301036,1.109878,4.982876,4.567539,0.000000,1.324712,1.345376,1.00e-04
796,1.000,1.000,3.569092,2.885311,0.000000,1.300058,1.103986,4.944016,4.525672,0.000000,1.319355,1.339973,1.00e-04
797,1.000,1.000,3.572564,2.891870,0.000000,1.299168,1.098667,4.932325,4.509392,0.000000,1.321222,1.339169,1.00e-04
798,1.000,1.000,3.573037,2.890066,0.000000,1.299903,1.105307,4.948658,4.529340,0.000000,1.321883,1.338398,1.00e-04
799,1.000,1.000,3.553649,2.865261,0.000000,1.302008,1.099168,4.996417,4.584944,0.000000,1.326073,1.338018,1.00e-04
800,1.000,1.000,3.543880,2.854821,0.000000,1.301908,1.092482,4.942171,4.523452,0.000000,1.320381,1.335522,1.00e-04
801,1.000,1.000,3.548289,2.866679,0.000000,1.296430,1.089006,4.906286,4.483099,0.000000,1.316310,1.333792,1.00e-04
802,1.000,1.000,3.542207,2.859765,0.000000,1.295790,1.088814,4.909804,4.486920,0.000000,1.317797,1.330149,1.00e-04
803,1.000,1.000,3.545129,2.861812,0.000000,1.299554,1.080176,4.886406,4.454212,0.000000,1.321743,1.328211,1.00e-04
804,1.000,1.000,3.530429,2.842880,0.000000,1.300858,1.077190,4.919523,4.497887,0.000000,1.320027,1.325961,1.00e-04
805,1.000,1.000,3.522727,2.837205,0.000000,1.297455,1.074998,4.881180,4.454303,0.000000,1.316539,1.322536,1.00e-04
806,1.000,1.000,3.519772,2.834345,0.000000,1.296246,1.076495,4.869829,4.439325,0.000000,1.317270,1.322766,1.00e-04
807,1.000,1.000,3.514266,2.828242,0.000000,1.296685,1.071625,4.886534,4.455324,0.000000,1.321755,1.324354,1.00e-04
808,1.000,1.000,3.512685,2.825040,0.000000,1.298194,1.070489,4.896601,4.469452,0.000000,1.321363,1.319740,1.00e-04
809,1.000,1.000,3.506086,2.820276,0.000000,1.297959,1.057489,4.888678,4.464317,0.000000,1.317068,1.317853,1.00e-04
810,1.000,1.000,3.497842,2.809838,0.000000,1.297126,1.061354,4.888843,4.465890,0.000000,1.316388,1.315103,1.00e-04
811,1.000,1.000,3.507190,2.824983,0.000000,1.292790,1.064860,4.870628,4.443596,0.000000,1.315980,1.314840,1.00e-04
812,1.000,1.000,3.499244,2.815334,0.000000,1.296948,1.047093,4.858577,4.426958,0.000000,1.318349,1.311657,1.00e-04
813,1.000,1.000,3.490504,2.805110,0.000000,1.296116,1.047619,4.876929,4.451427,0.000000,1.316669,1.312262,1.00e-04
814,1.000,1.000,3.480690,2.796159,0.000000,1.293422,1.045125,4.819354,4.383990,0.000000,1.312846,1.309423,1.00e-04
815,1.000,1.000,3.478127,2.794726,0.000000,1.290655,1.049113,4.842597,4.410761,0.000000,1.315354,1.308522,1.00e-04
816,1.000,1.000,3.477793,2.792709,0.000000,1.294926,1.038428,4.831118,4.394701,0.000000,1.317008,1.308757,1.00e-04
817,1.000,1.000,3.467927,2.781154,0.000000,1.294400,1.037418,4.798455,4.356251,0.000000,1.315565,1.305010,1.00e-04
818,1.000,1.000,3.463356,2.776757,0.000000,1.293860,1.034311,4.827021,4.390575,0.000000,1.317741,1.301839,1.00e-04
819,1.000,1.000,3.461157,2.773878,0.000000,1.295031,1.030150,4.824493,4.388290,0.000000,1.317185,1.300565,1.00e-04
820,1.000,1.000,3.454295,2.765746,0.000000,1.295382,1.026960,4.796491,4.355459,0.000000,1.316081,1.296289,1.00e-04
821,1.000,1.000,3.442961,2.754795,0.000000,1.291239,1.030667,4.768280,4.326137,0.000000,1.310980,1.292931,1.00e-04
822,1.000,1.000,3.443381,2.757038,0.000000,1.292440,1.018991,4.820916,4.385690,0.000000,1.316577,1.295511,1.00e-04
823,1.000,1.000,3.433025,2.742282,0.000000,1.294642,1.017431,4.785250,4.343895,0.000000,1.315275,1.289568,1.00e-04
824,1.000,1.000,3.427934,2.740778,0.000000,1.290578,1.014247,4.758570,4.314157,0.000000,1.312253,1.287208,1.00e-04
825,1.000,1.000,3.425734,2.736640,0.000000,1.293059,1.009875,4.769886,4.323678,0.000000,1.317619,1.284243,1.00e-04
826,1.000,1.000,3.407493,2.712343,0.000000,1.295038,1.007943,4.738807,4.286348,0.000000,1.315694,1.285867,1.00e-04
827,1.000,1.000,3.403626,2.714827,0.000000,1.290585,0.996478,4.739740,4.295062,0.000000,1.310113,1.277999,1.00e-04
828,1.000,1.000,3.400969,2.714708,0.000000,1.287900,0.994414,4.734319,4.287149,0.000000,1.311852,1.275589,1.00e-04
829,1.000,1.000,3.398571,2.710180,0.000000,1.291255,0.987118,4.721423,4.270024,0.000000,1.313446,1.273229,1.00e-04
830,1.000,1.000,3.387940,2.700134,0.000000,1.290472,0.977277,4.729529,4.284282,0.000000,1.310234,1.269580,1.00e-04
831,1.000,1.000,3.395943,2.710682,0.000000,1.289280,0.979866,4.719728,4.267670,0.000000,1.314864,1.268506,1.00e-04
832,1.000,1.000,3.386842,2.695560,0.000000,1.293678,0.977255,4.718721,4.265369,0.000000,1.315719,1.269251,1.00e-04
833,1.000,1.000,3.382511,2.694975,0.000000,1.290888,0.969104,4.706847,4.258786,0.000000,1.309070,1.262809,1.00e-04
834,1.000,1.000,3.373525,2.688786,0.000000,1.286553,0.966269,4.710300,4.261397,0.000000,1.310911,1.262266,1.00e-04
835,1.000,1.000,3.362355,2.673576,0.000000,1.288669,0.962793,4.719088,4.270324,0.000000,1.312805,1.262921,1.00e-04
836,1.000,1.000,3.360168,2.671157,0.000000,1.289119,0.959738,4.690726,4.237480,0.000000,1.310584,1.261374,1.00e-04
837,1.000,1.000,3.362482,2.674189,0.000000,1.289039,0.959498,4.695678,4.245767,0.000000,1.310097,1.254932,1.00e-04
838,1.000,1.000,3.360627,2.674352,0.000000,1.289281,0.948601,4.677545,4.224276,0.000000,1.308981,1.254696,1.00e-04
839,1.000,1.000,3.357548,2.674639,0.000000,1.285321,0.947896,4.669454,4.213615,0.000000,1.309125,1.256308,1.00e-04
840,1.000,1.000,3.339892,2.652812,0.000000,1.286789,0.941055,4.643800,4.185994,0.000000,1.305627,1.252514,1.00e-04
841,1.000,1.000,3.340547,2.657619,0.000000,1.283469,0.938381,4.642122,4.182941,0.000000,1.306951,1.251040,1.00e-04
842,1.000,1.000,3.344907,2.659730,0.000000,1.287232,0.936687,4.640732,4.180396,0.000000,1.308341,1.248710,1.00e-04
843,1.000,1.000,3.329707,2.644265,0.000000,1.286800,0.924274,4.644316,4.185221,0.000000,1.308368,1.247226,1.00e-04
844,1.000,1.000,3.324166,2.634759,0.000000,1.287167,0.933127,4.669266,4.217180,0.000000,1.307826,1.246303,1.00e-04
845,1.000,1.000,3.324001,2.640990,0.000000,1.284576,0.917739,4.629049,4.169403,0.000000,1.306714,1.240777,1.00e-04
846,1.000,1.000,3.320104,2.635404,0.000000,1.285995,0.914922,4.621513,4.157888,0.000000,1.308932,1.240285,1.00e-04
847,1.000,1.000,3.317501,2.631800,0.000000,1.285769,0.917230,4.632903,4.172175,0.000000,1.310297,1.234625,1.00e-04
848,1.000,1.000,3.307061,2.619236,0.000000,1.288840,0.903000,4.632083,4.171232,0.000000,1.310385,1.233944,1.00e-04
849,1.000,1.000,3.302298,2.616343,0.000000,1.284350,0.908719,4.630380,4.173269,0.000000,1.307372,1.229338,1.00e-04
850,1.000,1.000,3.293178,2.608318,0.000000,1.284715,0.893757,4.613825,4.155663,0.000000,1.306032,1.222347,1.00e-04
851,1.000,1.000,3.291059,2.608342,0.000000,1.281797,0.894734,4.561432,4.094059,0.000000,1.301958,1.223087,1.00e-04
852,1.000,1.000,3.281618,2.598963,0.000000,1.280154,0.891621,4.579313,4.116796,0.000000,1.304404,1.211767,1.00e-04
853,1.000,1.000,3.279671,2.597974,0.000000,1.282710,0.875615,4.568602,4.101789,0.000000,1.306403,1.210242,1.00e-04
854,1.000,1.000,3.267697,2.582195,0.000000,1.281606,0.883280,4.594778,4.135292,0.000000,1.305873,1.209227,1.00e-04
855,1.000,1.000,3.264558,2.579746,0.000000,1.284043,0.867636,4.590484,4.129617,0.000000,1.306960,1.206111,1.00e-04
856,1.000,1.000,3.269177,2.588529,0.000000,1.282702,0.860959,4.558357,4.091548,0.000000,1.305701,1.202790,1.00e-04
857,1.000,1.000,3.250851,2.563933,0.000000,1.283124,0.866026,4.555791,4.087761,0.000000,1.307107,1.199484,1.00e-04
858,1.000,1.000,3.243821,2.557485,0.000000,1.282384,0.859628,4.520421,4.048485,0.000000,1.303455,1.194343,1.00e-04
859,1.000,1.000,3.251973,2.573810,0.000000,1.279868,0.845154,4.515545,4.044352,0.000000,1.301763,1.193265,1.00e-04
860,1.000,1.000,3.255787,2.577916,0.000000,1.278447,0.853484,4.515158,4.046839,0.000000,1.299715,1.189572,1.00e-04
861,1.000,1.000,3.238476,2.558215,0.000000,1.279906,0.839895,4.505186,4.026335,0.000000,1.306788,1.193438,1.00e-04
862,1.000,1.000,3.239810,2.556711,0.000000,1.285816,0.828941,4.487135,4.004193,0.000000,1.305976,1.194998,1.00e-04
863,1.000,1.000,3.226745,2.541161,0.000000,1.282871,0.837595,4.506627,4.028119,0.000000,1.307434,1.190919,1.00e-04
864,1.000,1.000,3.213917,2.529719,0.000000,1.281290,0.825547,4.518485,4.050236,0.000000,1.302063,1.183228,1.00e-04
865,1.000,1.000,3.226360,2.548589,0.000000,1.279457,0.819616,4.489396,4.010449,0.000000,1.304556,1.186960,1.00e-04
866,1.000,1.000,3.211626,2.529554,0.000000,1.280584,0.817582,4.491872,4.017419,0.000000,1.302101,1.181276,1.00e-04
867,1.000,1.000,3.198916,2.520078,0.000000,1.277058,0.806035,4.503433,4.030246,0.000000,1.304448,1.178390,1.00e-04
868,1.000,1.000,3.199467,2.519709,0.000000,1.278180,0.805777,4.474507,3.997384,0.000000,1.300755,1.179980,1.00e-04
869,1.000,1.000,3.197195,2.518526,0.000000,1.277674,0.801175,4.465832,3.985506,0.000000,1.302058,1.178903,1.00e-04
870,1.000,1.000,3.187463,2.507548,0.000000,1.276544,0.800944,4.474438,3.999719,0.000000,1.297016,1.185251,1.00e-04
871,1.000,1.000,3.189478,2.509269,0.000000,1.275493,0.808341,4.440974,3.960280,0.000000,1.298376,1.170246,1.00e-04
872,1.000,1.000,3.179354,2.501238,0.000000,1.275493,0.789845,4.433201,3.946329,0.000000,1.302167,1.172019,1.00e-04
873,1.000,1.000,3.175548,2.492990,0.000000,1.279139,0.789226,4.424247,3.935967,0.000000,1.301934,1.169628,1.00e-04
874,1.000,1.000,3.170369,2.489910,0.000000,1.278786,0.777060,4.385225,3.888749,0.000000,1.301018,1.167058,1.00e-04
875,1.000,1.000,3.163361,2.480182,0.000000,1.278342,0.782708,4.411792,3.923370,0.000000,1.300128,1.164966,1.00e-04
876,1.000,1.000,3.160015,2.481269,0.000000,1.275703,0.772188,4.427231,3.945383,0.000000,1.299054,1.158407,1.00e-04
877,1.000,1.000,3.157649,2.484130,0.000000,1.272909,0.760088,4.416125,3.933772,0.000000,1.296325,1.160237,1.00e-04
878,1.000,1.000,3.148139,2.469710,0.000000,1.273458,0.768026,4.408408,3.924033,0.000000,1.295308,1.164671,1.00e-04
879,1.000,1.000,3.143301,2.465892,0.000000,1.272610,0.762496,4.420302,3.937196,0.000000,1.300012,1.152676,1.00e-04
880,1.000,1.000,3.138244,2.458493,0.000000,1.276076,0.752944,4.401050,3.914971,0.000000,1.296307,1.160139,1.00e-04
881,1.000,1.000,3.137575,2.461913,0.000000,1.272680,0.749500,4.373223,3.882096,0.000000,1.298136,1.145191,1.00e-04
882,1.000,1.000,3.137593,2.463633,0.000000,1.273877,0.737925,4.373030,3.886803,0.000000,1.291880,1.150420,1.00e-04
883,1.000,1.000,3.123716,2.451179,0.000000,1.267830,0.742544,4.380532,3.888676,0.000000,1.299330,1.150635,1.00e-04
884,1.000,1.000,3.121367,2.444341,0.000000,1.273451,0.735667,4.363231,3.869137,0.000000,1.296422,1.153918,1.00e-04
885,1.000,1.000,3.114401,2.435849,0.000000,1.274257,0.731581,4.379402,3.892650,0.000000,1.296400,1.140809,1.00e-04
886,1.000,1.000,3.109425,2.436828,0.000000,1.270497,0.717827,4.358229,3.867606,0.000000,1.296128,1.136208,1.00e-04
887,1.000,1.000,3.107760,2.435440,0.000000,1.269550,0.718842,4.348351,3.858714,0.000000,1.291373,1.141409,1.00e-04
888,1.000,1.000,3.095599,2.423448,0.000000,1.268825,0.708906,4.325975,3.831905,0.000000,1.292860,1.130815,1.00e-04
889,1.000,1.000,3.092630,2.416658,0.000000,1.270639,0.713960,4.348492,3.857843,0.000000,1.293853,1.135675,1.00e-04
890,1.000,1.000,3.092097,2.418568,0.000000,1.270015,0.706151,4.332140,3.836478,0.000000,1.295476,1.132885,1.00e-04
891,1.000,1.000,3.084651,2.411449,0.000000,1.268595,0.703079,4.331142,3.836884,0.000000,1.294375,1.130676,1.00e-04
892,1.000,1.000,3.085448,2.412665,0.000000,1.271307,0.691352,4.319161,3.821175,0.000000,1.295824,1.127808,1.00e-04
893,1.000,1.000,3.076010,2.400262,0.000000,1.272324,0.689704,4.295466,3.792059,0.000000,1.292720,1.138216,1.00e-04
894,1.000,1.000,3.063794,2.384245,0.000000,1.269481,0.704066,4.285133,3.783497,0.000000,1.292466,1.121809,1.00e-04
895,1.000,1.000,3.059836,2.390423,0.000000,1.264975,0.677586,4.292935,3.794540,0.000000,1.290739,1.123563,1.00e-04
896,1.000,1.000,3.067346,2.396587,0.000000,1.269222,0.673492,4.304086,3.806755,0.000000,1.295435,1.111672,1.00e-04
897,1.000,1.000,3.054848,2.381375,0.000000,1.270459,0.666904,4.288547,3.787746,0.000000,1.294345,1.114372,1.00e-04
898,1.000,1.000,3.049069,2.374386,0.000000,1.270979,0.663886,4.262607,3.756097,0.000000,1.294464,1.110791,1.00e-04
899,1.000,1.000,3.041212,2.371555,0.000000,1.265047,0.659654,4.267711,3.766798,0.000000,1.284765,1.132305,1.00e-04
900,1.000,1.000,3.055724,2.391074,0.000000,1.261718,0.667451,4.257245,3.755190,0.000000,1.288712,1.110620,1.00e-04
901,1.000,1.000,3.035240,2.364216,0.000000,1.263373,0.665842,4.258855,3.751768,0.000000,1.295791,1.104038,1.00e-04
902,1.000,1.000,3.026045,2.350293,0.000000,1.269409,0.651416,4.243801,3.733421,0.000000,1.291577,1.119014,1.00e-04
903,1.000,1.000,3.027710,2.356654,0.000000,1.267957,0.640105,4.238351,3.730096,0.000000,1.290113,1.110920,1.00e-04
904,1.000,1.000,3.018239,2.349252,0.000000,1.263963,0.638334,4.227369,3.719439,0.000000,1.286344,1.113717,1.00e-04
905,1.000,1.000,3.027886,2.363350,0.000000,1.261006,0.642007,4.240080,3.735625,0.000000,1.289859,1.098461,1.00e-04
906,1.000,1.000,3.012630,2.342543,0.000000,1.262673,0.642288,4.224603,3.716310,0.000000,1.287947,1.105989,1.00e-04
907,1.000,1.000,3.019277,2.353769,0.000000,1.262916,0.629646,4.245820,3.739300,0.000000,1.291381,1.106380,1.00e-04
908,1.000,1.000,2.997996,2.325347,0.000000,1.265795,0.625413,4.237628,3.729570,0.000000,1.289263,1.112805,1.00e-04
909,1.000,1.000,2.995356,2.325013,0.000000,1.263167,0.624055,4.253315,3.749276,0.000000,1.290774,1.106375,1.00e-04
910,1.000,1.000,2.997572,2.330017,0.000000,1.261975,0.619891,4.228211,3.721139,0.000000,1.286725,1.109601,1.00e-04
911,1.000,1.000,2.992539,2.324750,0.000000,1.260850,0.620292,4.188942,3.675018,0.000000,1.285761,1.101589,1.00e-04
912,1.000,1.000,2.984351,2.316355,0.000000,1.260163,0.615684,4.189690,3.675060,0.000000,1.287412,1.098563,1.00e-04
913,1.000,1.000,2.971718,2.302673,0.000000,1.261071,0.603618,4.241440,3.738402,0.000000,1.287040,1.105433,1.00e-04
914,1.000,1.000,2.990987,2.326281,0.000000,1.259803,0.610601,4.225198,3.722873,0.000000,1.283292,1.101330,1.00e-04
915,1.000,1.000,2.989928,2.329882,0.000000,1.257985,0.598174,4.185936,3.673173,0.000000,1.285191,1.096223,1.00e-04
916,1.000,1.000,2.977758,2.311713,0.000000,1.259622,0.603449,4.185113,3.668946,0.000000,1.290638,1.087226,1.00e-04
917,1.000,1.000,2.964544,2.294837,0.000000,1.261413,0.597715,4.173980,3.658094,0.000000,1.286639,1.090969,1.00e-04
918,1.000,1.000,2.963659,2.299063,0.000000,1.258612,0.587597,4.184280,3.668478,0.000000,1.289011,1.091441,1.00e-04
919,1.000,1.000,2.953484,2.286488,0.000000,1.258031,0.589346,4.163862,3.649231,0.000000,1.284800,1.083183,1.00e-04
920,1.000,1.000,2.952232,2.286055,0.000000,1.257899,0.585342,4.133605,3.609858,0.000000,1.284551,1.090390,1.00e-04
921,1.000,1.000,2.946469,2.284827,0.000000,1.254251,0.576035,4.158858,3.641286,0.000000,1.283424,1.095448,1.00e-04
922,1.000,1.000,2.944629,2.283084,0.000000,1.253595,0.576428,4.128769,3.606389,0.000000,1.280135,1.097748,1.00e-04
923,1.000,1.000,2.947805,2.287277,0.000000,1.254783,0.570787,4.133982,3.609799,0.000000,1.284809,1.091475,1.00e-04
924,1.000,1.000,2.930681,2.263164,0.000000,1.257205,0.571929,4.137459,3.614690,0.000000,1.283839,1.093182,1.00e-04
925,1.000,1.000,2.930398,2.266834,0.000000,1.255973,0.560762,4.156501,3.641059,0.000000,1.282447,1.088483,1.00e-04
926,1.000,1.000,2.929997,2.266077,0.000000,1.255445,0.563899,4.162779,3.646252,0.000000,1.283170,1.096208,1.00e-04
927,1.000,1.000,2.920946,2.256829,0.000000,1.254636,0.558871,4.135236,3.615221,0.000000,1.283782,1.080170,1.00e-04
928,1.000,1.000,2.917540,2.253206,0.000000,1.254545,0.556695,4.115618,3.585770,0.000000,1.282045,1.106827,1.00e-04
929,1.000,1.000,2.910297,2.243206,0.000000,1.255371,0.557179,4.087385,3.557885,0.000000,1.281156,1.080760,1.00e-04
930,1.000,1.000,2.895044,2.228035,0.000000,1.253776,0.547971,4.075728,3.545022,0.000000,1.279937,1.078801,1.00e-04
931,1.000,1.000,2.908316,2.245130,0.000000,1.254287,0.543911,4.090399,3.556361,0.000000,1.278833,1.111218,1.00e-04
932,1.000,1.000,2.909099,2.249458,0.000000,1.251475,0.541763,4.072556,3.543156,0.000000,1.280196,1.069373,1.00e-04
933,1.000,1.000,2.900958,2.242507,0.000000,1.250128,0.534248,4.097588,3.569302,0.000000,1.282612,1.080280,1.00e-04
934,1.000,1.000,2.889909,2.222853,0.000000,1.253782,0.543008,4.076580,3.546284,0.000000,1.278035,1.085622,1.00e-04
935,1.000,1.000,2.888784,2.226714,0.000000,1.251274,0.531970,4.084785,3.556095,0.000000,1.278275,1.086447,1.00e-04
936,1.000,1.000,2.880172,2.216144,0.000000,1.249943,0.536517,4.065087,3.532716,0.000000,1.276540,1.088412,1.00e-04
937,1.000,1.000,2.869272,2.208319,0.000000,1.249007,0.517057,4.062600,3.530416,0.000000,1.279851,1.071931,1.00e-04
938,1.000,1.000,2.871842,2.208772,0.000000,1.249422,0.526435,4.045649,3.506859,0.000000,1.279827,1.081497,1.00e-04
939,1.000,1.000,2.862027,2.195787,0.000000,1.251249,0.521991,4.030370,3.487220,0.000000,1.276807,1.095741,1.00e-04
940,1.000,1.000,2.874098,2.212909,0.000000,1.248923,0.523161,4.025670,3.485287,0.000000,1.276112,1.082750,1.00e-04
941,1.000,1.000,2.861639,2.200759,0.000000,1.248616,0.510697,4.027012,3.486839,0.000000,1.279241,1.070742,1.00e-04
942,1.000,1.000,2.845602,2.180686,0.000000,1.248750,0.510268,4.039101,3.502649,0.000000,1.276823,1.077612,1.00e-04
943,1.000,1.000,2.857414,2.198764,0.000000,1.246320,0.506730,4.026911,3.489995,0.000000,1.276901,1.066971,1.00e-04
944,1.000,1.000,2.841277,2.179280,0.000000,1.247989,0.497307,4.017013,3.474635,0.000000,1.276490,1.080563,1.00e-04
945,1.000,1.000,2.840048,2.176605,0.000000,1.247575,0.503518,4.015645,3.471276,0.000000,1.277359,1.083684,1.00e-04
946,1.000,1.000,2.824617,2.161162,0.000000,1.246299,0.493239,4.013657,3.466503,0.000000,1.275584,1.099937,1.00e-04
947,1.000,1.000,2.832890,2.175309,0.000000,1.242895,0.491631,3.985916,3.437053,0.000000,1.271289,1.096212,1.00e-04
948,1.000,1.000,2.834020,2.179099,0.000000,1.244771,0.474623,3.968357,3.412764,0.000000,1.277322,1.081442,1.00e-04
949,1.000,1.000,2.812462,2.146747,0.000000,1.248509,0.481286,3.976892,3.421420,0.000000,1.278239,1.085826,1.00e-04
950,1.000,1.000,2.819407,2.159142,0.000000,1.246572,0.474184,3.969740,3.416263,0.000000,1.275336,1.082306,1.00e-04
951,1.000,1.000,2.822199,2.162107,0.000000,1.245231,0.481645,3.954745,3.404197,0.000000,1.271343,1.071559,1.00e-04
952,1.000,1.000,2.810140,2.150871,0.000000,1.242577,0.476908,3.974404,3.426653,0.000000,1.273356,1.071986,1.00e-04
953,1.000,1.000,2.807278,2.150498,0.000000,1.243096,0.462016,3.959312,3.408952,0.000000,1.273747,1.065759,1.00e-04
954,1.000,1.000,2.803761,2.145208,0.000000,1.243773,0.462880,3.942193,3.388019,0.000000,1.273130,1.066366,1.00e-04
955,1.000,1.000,2.795288,2.132485,0.000000,1.245621,0.464014,3.948382,3.390239,0.000000,1.271896,1.093372,1.00e-04
956,1.000,1.000,2.786245,2.121735,0.000000,1.243609,0.469848,3.943215,3.389181,0.000000,1.270055,1.079132,1.00e-04
957,1.000,1.000,2.783446,2.123959,0.000000,1.241488,0.455440,3.942520,3.398526,0.000000,1.269440,1.040736,1.00e-04
958,1.000,1.000,2.779956,2.125173,0.000000,1.239152,0.442478,3.937034,3.390770,0.000000,1.270011,1.042048,1.00e-04
959,1.000,1.000,2.780909,2.125448,0.000000,1.240731,0.439826,3.957430,3.410985,0.000000,1.269909,1.063574,1.00e-04
960,1.000,1.000,2.787736,2.134880,0.000000,1.239933,0.439424,3.945409,3.397137,0.000000,1.269932,1.058769,1.00e-04
961,1.000,1.000,2.769246,2.114808,0.000000,1.238238,0.434047,3.901083,3.343215,0.000000,1.267561,1.062309,1.00e-04
962,1.000,1.000,2.765036,2.109160,0.000000,1.238336,0.435192,3.937745,3.380415,0.000000,1.267550,1.096864,1.00e-04
963,1.000,1.000,2.765814,2.110464,0.000000,1.238638,0.432666,3.931822,3.376048,0.000000,1.270426,1.073216,1.00e-04
964,1.000,1.000,2.762613,2.107556,0.000000,1.239400,0.425240,3.920933,3.372184,0.000000,1.268484,1.041996,1.00e-04
965,1.000,1.000,2.746308,2.088303,0.000000,1.239282,0.421201,3.925852,3.370891,0.000000,1.271058,1.061464,1.00e-04
966,1.000,1.000,2.744404,2.086206,0.000000,1.239153,0.420586,3.908259,3.352332,0.000000,1.265980,1.068048,1.00e-04
967,1.000,1.000,2.752174,2.102565,0.000000,1.235062,0.410364,3.885980,3.323214,0.000000,1.268052,1.064829,1.00e-04
968,1.000,1.000,2.739265,2.083184,0.000000,1.238764,0.408534,3.879134,3.311668,0.000000,1.267478,1.079084,1.00e-04
969,1.000,1.000,2.732952,2.076783,0.000000,1.237152,0.409020,3.871463,3.296833,0.000000,1.269196,1.093198,1.00e-04
970,1.000,1.000,2.727653,2.073099,0.000000,1.236399,0.400270,3.844016,3.274904,0.000000,1.267146,1.051880,1.00e-04
971,1.000,1.000,2.720130,2.064150,0.000000,1.235472,0.402165,3.865025,3.300703,0.000000,1.265355,1.060894,1.00e-04
972,1.000,1.000,2.732006,2.079937,0.000000,1.236033,0.396153,3.894844,3.340101,0.000000,1.268693,1.039043,1.00e-04
973,1.000,1.000,2.717307,2.059612,0.000000,1.238893,0.392513,3.834183,3.264040,0.000000,1.266855,1.047339,1.00e-04
974,1.000,1.000,2.709445,2.052361,0.000000,1.236554,0.391564,3.848157,3.283658,0.000000,1.266448,1.040362,1.00e-04
975,1.000,1.000,2.709682,2.057381,0.000000,1.233407,0.385257,3.851528,3.286946,0.000000,1.264051,1.053656,1.00e-04
976,1.000,1.000,2.697722,2.043559,0.000000,1.233711,0.379532,3.845658,3.278223,0.000000,1.266879,1.047884,1.00e-04
977,1.000,1.000,2.696462,2.038343,0.000000,1.237187,0.380186,3.833699,3.263191,0.000000,1.264329,1.058417,1.00e-04
978,1.000,1.000,2.704973,2.053386,0.000000,1.234097,0.374929,3.836107,3.274626,0.000000,1.262293,1.032862,1.00e-04
979,1.000,1.000,2.698839,2.047453,0.000000,1.233141,0.371816,3.795920,3.221322,0.000000,1.263257,1.041281,1.00e-04
980,1.000,1.000,2.704418,2.053130,0.000000,1.234585,0.371231,3.806657,3.232244,0.000000,1.266063,1.040056,1.00e-04
981,1.000,1.000,2.678195,2.021655,0.000000,1.235678,0.361644,3.822722,3.244808,0.000000,1.264985,1.074438,1.00e-04
982,1.000,1.000,2.682866,2.029474,0.000000,1.233461,0.362594,3.801180,3.222564,0.000000,1.262866,1.064179,1.00e-04
983,1.000,1.000,2.674842,2.022060,0.000000,1.231199,0.361176,3.781503,3.200698,0.000000,1.261153,1.060110,1.00e-04
984,1.000,1.000,2.673591,2.018764,0.000000,1.231042,0.368736,3.780927,3.197786,0.000000,1.259826,1.074190,1.00e-04
985,1.000,1.000,2.673727,2.021969,0.000000,1.232311,0.351517,3.791579,3.213045,0.000000,1.263152,1.053108,1.00e-04
986,1.000,1.000,2.666465,2.011095,0.000000,1.232262,0.358895,3.770685,3.190125,0.000000,1.259127,1.056417,1.00e-04
987,1.000,1.000,2.654731,2.002421,0.000000,1.228801,0.348763,3.783528,3.209391,0.000000,1.258404,1.046459,1.00e-04
988,1.000,1.000,2.659918,2.009988,0.000000,1.228140,0.347075,3.777190,3.195513,0.000000,1.260702,1.061091,1.00e-04
989,1.000,1.000,2.665685,2.017625,0.000000,1.229572,0.339638,3.788789,3.215718,0.000000,1.263091,1.028709,1.00e-04
990,1.000,1.000,2.647478,1.992899,0.000000,1.233176,0.333090,3.776474,3.195195,0.000000,1.263003,1.049578,1.00e-04
991,1.000,1.000,2.649588,1.997514,0.000000,1.231209,0.333045,3.754384,3.174877,0.000000,1.258605,1.037992,1.00e-04
992,1.000,1.000,2.641454,1.989126,0.000000,1.228193,0.337989,3.737811,3.155591,0.000000,1.258261,1.033648,1.00e-04
993,1.000,1.000,2.634417,1.982335,0.000000,1.230034,0.322610,3.747126,3.167556,0.000000,1.261781,1.018280,1.00e-04
994,1.000,1.000,2.638005,1.988974,0.000000,1.226495,0.328146,3.730168,3.145445,0.000000,1.258681,1.034334,1.00e-04
995,1.000,1.000,2.622507,1.972352,0.000000,1.226196,0.318341,3.721900,3.127904,0.000000,1.257883,1.066350,1.00e-04
996,1.000,1.000,2.623946,1.976526,0.000000,1.226388,0.308074,3.762769,3.175631,0.000000,1.261927,1.063613,1.00e-04
997,1.000,1.000,2.623389,1.973517,0.000000,1.228211,0.310034,3.730834,3.141363,0.000000,1.257749,1.057722,1.00e-04
998,1.000,1.000,2.622267,1.975559,0.000000,1.226699,0.302303,3.729285,3.142783,0.000000,1.256358,1.049860,1.00e-04
999,1.000,1.000,2.616169,1.968363,0.000000,1.225264,0.306340,3.735014,3.147241,0.000000,1.259542,1.047937,1.00e-04
1000,1.000,1.000,2.611216,1.960004,0.000000,1.228684,0.301328,3.715799,3.121496,0.000000,1.260058,1.052778,1.00e-04
1001,1.000,1.000,2.604283,1.955192,0.000000,1.226475,0.294747,3.709857,3.127630,0.000000,1.256674,1.012070,1.00e-04
1002,1.000,1.000,2.598906,1.950664,0.000000,1.224780,0.292756,3.685336,3.097466,0.000000,1.254988,1.016866,1.00e-04
1003,1.000,1.000,2.595815,1.948717,0.000000,1.223471,0.290325,3.681411,3.091033,0.000000,1.254918,1.023248,1.00e-04
1004,1.000,1.000,2.592937,1.946654,0.000000,1.223821,0.282781,3.712908,3.120138,0.000000,1.258366,1.050527,1.00e-04
1005,1.000,1.000,2.600428,1.952202,0.000000,1.224618,0.294864,3.676331,3.082757,0.000000,1.254875,1.031126,1.00e-04
1006,1.000,1.000,2.588850,1.942404,0.000000,1.223052,0.282423,3.695920,3.103040,0.000000,1.255998,1.043451,1.00e-04
1007,1.000,1.000,2.588644,1.941406,0.000000,1.224324,0.280298,3.691857,3.091813,0.000000,1.254998,1.072039,1.00e-04
1008,1.000,1.000,2.579156,1.932004,0.000000,1.223574,0.273468,3.652008,3.051251,0.000000,1.254903,1.035421,1.00e-04
1009,1.000,1.000,2.574200,1.925528,0.000000,1.224121,0.272406,3.663295,3.067347,0.000000,1.255072,1.026793,1.00e-04
1010,1.000,1.000,2.566608,1.920330,0.000000,1.221143,0.267149,3.659230,3.063168,0.000000,1.250758,1.040444,1.00e-04
1011,1.000,1.000,2.568866,1.927829,0.000000,1.217413,0.263365,3.679093,3.094640,0.000000,1.251802,1.009695,1.00e-04
1012,1.000,1.000,2.562406,1.916550,0.000000,1.221492,0.259858,3.649369,3.056963,0.000000,1.253626,1.004490,1.00e-04
1013,1.000,1.000,2.556385,1.910884,0.000000,1.219796,0.259202,3.645329,3.051445,0.000000,1.253089,1.008510,1.00e-04
1014,1.000,1.000,2.553042,1.907232,0.000000,1.219958,0.256448,3.658675,3.062371,0.000000,1.251530,1.037767,1.00e-04
1015,1.000,1.000,2.550485,1.903204,0.000000,1.218236,0.266667,3.651612,3.060800,0.000000,1.251785,1.007716,1.00e-04
1016,1.000,1.000,2.542801,1.899048,0.000000,1.217467,0.247943,3.657761,3.059023,0.000000,1.248084,1.060376,1.00e-04
1017,1.000,1.000,2.540327,1.897660,0.000000,1.215472,0.249108,3.651788,3.058606,0.000000,1.248270,1.031434,1.00e-04
1018,1.000,1.000,2.552948,1.913970,0.000000,1.216619,0.242380,3.622922,3.019814,0.000000,1.250655,1.032735,1.00e-04
1019,1.000,1.000,2.532604,1.887577,0.000000,1.218252,0.239702,3.639153,3.030308,0.000000,1.250829,1.071220,1.00e-04
1020,1.000,1.000,2.533176,1.887354,0.000000,1.217465,0.246603,3.608460,3.005694,0.000000,1.248676,1.024821,1.00e-04
1021,1.000,1.000,2.529765,1.882033,0.000000,1.215772,0.257604,3.590568,2.997763,0.000000,1.245096,0.981409,1.00e-04
1022,1.000,1.000,2.521749,1.880683,0.000000,1.212726,0.235107,3.597442,2.992156,0.000000,1.244421,1.040906,1.00e-04
1023,1.000,1.000,2.514657,1.871330,0.000000,1.213141,0.235404,3.613738,3.012023,0.000000,1.247390,1.031039,1.00e-04
1024,1.000,1.000,2.512550,1.867696,0.000000,1.214872,0.232478,3.610557,3.003344,0.000000,1.249141,1.042847,1.00e-04
1025,1.000,1.000,2.508077,1.864288,0.000000,1.215333,0.221898,3.570338,2.958280,0.000000,1.246825,1.031271,1.00e-04
1026,1.000,1.000,2.501062,1.856903,0.000000,1.212566,0.227436,3.569743,2.966510,0.000000,1.243111,1.010231,1.00e-04
1027,1.000,1.000,2.515829,1.878344,0.000000,1.212056,0.217544,3.536682,2.926952,0.000000,1.243076,1.003294,1.00e-04
1028,1.000,1.000,2.504413,1.865245,0.000000,1.212369,0.211611,3.565412,2.949297,0.000000,1.246506,1.043847,1.00e-04
1029,1.000,1.000,2.504190,1.863864,0.000000,1.212192,0.216726,3.564230,2.949099,0.000000,1.245677,1.042045,1.00e-04
1030,1.000,1.000,2.501480,1.860334,0.000000,1.211831,0.218740,3.548182,2.931911,0.000000,1.242940,1.041505,1.00e-04
1031,1.000,1.000,2.496476,1.856816,0.000000,1.210788,0.211962,3.546620,2.933595,0.000000,1.241415,1.033064,1.00e-04
1032,1.000,1.000,2.487029,1.845658,0.000000,1.210690,0.209752,3.538156,2.928088,0.000000,1.240044,1.018248,1.00e-04
1033,1.000,1.000,2.491271,1.851155,0.000000,1.207817,0.220470,3.532682,2.926520,0.000000,1.239790,0.998175,1.00e-04
1034,1.000,1.000,2.483866,1.845083,0.000000,1.207949,0.207199,3.522035,2.901576,0.000000,1.241360,1.038429,1.00e-04
1035,1.000,1.000,2.484755,1.845988,0.000000,1.208335,0.206482,3.533476,2.931532,0.000000,1.240557,0.979028,1.00e-04
1036,1.000,1.000,2.477471,1.836891,0.000000,1.208607,0.205362,3.524081,2.919215,0.000000,1.240549,0.981351,1.00e-04
1037,1.000,1.000,2.461735,1.818606,0.000000,1.209518,0.196177,3.519744,2.902117,0.000000,1.239554,1.032034,1.00e-04
1038,1.000,1.000,2.455641,1.816196,0.000000,1.204702,0.194612,3.502794,2.894341,0.000000,1.236339,0.991253,1.00e-04
1039,1.000,1.000,2.462004,1.825840,0.000000,1.203483,0.192728,3.509148,2.905349,0.000000,1.237013,0.976291,1.00e-04
1040,1.000,1.000,2.474955,1.840924,0.000000,1.204783,0.191948,3.486815,2.872325,0.000000,1.236613,0.998320,1.00e-04
1041,1.000,1.000,2.455097,1.815882,0.000000,1.205423,0.190268,3.486533,2.874745,0.000000,1.236872,0.986196,1.00e-04
1042,1.000,1.000,2.446431,1.806073,0.000000,1.203826,0.192559,3.474033,2.855538,0.000000,1.235320,1.006731,1.00e-04
1043,1.000,1.000,2.448199,1.810281,0.000000,1.202981,0.187951,3.478260,2.869828,0.000000,1.235259,0.970948,1.00e-04
1044,1.000,1.000,2.450825,1.813031,0.000000,1.204836,0.182658,3.498274,2.885848,0.000000,1.236687,1.001229,1.00e-04
1045,1.000,1.000,2.434646,1.795208,0.000000,1.201897,0.184811,3.473935,2.870784,0.000000,1.231368,0.961064,1.00e-04
1046,1.000,1.000,2.436292,1.799290,0.000000,1.199323,0.187007,3.468691,2.845939,0.000000,1.233551,1.025500,1.00e-04
1047,1.000,1.000,2.439085,1.801590,0.000000,1.202027,0.180957,3.489485,2.868311,0.000000,1.237760,1.023139,1.00e-04
1048,1.000,1.000,2.428484,1.783424,0.000000,1.204148,0.192131,3.479160,2.848239,0.000000,1.235771,1.059762,1.00e-04
1049,1.000,1.000,2.433988,1.795309,0.000000,1.202171,0.180019,3.463410,2.838151,0.000000,1.232473,1.034559,1.00e-04
1050,1.000,1.000,2.432496,1.797748,0.000000,1.199772,0.172400,3.440729,2.809273,0.000000,1.233299,1.033357,1.00e-04
1051,1.000,1.000,2.416954,1.776561,0.000000,1.199921,0.178840,3.442979,2.818903,0.000000,1.231222,1.014399,1.00e-04
1052,1.000,1.000,2.415396,1.779911,0.000000,1.196786,0.170193,3.419060,2.805782,0.000000,1.227702,0.961365,1.00e-04
1053,1.000,1.000,2.411454,1.774146,0.000000,1.196987,0.172740,3.425256,2.815342,0.000000,1.229760,0.945873,1.00e-04
1054,1.000,1.000,2.408870,1.770602,0.000000,1.197440,0.172181,3.426569,2.800452,0.000000,1.229013,1.014984,1.00e-04
1055,1.000,1.000,2.410689,1.774554,0.000000,1.196336,0.169886,3.424759,2.800631,0.000000,1.228673,1.006579,1.00e-04
1056,1.000,1.000,2.406682,1.768946,0.000000,1.196801,0.170424,3.427312,2.798826,0.000000,1.230499,1.019259,1.00e-04
1057,1.000,1.000,2.395782,1.756473,0.000000,1.196703,0.166208,3.420167,2.783737,0.000000,1.229851,1.046481,1.00e-04
1058,1.000,1.000,2.402755,1.764817,0.000000,1.196431,0.168787,3.421447,2.787100,0.000000,1.227962,1.046984,1.00e-04
1059,1.000,1.000,2.384758,1.744632,0.000000,1.195578,0.162949,3.394527,2.770144,0.000000,1.226291,0.986895,1.00e-04
1060,1.000,1.000,2.386447,1.748425,0.000000,1.193343,0.165166,3.401924,2.766385,0.000000,1.227332,1.034747,1.00e-04
1061,1.000,1.000,2.380562,1.741257,0.000000,1.193780,0.162661,3.389849,2.762441,0.000000,1.225915,0.995824,1.00e-04
1062,1.000,1.000,2.384636,1.748715,0.000000,1.192976,0.156411,3.389969,2.757079,0.000000,1.227629,1.011015,1.00e-04
1063,1.000,1.000,2.381570,1.745889,0.000000,1.191921,0.156608,3.377180,2.745037,0.000000,1.223639,1.011194,1.00e-04
1064,1.000,1.000,2.384094,1.751387,0.000000,1.190151,0.154318,3.376171,2.736965,0.000000,1.224774,1.033899,1.00e-04
1065,1.000,1.000,2.366518,1.723557,0.000000,1.194385,0.160822,3.341731,2.710696,0.000000,1.225678,0.963157,1.00e-04
1066,1.000,1.000,2.367495,1.723832,0.000000,1.195071,0.161859,3.364768,2.726208,0.000000,1.226773,1.011916,1.00e-04
1067,1.000,1.000,2.359229,1.716420,0.000000,1.193340,0.157104,3.356988,2.724726,0.000000,1.223781,0.990912,1.00e-04
1068,1.000,1.000,2.357801,1.719353,0.000000,1.190794,0.148418,3.357239,2.723777,0.000000,1.224919,0.991410,1.00e-04
1069,1.000,1.000,2.356405,1.715335,0.000000,1.191366,0.155219,3.351695,2.723388,0.000000,1.223228,0.972009,1.00e-04
1070,1.000,1.000,2.348337,1.707664,0.000000,1.190185,0.150291,3.359051,2.724290,0.000000,1.219727,1.019186,1.00e-04
1071,1.000,1.000,2.348225,1.708975,0.000000,1.189075,0.148926,3.322626,2.696313,0.000000,1.219804,0.948661,1.00e-04
1072,1.000,1.000,2.353681,1.716023,0.000000,1.188834,0.148975,3.311504,2.679707,0.000000,1.217202,0.969886,1.00e-04
1073,1.000,1.000,2.347526,1.710710,0.000000,1.186318,0.149519,3.308460,2.689226,0.000000,1.219385,0.907855,1.00e-04
1074,1.000,1.000,2.341951,1.701965,0.000000,1.187551,0.151691,3.314336,2.680696,0.000000,1.219146,0.972310,1.00e-04
1075,1.000,1.000,2.336253,1.698330,0.000000,1.186699,0.141149,3.318094,2.689144,0.000000,1.218029,0.961778,1.00e-04
1076,1.000,1.000,2.327966,1.687690,0.000000,1.186013,0.145020,3.324699,2.680971,0.000000,1.218505,1.025588,1.00e-04
1077,1.000,1.000,2.327704,1.691326,0.000000,1.183970,0.137336,3.297615,2.652281,0.000000,1.217080,1.010631,1.00e-04
1078,1.000,1.000,2.325394,1.687180,0.000000,1.183379,0.144734,3.327345,2.676798,0.000000,1.218513,1.055481,1.00e-04
1079,1.000,1.000,2.325368,1.685698,0.000000,1.186624,0.137556,3.274776,2.632667,0.000000,1.217402,0.973602,1.00e-04
1080,1.000,1.000,2.310652,1.669568,0.000000,1.183357,0.141555,3.301105,2.662851,0.000000,1.213727,0.999215,1.00e-04
1081,1.000,1.000,2.318144,1.683362,0.000000,1.180230,0.136354,3.290370,2.653918,0.000000,1.213307,0.982951,1.00e-04
1082,1.000,1.000,2.319390,1.684529,0.000000,1.180927,0.135125,3.273848,2.634364,0.000000,1.214708,0.972950,1.00e-04
1083,1.000,1.000,2.308668,1.670559,0.000000,1.182480,0.131189,3.296277,2.644474,0.000000,1.218434,1.029755,1.00e-04
1084,1.000,1.000,2.303306,1.661652,0.000000,1.184743,0.130950,3.291587,2.627306,0.000000,1.215663,1.086061,1.00e-04
1085,1.000,1.000,2.303517,1.664953,0.000000,1.181567,0.131504,3.244335,2.605577,0.000000,1.211354,0.953952,1.00e-04
1086,1.000,1.000,2.304738,1.668747,0.000000,1.179798,0.129510,3.266082,2.619105,0.000000,1.215431,0.992263,1.00e-04
1087,1.000,1.000,2.316018,1.682168,0.000000,1.178977,0.135509,3.271881,2.617127,0.000000,1.212233,1.041964,1.00e-04
1088,1.000,1.000,2.293965,1.656839,0.000000,1.177847,0.131081,3.227841,2.580202,0.000000,1.210402,0.976789,1.00e-04
1089,1.000,1.000,2.296963,1.660509,0.000000,1.178422,0.129090,3.268578,2.611990,0.000000,1.212265,1.045873,1.00e-04
1090,1.000,1.000,2.288149,1.647863,0.000000,1.180169,0.128619,3.241085,2.599325,0.000000,1.212204,0.959311,1.00e-04
1091,1.000,1.000,2.290343,1.650528,0.000000,1.180294,0.128425,3.246580,2.595820,0.000000,1.212236,1.000677,1.00e-04
1092,1.000,1.000,2.279820,1.641726,0.000000,1.176715,0.125337,3.220916,2.576059,0.000000,1.208205,0.967528,1.00e-04
1093,1.000,1.000,2.276274,1.637754,0.000000,1.175781,0.127230,3.215786,2.571156,0.000000,1.206521,0.968219,1.00e-04
1094,1.000,1.000,2.270886,1.634270,0.000000,1.173845,0.121969,3.226430,2.584911,0.000000,1.207328,0.963195,1.00e-04
1095,1.000,1.000,2.282906,1.649486,0.000000,1.172910,0.124949,3.237567,2.581593,0.000000,1.207772,1.030378,1.00e-04
1096,1.000,1.000,2.263707,1.626381,0.000000,1.172058,0.124783,3.206308,2.544023,0.000000,1.202986,1.043507,1.00e-04
1097,1.000,1.000,2.271180,1.635409,0.000000,1.170131,0.133742,3.204013,2.552692,0.000000,1.204872,0.989806,1.00e-04
1098,1.000,1.000,2.265880,1.630750,0.000000,1.171107,0.121970,3.195046,2.541442,0.000000,1.202633,0.998929,1.00e-04
1099,1.000,1.000,2.255218,1.618320,0.000000,1.169160,0.126169,3.207174,2.557290,0.000000,1.201235,1.001769,1.00e-04
1100,1.000,1.000,2.256791,1.620189,0.000000,1.169884,0.123664,3.193651,2.544220,0.000000,1.204052,0.975165,1.00e-04
1101,1.000,1.000,2.252272,1.616868,0.000000,1.168022,0.121804,3.176605,2.527213,0.000000,1.200038,0.974018,1.00e-04
1102,1.000,1.000,2.244174,1.607075,0.000000,1.167749,0.121574,3.196767,2.549177,0.000000,1.202671,0.976440,1.00e-04
1103,1.000,1.000,2.253729,1.619260,0.000000,1.169539,0.113445,3.182027,2.532300,0.000000,1.202257,0.971908,1.00e-04
1104,1.000,1.000,2.249758,1.613674,0.000000,1.168921,0.118414,3.215626,2.550146,0.000000,1.200885,1.074004,1.00e-04
1105,1.000,1.000,2.246627,1.610900,0.000000,1.166498,0.123540,3.195389,2.540223,0.000000,1.198955,1.020233,1.00e-04
1106,1.000,1.000,2.248366,1.617879,0.000000,1.165333,0.108986,3.151941,2.503728,0.000000,1.195491,0.962830,1.00e-04
1107,1.000,1.000,2.237052,1.601563,0.000000,1.163412,0.125358,3.179926,2.545825,0.000000,1.195155,0.935712,1.00e-04
1108,1.000,1.000,2.231525,1.594962,0.000000,1.163637,0.123226,3.156148,2.498967,0.000000,1.196531,0.998751,1.00e-04
1109,1.000,1.000,2.228179,1.592517,0.000000,1.162889,0.119268,3.158358,2.489029,0.000000,1.193775,1.060571,1.00e-04
1110,1.000,1.000,2.222139,1.586833,0.000000,1.161704,0.116547,3.160718,2.507105,0.000000,1.196418,0.989498,1.00e-04
1111,1.000,1.000,2.217440,1.581783,0.000000,1.162739,0.109114,3.144758,2.479641,0.000000,1.193318,1.031948,1.00e-04
1112,1.000,1.000,2.216929,1.582970,0.000000,1.160003,0.112751,3.125811,2.462333,0.000000,1.189771,1.020634,1.00e-04
1113,1.000,1.000,2.204002,1.569829,0.000000,1.157482,0.110763,3.159385,2.495824,0.000000,1.190740,1.050665,1.00e-04
1114,1.000,1.000,2.213151,1.581169,0.000000,1.157931,0.109352,3.119586,2.463432,0.000000,1.188757,0.989174,1.00e-04
1115,1.000,1.000,2.210642,1.576277,0.000000,1.158420,0.114424,3.101018,2.450651,0.000000,1.190374,0.940988,1.00e-04
1116,1.000,1.000,2.205655,1.568386,0.000000,1.158856,0.119306,3.108783,2.450787,0.000000,1.189610,0.982327,1.00e-04
1117,1.000,1.000,2.201498,1.566978,0.000000,1.157017,0.111509,3.095975,2.446392,0.000000,1.187480,0.944384,1.00e-04
1118,1.000,1.000,2.196145,1.560706,0.000000,1.155410,0.116259,3.091618,2.436974,0.000000,1.187573,0.959905,1.00e-04
1119,1.000,1.000,2.195046,1.560669,0.000000,1.155721,0.109669,3.082396,2.423088,0.000000,1.188531,0.965507,1.00e-04
1120,1.000,1.000,2.188597,1.552139,0.000000,1.156145,0.109849,3.089778,2.430706,0.000000,1.186881,0.978545,1.00e-04
1121,1.000,1.000,2.189613,1.554814,0.000000,1.155176,0.108105,3.097592,2.452126,0.000000,1.188552,0.925246,1.00e-04
1122,1.000,1.000,2.186484,1.552796,0.000000,1.154158,0.104604,3.108821,2.444764,0.000000,1.186075,1.020750,1.00e-04
1123,1.000,1.000,2.178332,1.545326,0.000000,1.152213,0.101503,3.106555,2.432220,0.000000,1.186939,1.056141,1.00e-04
1124,1.000,1.000,2.183429,1.547816,0.000000,1.152795,0.114701,3.068823,2.407094,0.000000,1.183052,0.983531,1.00e-04
1125,1.000,1.000,2.177100,1.543078,0.000000,1.152099,0.104789,3.085913,2.438072,0.000000,1.182368,0.947806,1.00e-04
1126,1.000,1.000,2.177455,1.541406,0.000000,1.151391,0.116083,3.076785,2.424688,0.000000,1.185165,0.944515,1.00e-04
1127,1.000,1.000,2.166755,1.530139,0.000000,1.151395,0.107641,3.045899,2.393259,0.000000,1.182262,0.927414,1.00e-04
1128,1.000,1.000,2.159532,1.522990,0.000000,1.150318,0.104431,3.061833,2.401807,0.000000,1.182390,0.972374,1.00e-04
1129,1.000,1.000,2.158812,1.522775,0.000000,1.149777,0.103853,3.054868,2.397322,0.000000,1.182368,0.955580,1.00e-04
1130,1.000,1.000,2.146799,1.507790,0.000000,1.150167,0.102167,3.081620,2.405719,0.000000,1.180428,1.063511,1.00e-04
1131,1.000,1.000,2.156475,1.523035,0.000000,1.147299,0.101037,3.058031,2.396478,0.000000,1.179795,0.985067,1.00e-04
1132,1.000,1.000,2.163325,1.532544,0.000000,1.146562,0.100202,3.024424,2.358469,0.000000,1.179450,0.970444,1.00e-04
1133,1.000,1.000,2.152486,1.515930,0.000000,1.148959,0.102872,3.033077,2.363372,0.000000,1.181634,0.985359,1.00e-04
1134,1.000,1.000,2.148561,1.510976,0.000000,1.149308,0.101672,3.024748,2.371126,0.000000,1.179792,0.920068,1.00e-04
1135,1.000,1.000,2.138119,1.501556,0.000000,1.146808,0.097141,3.006459,2.338756,0.000000,1.177541,0.967103,1.00e-04
1136,1.000,1.000,2.142506,1.509031,0.000000,1.143816,0.101145,3.010547,2.338656,0.000000,1.176441,0.992347,1.00e-04
1137,1.000,1.000,2.138692,1.500833,0.000000,1.145009,0.110093,3.008648,2.356683,0.000000,1.176212,0.911661,1.00e-04
1138,1.000,1.000,2.134939,1.496988,0.000000,1.145825,0.103442,2.998658,2.334269,0.000000,1.176927,0.948506,1.00e-04
1139,1.000,1.000,2.127858,1.488561,0.000000,1.144361,0.107602,2.992580,2.333800,0.000000,1.175755,0.924680,1.00e-04
1140,1.000,1.000,2.127762,1.491950,0.000000,1.143138,0.098458,3.004079,2.334077,0.000000,1.176535,0.977946,1.00e-04
1141,1.000,1.000,2.115518,1.475505,0.000000,1.144721,0.096683,2.995429,2.317174,0.000000,1.175744,1.005476,1.00e-04
1142,1.000,1.000,2.123813,1.487786,0.000000,1.142480,0.098001,3.002392,2.336852,0.000000,1.175630,0.962032,1.00e-04
1143,1.000,1.000,2.115113,1.476808,0.000000,1.143147,0.095747,3.000742,2.325528,0.000000,1.176679,0.994882,1.00e-04
1144,1.000,1.000,2.107454,1.466088,0.000000,1.144387,0.095372,2.993609,2.321428,0.000000,1.175169,0.981661,1.00e-04
1145,1.000,1.000,2.114435,1.476456,0.000000,1.141868,0.098882,2.969940,2.312831,0.000000,1.173439,0.904617,1.00e-04
1146,1.000,1.000,2.110264,1.471767,0.000000,1.141151,0.099651,2.978061,2.300434,0.000000,1.174741,0.989603,1.00e-04
1147,1.000,1.000,2.115124,1.478611,0.000000,1.141951,0.093372,2.993600,2.287769,0.000000,1.176866,1.109464,1.00e-04
1148,1.000,1.000,2.108299,1.465778,0.000000,1.143695,0.103606,2.981961,2.290833,0.000000,1.176405,1.040851,1.00e-04
1149,1.000,1.000,2.099408,1.459116,0.000000,1.141174,0.095878,2.957758,2.282840,0.000000,1.172205,0.968609,1.00e-04
1150,1.000,1.000,2.107000,1.468555,0.000000,1.140249,0.099786,2.944000,2.270324,0.000000,1.171403,0.953097,1.00e-04
1151,1.000,1.000,2.094164,1.453955,0.000000,1.140220,0.094120,2.970347,2.298892,0.000000,1.173596,0.961780,1.00e-04
1152,1.000,1.000,2.098174,1.459126,0.000000,1.139533,0.096231,2.970898,2.296206,0.000000,1.172701,0.978864,1.00e-04
1153,1.000,1.000,2.090943,1.452373,0.000000,1.138745,0.090241,2.961093,2.288018,0.000000,1.168314,0.980137,1.00e-04
1154,1.000,1.000,2.095106,1.457675,0.000000,1.136979,0.096913,2.912157,2.246761,0.000000,1.167854,0.902327,1.00e-04
1155,1.000,1.000,2.095863,1.460433,0.000000,1.136280,0.092461,2.949585,2.244796,0.000000,1.170045,1.088557,1.00e-04
1156,1.000,1.000,2.080246,1.440784,0.000000,1.136991,0.090131,2.917517,2.229863,0.000000,1.169698,0.989343,1.00e-04
1157,1.000,1.000,2.076135,1.435463,0.000000,1.136517,0.092757,2.942782,2.250437,0.000000,1.167172,1.043476,1.00e-04
1158,1.000,1.000,2.086528,1.446949,0.000000,1.135654,0.102229,2.908902,2.244586,0.000000,1.167373,0.896673,1.00e-04
1159,1.000,1.000,2.084818,1.446365,0.000000,1.135848,0.095234,2.917363,2.238714,0.000000,1.168990,0.955997,1.00e-04
1160,1.000,1.000,2.076248,1.437202,0.000000,1.135663,0.089785,2.899236,2.219810,0.000000,1.168133,0.944410,1.00e-04
1161,1.000,1.000,2.067937,1.426878,0.000000,1.135432,0.090448,2.889280,2.213885,0.000000,1.168018,0.918785,1.00e-04
1162,1.000,1.000,2.064433,1.423203,0.000000,1.134009,0.093315,2.893977,2.232880,0.000000,1.167083,0.870032,1.00e-04
1163,1.000,1.000,2.062376,1.422562,0.000000,1.133163,0.088978,2.886105,2.211825,0.000000,1.164628,0.924712,1.00e-04
1164,1.000,1.000,2.066902,1.426654,0.000000,1.133386,0.094349,2.854723,2.182190,0.000000,1.163155,0.892236,1.00e-04
1165,1.000,1.000,2.057237,1.418131,0.000000,1.131938,0.085908,2.880628,2.200573,0.000000,1.165907,0.937218,1.00e-04
1166,1.000,1.000,2.055650,1.414166,0.000000,1.132584,0.091250,2.891471,2.203566,0.000000,1.163327,0.989782,1.00e-04
1167,1.000,1.000,2.054026,1.413697,0.000000,1.131570,0.089060,2.887396,2.192546,0.000000,1.162316,1.017536,1.00e-04
1168,1.000,1.000,2.050802,1.411543,0.000000,1.129997,0.087850,2.889164,2.181593,0.000000,1.164142,1.062879,1.00e-04
1169,1.000,1.000,2.045675,1.403629,0.000000,1.131017,0.089789,2.876544,2.175483,0.000000,1.163260,1.027747,1.00e-04
1170,1.000,1.000,2.040956,1.397745,0.000000,1.131213,0.088945,2.862497,2.187670,0.000000,1.161645,0.915226,1.00e-04
1171,1.000,1.000,2.039750,1.401335,0.000000,1.127547,0.083225,2.828800,2.155904,0.000000,1.160439,0.878627,1.00e-04
1172,1.000,1.000,2.038231,1.394990,0.000000,1.129746,0.092206,2.840955,2.155434,0.000000,1.160622,0.940552,1.00e-04
1173,1.000,1.000,2.038489,1.398266,0.000000,1.128769,0.084306,2.834095,2.160365,0.000000,1.159298,0.891826,1.00e-04
1174,1.000,1.000,2.036023,1.397581,0.000000,1.126593,0.083420,2.842739,2.147058,0.000000,1.155982,1.001533,1.00e-04
1175,1.000,1.000,2.029763,1.392833,0.000000,1.123597,0.083096,2.850738,2.150617,0.000000,1.158016,1.019156,1.00e-04
1176,1.000,1.000,2.030631,1.390509,0.000000,1.125427,0.089407,2.866859,2.161536,0.000000,1.158922,1.052461,1.00e-04
1177,1.000,1.000,2.027362,1.384886,0.000000,1.127014,0.089211,2.841671,2.158991,0.000000,1.158747,0.937401,1.00e-04
1178,1.000,1.000,2.022454,1.381850,0.000000,1.125989,0.080912,2.841028,2.147655,0.000000,1.159192,0.977753,1.00e-04
1179,1.000,1.000,2.019972,1.377674,0.000000,1.126206,0.084340,2.839539,2.149241,0.000000,1.157386,0.971186,1.00e-04
1180,1.000,1.000,2.016652,1.375418,0.000000,1.124869,0.082115,2.835267,2.140599,0.000000,1.158281,0.980811,1.00e-04
1181,1.000,1.000,2.010210,1.368805,0.000000,1.123559,0.081591,2.831963,2.126575,0.000000,1.155123,1.033019,1.00e-04
1182,1.000,1.000,2.011368,1.371844,0.000000,1.120636,0.086918,2.780319,2.100001,0.000000,1.150887,0.898043,1.00e-04
1183,1.000,1.000,2.009916,1.371984,0.000000,1.119964,0.081787,2.814773,2.123069,0.000000,1.153060,0.969349,1.00e-04
1184,1.000,1.000,2.009862,1.369755,0.000000,1.122565,0.080032,2.823064,2.123062,0.000000,1.155727,1.000162,1.00e-04
1185,1.000,1.000,2.004865,1.361712,0.000000,1.124094,0.081102,2.817369,2.101089,0.000000,1.155154,1.061871,1.00e-04
1186,1.000,1.000,1.997885,1.355565,0.000000,1.121315,0.081903,2.781243,2.093670,0.000000,1.151657,0.924907,1.00e-04
1187,1.000,1.000,2.002618,1.362557,0.000000,1.119852,0.083458,2.780659,2.090578,0.000000,1.151350,0.935582,1.00e-04
1188,1.000,1.000,2.001206,1.361055,0.000000,1.120672,0.079122,2.787755,2.105103,0.000000,1.153511,0.904319,1.00e-04
1189,1.000,1.000,1.993762,1.351106,0.000000,1.121096,0.079999,2.796967,2.092906,0.000000,1.153979,0.997294,1.00e-04
1190,1.000,1.000,1.990742,1.348310,0.000000,1.120278,0.079356,2.760181,2.075983,0.000000,1.151371,0.891493,1.00e-04
1191,1.000,1.000,1.986554,1.345027,0.000000,1.118315,0.079401,2.771533,2.084810,0.000000,1.150534,0.916292,1.00e-04
1192,1.000,1.000,1.986346,1.346449,0.000000,1.117868,0.074466,2.783173,2.090917,0.000000,1.151623,0.945707,1.00e-04
1193,1.000,1.000,1.986281,1.346584,0.000000,1.117456,0.075247,2.780064,2.084212,0.000000,1.150137,0.962924,1.00e-04
1194,1.000,1.000,1.976691,1.335879,0.000000,1.115591,0.077574,2.773974,2.079002,0.000000,1.148432,0.960133,1.00e-04
1195,1.000,1.000,1.974078,1.333053,0.000000,1.115516,0.076115,2.767229,2.067007,0.000000,1.148531,0.973992,1.00e-04
1196,1.000,1.000,1.966315,1.324802,0.000000,1.114664,0.073713,2.772655,2.056229,0.000000,1.146850,1.050957,1.00e-04
1197,1.000,1.000,1.976623,1.338203,0.000000,1.112669,0.079628,2.743041,2.045658,0.000000,1.145226,0.951670,1.00e-04
1198,1.000,1.000,1.969626,1.329259,0.000000,1.113321,0.077809,2.756864,2.055138,0.000000,1.147917,0.972096,1.00e-04
1199,1.000,1.000,1.963184,1.319645,0.000000,1.114934,0.077602,2.738384,2.036838,0.000000,1.146367,0.959100,1.00e-04
1200,1.000,1.000,1.961810,1.320555,0.000000,1.113163,0.074176,2.738836,2.034538,0.000000,1.144886,0.976485,1.00e-04
1201,1.000,1.000,1.958176,1.317850,0.000000,1.111203,0.074666,2.740174,2.040179,0.000000,1.144634,0.961615,1.00e-04
1202,1.000,1.000,1.956086,1.313960,0.000000,1.111326,0.079283,2.703525,2.011609,0.000000,1.140699,0.908394,1.00e-04
1203,1.000,1.000,1.951768,1.312339,0.000000,1.109721,0.070597,2.728940,2.021349,0.000000,1.142931,0.987578,1.00e-04
1204,1.000,1.000,1.959448,1.320307,0.000000,1.109697,0.077224,2.757322,2.041721,0.000000,1.142502,1.049718,1.00e-04
1205,1.000,1.000,1.948502,1.305932,0.000000,1.110649,0.076186,2.724954,2.021423,0.000000,1.143016,0.967015,1.00e-04
1206,1.000,1.000,1.938972,1.295032,0.000000,1.110397,0.073149,2.711057,2.010207,0.000000,1.141511,0.948415,1.00e-04
1207,1.000,1.000,1.945286,1.305993,0.000000,1.107248,0.073468,2.694632,2.004290,0.000000,1.139150,0.899396,1.00e-04
1208,1.000,1.000,1.947635,1.309433,0.000000,1.107233,0.071511,2.690765,1.988831,0.000000,1.139566,0.940240,1.00e-04
1209,1.000,1.000,1.940410,1.298235,0.000000,1.108362,0.075660,2.680634,1.982281,0.000000,1.139291,0.916880,1.00e-04
1210,1.000,1.000,1.942328,1.302747,0.000000,1.106972,0.072760,2.686416,1.985825,0.000000,1.137474,0.938882,1.00e-04
1211,1.000,1.000,1.932592,1.290323,0.000000,1.107026,0.073567,2.706669,1.989527,0.000000,1.140303,1.014026,1.00e-04
1212,1.000,1.000,1.927044,1.283589,0.000000,1.107613,0.070412,2.712058,1.981201,0.000000,1.140357,1.074056,1.00e-04
1213,1.000,1.000,1.926098,1.281951,0.000000,1.105622,0.080195,2.702236,1.978143,0.000000,1.136489,1.052654,1.00e-04
1214,1.000,1.000,1.925312,1.285516,0.000000,1.102525,0.074398,2.656211,1.941307,0.000000,1.134753,0.976815,1.00e-04
1215,1.000,1.000,1.921937,1.280191,0.000000,1.103067,0.076651,2.695668,1.992831,0.000000,1.135770,0.963933,1.00e-04
1216,1.000,1.000,1.919757,1.278898,0.000000,1.102839,0.071836,2.673295,1.957870,0.000000,1.136127,0.990484,1.00e-04
1217,1.000,1.000,1.913126,1.270384,0.000000,1.102575,0.073795,2.664665,1.948152,0.000000,1.134467,0.992849,1.00e-04
1218,1.000,1.000,1.915649,1.275532,0.000000,1.101308,0.070884,2.648584,1.944746,0.000000,1.131347,0.938548,1.00e-04
1219,1.000,1.000,1.915990,1.279217,0.000000,1.098438,0.069329,2.663715,1.961230,0.000000,1.132394,0.944079,1.00e-04
1220,1.000,1.000,1.912184,1.271573,0.000000,1.101554,0.068410,2.653520,1.946902,0.000000,1.135303,0.938782,1.00e-04
1221,1.000,1.000,1.902863,1.259047,0.000000,1.101999,0.070127,2.646046,1.934629,0.000000,1.131654,0.965096,1.00e-04
1222,1.000,1.000,1.900521,1.260175,0.000000,1.098333,0.068575,2.643247,1.941133,0.000000,1.130876,0.928203,1.00e-04
1223,1.000,1.000,1.898618,1.257826,0.000000,1.098349,0.068386,2.627020,1.933676,0.000000,1.130182,0.879667,1.00e-04
1224,1.000,1.000,1.904118,1.264735,0.000000,1.099073,0.065360,2.629320,1.921665,0.000000,1.131641,0.933376,1.00e-04
1225,1.000,1.000,1.900110,1.257134,0.000000,1.099891,0.072448,2.613960,1.897844,0.000000,1.131316,0.953158,1.00e-04
1226,1.000,1.000,1.892865,1.251250,0.000000,1.097825,0.068027,2.601025,1.895115,0.000000,1.128428,0.910955,1.00e-04
1227,1.000,1.000,1.887674,1.246866,0.000000,1.095992,0.066938,2.616717,1.897876,0.000000,1.126106,0.987653,1.00e-04
1228,1.000,1.000,1.886910,1.247561,0.000000,1.093882,0.068779,2.627391,1.906166,0.000000,1.125458,1.010459,1.00e-04
1229,1.000,1.000,1.888031,1.250513,0.000000,1.092269,0.069025,2.611535,1.897537,0.000000,1.125813,0.964276,1.00e-04
1230,1.000,1.000,1.889189,1.249789,0.000000,1.094227,0.069879,2.597478,1.895984,0.000000,1.127500,0.893451,1.00e-04
1231,1.000,1.000,1.886254,1.244983,0.000000,1.095392,0.069771,2.591390,1.886696,0.000000,1.126002,0.906155,1.00e-04
1232,1.000,1.000,1.884393,1.243593,0.000000,1.094259,0.070562,2.609887,1.896450,0.000000,1.125828,0.960323,1.00e-04
1233,1.000,1.000,1.880619,1.240598,0.000000,1.093134,0.068169,2.619432,1.896467,0.000000,1.125172,1.010604,1.00e-04
1234,1.000,1.000,1.875448,1.234799,0.000000,1.092937,0.066297,2.592210,1.883150,0.000000,1.123140,0.935889,1.00e-04
1235,1.000,1.000,1.873846,1.236339,0.000000,1.089589,0.065521,2.574497,1.869632,0.000000,1.120745,0.910977,1.00e-04
1236,1.000,1.000,1.864062,1.223643,0.000000,1.090220,0.064858,2.589377,1.873355,0.000000,1.124102,0.957057,1.00e-04
1237,1.000,1.000,1.866860,1.225989,0.000000,1.091445,0.064565,2.571567,1.841063,0.000000,1.123813,0.998331,1.00e-04
1238,1.000,1.000,1.866221,1.225742,0.000000,1.090921,0.064452,2.558643,1.839329,0.000000,1.120578,0.953585,1.00e-04
1239,1.000,1.000,1.867065,1.228162,0.000000,1.088301,0.069470,2.582345,1.862414,0.000000,1.122058,0.973839,1.00e-04
1240,1.000,1.000,1.861609,1.220843,0.000000,1.090082,0.064343,2.548227,1.832311,0.000000,1.122315,0.922628,1.00e-04
1241,1.000,1.000,1.855043,1.212122,0.000000,1.089465,0.068863,2.557429,1.842943,0.000000,1.120471,0.933486,1.00e-04
1242,1.000,1.000,1.854587,1.214072,0.000000,1.087298,0.067457,2.539531,1.830059,0.000000,1.117251,0.908416,1.00e-04
1243,1.000,1.000,1.853240,1.214149,0.000000,1.086004,0.065592,2.564484,1.834594,0.000000,1.117546,1.013858,1.00e-04
1244,1.000,1.000,1.852856,1.214531,0.000000,1.085782,0.063028,2.550569,1.827520,0.000000,1.117754,0.971743,1.00e-04
1245,1.000,1.000,1.844783,1.204789,0.000000,1.084609,0.066322,2.557331,1.840928,0.000000,1.115539,0.960786,1.00e-04
1246,1.000,1.000,1.842518,1.203260,0.000000,1.083701,0.064742,2.541782,1.836080,0.000000,1.114206,0.907765,1.00e-04
1247,1.000,1.000,1.845607,1.207231,0.000000,1.084212,0.062261,2.516690,1.815482,0.000000,1.114701,0.862717,1.00e-04
1248,1.000,1.000,1.840893,1.200945,0.000000,1.083537,0.066541,2.537120,1.818706,0.000000,1.116657,0.944147,1.00e-04
1249,1.000,1.000,1.827552,1.184086,0.000000,1.084810,0.062176,2.538474,1.812794,0.000000,1.115457,0.979365,1.00e-04
1250,1.000,1.000,1.839470,1.200568,0.000000,1.082261,0.066037,2.550947,1.831841,0.000000,1.113448,0.973580,1.00e-04
1251,1.000,1.000,1.839374,1.202649,0.000000,1.081402,0.060669,2.534237,1.818536,0.000000,1.114752,0.938031,1.00e-04
1252,1.000,1.000,1.830624,1.191705,0.000000,1.081262,0.061253,2.499005,1.798779,0.000000,1.111166,0.855243,1.00e-04
1253,1.000,1.000,1.826950,1.187061,0.000000,1.080687,0.063761,2.499983,1.790761,0.000000,1.112181,0.888150,1.00e-04
1254,1.000,1.000,1.826695,1.188554,0.000000,1.079432,0.061531,2.507725,1.793357,0.000000,1.109866,0.925736,1.00e-04
1255,1.000,1.000,1.827553,1.188998,0.000000,1.079500,0.063775,2.495596,1.796152,0.000000,1.109534,0.855233,1.00e-04
1256,1.000,1.000,1.824318,1.184800,0.000000,1.078981,0.066466,2.521741,1.793868,0.000000,1.110683,0.990504,1.00e-04
1257,1.000,1.000,1.816125,1.176730,0.000000,1.077926,0.062001,2.486929,1.775663,0.000000,1.108387,0.898440,1.00e-04
1258,1.000,1.000,1.812102,1.173066,0.000000,1.075736,0.065301,2.470613,1.769383,0.000000,1.106919,0.847856,1.00e-04
1259,1.000,1.000,1.813242,1.175476,0.000000,1.075158,0.063672,2.481160,1.765941,0.000000,1.107401,0.912426,1.00e-04
1260,1.000,1.000,1.818071,1.182215,0.000000,1.074232,0.064566,2.511976,1.779302,0.000000,1.105919,1.019000,1.00e-04
1261,1.000,1.000,1.813823,1.179203,0.000000,1.071990,0.064343,2.492706,1.768331,0.000000,1.103928,0.974496,1.00e-04
1262,1.000,1.000,1.807820,1.172139,0.000000,1.072430,0.060824,2.495474,1.781408,0.000000,1.103259,0.938707,1.00e-04
1263,1.000,1.000,1.806269,1.169555,0.000000,1.072995,0.061146,2.470978,1.764165,0.000000,1.104868,0.878761,1.00e-04
1264,1.000,1.000,1.801957,1.165371,0.000000,1.071391,0.062736,2.482599,1.753233,0.000000,1.101522,0.993971,1.00e-04
1265,1.000,1.000,1.801912,1.165880,0.000000,1.070382,0.064511,2.455624,1.748519,0.000000,1.100869,0.880567,1.00e-04
1266,1.000,1.000,1.797329,1.161106,0.000000,1.070004,0.062204,2.451698,1.743068,0.000000,1.101096,0.881833,1.00e-04
1267,1.000,1.000,1.791155,1.153449,0.000000,1.070690,0.059218,2.454266,1.738570,0.000000,1.101665,0.910385,1.00e-04
1268,1.000,1.000,1.794165,1.158241,0.000000,1.069432,0.060133,2.449100,1.724971,0.000000,1.099741,0.946651,1.00e-04
1269,1.000,1.000,1.789746,1.155726,0.000000,1.067211,0.056985,2.461320,1.733414,0.000000,1.097611,0.982500,1.00e-04
1270,1.000,1.000,1.786637,1.152216,0.000000,1.065803,0.061109,2.465690,1.736341,0.000000,1.098598,0.988693,1.00e-04
1271,1.000,1.000,1.801854,1.170619,0.000000,1.066513,0.060740,2.469474,1.728842,0.000000,1.097667,1.041334,1.00e-04
1272,1.000,1.000,1.785458,1.150780,0.000000,1.065765,0.061110,2.451629,1.729945,0.000000,1.097935,0.946626,1.00e-04
1273,1.000,1.000,1.782185,1.147280,0.000000,1.066306,0.056582,2.439517,1.723628,0.000000,1.096987,0.915124,1.00e-04
1274,1.000,1.000,1.778658,1.141983,0.000000,1.065413,0.063706,2.444031,1.736209,0.000000,1.095186,0.894571,1.00e-04
1275,1.000,1.000,1.778176,1.143640,0.000000,1.064222,0.059430,2.437773,1.722723,0.000000,1.094661,0.919324,1.00e-04
1276,1.000,1.000,1.774053,1.139713,0.000000,1.062770,0.060331,2.415550,1.704929,0.000000,1.093902,0.882428,1.00e-04
1277,1.000,1.000,1.767704,1.132578,0.000000,1.062507,0.058178,2.412282,1.688110,0.000000,1.094456,0.931143,1.00e-04
1278,1.000,1.000,1.766962,1.130224,0.000000,1.063136,0.061368,2.402465,1.691368,0.000000,1.090843,0.883479,1.00e-04
1279,1.000,1.000,1.767295,1.132612,0.000000,1.061134,0.061489,2.422408,1.714482,0.000000,1.094005,0.878092,1.00e-04
1280,1.000,1.000,1.761422,1.124206,0.000000,1.062239,0.061325,2.417426,1.693031,0.000000,1.092459,0.945171,1.00e-04
1281,1.000,1.000,1.752545,1.115516,0.000000,1.060475,0.058761,2.409634,1.698881,0.000000,1.089486,0.894704,1.00e-04
1282,1.000,1.000,1.758246,1.123707,0.000000,1.059028,0.060290,2.401575,1.675601,0.000000,1.089886,0.945926,1.00e-04
1283,1.000,1.000,1.763676,1.130241,0.000000,1.059600,0.059016,2.395006,1.685622,0.000000,1.089449,0.874743,1.00e-04
1284,1.000,1.000,1.756187,1.122140,0.000000,1.059173,0.055682,2.407440,1.682723,0.000000,1.088504,0.952296,1.00e-04
1285,1.000,1.000,1.754996,1.120672,0.000000,1.059305,0.055069,2.381428,1.658593,0.000000,1.090007,0.912737,1.00e-04
1286,1.000,1.000,1.750420,1.115568,0.000000,1.058759,0.054794,2.415375,1.680676,0.000000,1.089482,0.996241,1.00e-04
1287,1.000,1.000,1.749128,1.114200,0.000000,1.057935,0.057100,2.388369,1.662948,0.000000,1.088745,0.935076,1.00e-04
1288,1.000,1.000,1.742881,1.106858,0.000000,1.057771,0.055890,2.398775,1.661483,0.000000,1.088675,0.993243,1.00e-04
1289,1.000,1.000,1.740870,1.104109,0.000000,1.057805,0.056695,2.389152,1.654872,0.000000,1.086710,0.979431,1.00e-04
1290,1.000,1.000,1.746966,1.112682,0.000000,1.056717,0.057233,2.376150,1.664026,0.000000,1.086433,0.878910,1.00e-04
1291,1.000,1.000,1.738589,1.103060,0.000000,1.056290,0.055545,2.367356,1.654396,0.000000,1.085995,0.875217,1.00e-04
1292,1.000,1.000,1.738196,1.101711,0.000000,1.056859,0.056701,2.381209,1.650169,0.000000,1.087491,0.955404,1.00e-04
1293,1.000,1.000,1.733747,1.097221,0.000000,1.055908,0.056219,2.391198,1.649352,0.000000,1.086307,1.013354,1.00e-04
1294,1.000,1.000,1.733435,1.097678,0.000000,1.055873,0.052968,2.382995,1.642961,0.000000,1.087006,0.995109,1.00e-04
1295,1.000,1.000,1.730497,1.094007,0.000000,1.055556,0.054233,2.364384,1.643682,0.000000,1.086028,0.903077,1.00e-04
1296,1.000,1.000,1.727325,1.090658,0.000000,1.054698,0.055204,2.363037,1.631308,0.000000,1.084702,0.951142,1.00e-04
1297,1.000,1.000,1.721386,1.084215,0.000000,1.054057,0.053842,2.354685,1.633419,0.000000,1.085254,0.898732,1.00e-04
1298,1.000,1.000,1.723068,1.085917,0.000000,1.054391,0.054111,2.348346,1.618952,0.000000,1.084730,0.927000,1.00e-04
1299,1.000,1.000,1.719134,1.082536,0.000000,1.052814,0.054270,2.351045,1.624247,0.000000,1.083022,0.926153,1.00e-04
1300,1.000,1.000,1.718251,1.082234,0.000000,1.052313,0.053067,2.340892,1.615083,0.000000,1.083078,0.911815,1.00e-04
1301,1.000,1.000,1.718878,1.082702,0.000000,1.052718,0.052706,2.348259,1.608272,0.000000,1.083300,0.975007,1.00e-04
1302,1.000,1.000,1.715368,1.078864,0.000000,1.051620,0.054907,2.333846,1.602980,0.000000,1.082613,0.926860,1.00e-04
1303,1.000,1.000,1.712648,1.075811,0.000000,1.051492,0.054024,2.333434,1.609300,0.000000,1.083813,0.894716,1.00e-04
1304,1.000,1.000,1.705085,1.066298,0.000000,1.052041,0.052067,2.353224,1.592374,0.000000,1.081836,1.069283,1.00e-04
1305,1.000,1.000,1.716157,1.081815,0.000000,1.049839,0.054164,2.326856,1.600003,0.000000,1.079037,0.918121,1.00e-04
1306,1.000,1.000,1.711764,1.077546,0.000000,1.048944,0.052859,2.306834,1.594068,0.000000,1.079131,0.841373,1.00e-04
1307,1.000,1.000,1.709120,1.070343,0.000000,1.050648,0.061635,2.339687,1.600266,0.000000,1.082547,0.967182,1.00e-04
1308,1.000,1.000,1.701493,1.061490,0.000000,1.051729,0.054585,2.328461,1.578664,0.000000,1.081743,1.000679,1.00e-04
1309,1.000,1.000,1.702141,1.063803,0.000000,1.050329,0.054176,2.341336,1.581176,0.000000,1.079674,1.063278,1.00e-04
1310,1.000,1.000,1.701130,1.064383,0.000000,1.049272,0.051030,2.308955,1.570123,0.000000,1.078934,0.948546,1.00e-04
1311,1.000,1.000,1.694415,1.057024,0.000000,1.047903,0.052368,2.324311,1.569675,0.000000,1.079200,1.026055,1.00e-04
1312,1.000,1.000,1.695599,1.056964,0.000000,1.048959,0.054298,2.312883,1.569933,0.000000,1.079293,0.967514,1.00e-04
1313,1.000,1.000,1.697565,1.060282,0.000000,1.048927,0.050989,2.317531,1.578761,0.000000,1.077114,0.964154,1.00e-04
1314,1.000,1.000,1.699028,1.061462,0.000000,1.048757,0.054265,2.290242,1.569541,0.000000,1.078439,0.859291,1.00e-04
1315,1.000,1.000,1.683596,1.043277,0.000000,1.047907,0.053247,2.312847,1.565281,0.000000,1.077817,0.991841,1.00e-04
1316,1.000,1.000,1.682632,1.044097,0.000000,1.046601,0.050369,2.302420,1.557847,0.000000,1.077378,0.971204,1.00e-04
1317,1.000,1.000,1.682578,1.043244,0.000000,1.045872,0.056430,2.286458,1.551926,0.000000,1.075985,0.920647,1.00e-04
1318,1.000,1.000,1.678279,1.037133,0.000000,1.047669,0.052189,2.283110,1.546277,0.000000,1.078030,0.918324,1.00e-04
1319,1.000,1.000,1.675812,1.033438,0.000000,1.047141,0.056746,2.277007,1.535733,0.000000,1.077360,0.932660,1.00e-04
1320,1.000,1.000,1.676886,1.036231,0.000000,1.046640,0.052946,2.285845,1.541654,0.000000,1.076175,0.957908,1.00e-04
1321,1.000,1.000,1.679597,1.042506,0.000000,1.044736,0.049016,2.292452,1.538538,0.000000,1.073670,1.013427,1.00e-04
1322,1.000,1.000,1.682674,1.047236,0.000000,1.043679,0.049711,2.272672,1.525765,0.000000,1.076035,0.956161,1.00e-04
1323,1.000,1.000,1.671801,1.032477,0.000000,1.044984,0.049161,2.272973,1.533152,0.000000,1.076019,0.928183,1.00e-04
1324,1.000,1.000,1.668729,1.028365,0.000000,1.044860,0.050746,2.264822,1.535327,0.000000,1.073496,0.888817,1.00e-04
1325,1.000,1.000,1.659967,1.019844,0.000000,1.042335,0.051119,2.259112,1.525560,0.000000,1.071691,0.906554,1.00e-04
1326,1.000,1.000,1.666374,1.028408,0.000000,1.042029,0.050118,2.258656,1.521739,0.000000,1.074056,0.910100,1.00e-04
1327,1.000,1.000,1.658537,1.016922,0.000000,1.043454,0.051185,2.263685,1.523741,0.000000,1.075301,0.922259,1.00e-04
1328,1.000,1.000,1.666132,1.025956,0.000000,1.044236,0.049889,2.265094,1.515801,0.000000,1.077399,0.952669,1.00e-04
1329,1.000,1.000,1.663345,1.022642,0.000000,1.044103,0.049746,2.257330,1.508771,0.000000,1.073373,0.958069,1.00e-04
1330,1.000,1.000,1.653603,1.013978,0.000000,1.041320,0.046825,2.262166,1.519811,0.000000,1.071978,0.943672,1.00e-04
1331,1.000,1.000,1.656513,1.017798,0.000000,1.040307,0.050144,2.240058,1.504676,0.000000,1.071930,0.893864,1.00e-04
1332,1.000,1.000,1.654779,1.015552,0.000000,1.040829,0.048373,2.242842,1.495044,0.000000,1.071236,0.949090,1.00e-04
1333,1.000,1.000,1.656914,1.018087,0.000000,1.041012,0.048176,2.243959,1.505695,0.000000,1.071144,0.912433,1.00e-04
1334,1.000,1.000,1.651408,1.010132,0.000000,1.041669,0.049834,2.227187,1.492696,0.000000,1.072110,0.876711,1.00e-04
1335,1.000,1.000,1.649492,1.007589,0.000000,1.041649,0.050507,2.244428,1.494341,0.000000,1.071131,0.960250,1.00e-04
1336,1.000,1.000,1.649849,1.010682,0.000000,1.039875,0.047019,2.239369,1.489733,0.000000,1.070765,0.954849,1.00e-04
1337,1.000,1.000,1.647356,1.008010,0.000000,1.038610,0.050298,2.235586,1.485610,0.000000,1.068738,0.960541,1.00e-04
1338,1.000,1.000,1.649967,1.011860,0.000000,1.038566,0.048132,2.243913,1.479060,0.000000,1.069546,1.025143,1.00e-04
1339,1.000,1.000,1.638440,0.995871,0.000000,1.039556,0.050496,2.239872,1.478778,0.000000,1.068815,1.008990,1.00e-04
1340,1.000,1.000,1.642120,1.002768,0.000000,1.037271,0.050448,2.241877,1.486203,0.000000,1.067151,0.995968,1.00e-04
1341,1.000,1.000,1.638986,1.000237,0.000000,1.036618,0.047512,2.233157,1.477949,0.000000,1.068133,0.981456,1.00e-04
1342,1.000,1.000,1.634526,0.995131,0.000000,1.036038,0.047952,2.201605,1.464128,0.000000,1.065864,0.888057,1.00e-04
1343,1.000,1.000,1.627242,0.987160,0.000000,1.035736,0.044626,2.215108,1.462319,0.000000,1.066642,0.959691,1.00e-04
1344,1.000,1.000,1.626924,0.985858,0.000000,1.035847,0.047802,2.183066,1.454283,0.000000,1.064038,0.842046,1.00e-04
1345,1.000,1.000,1.626494,0.987187,0.000000,1.034317,0.046456,2.204645,1.464544,0.000000,1.064525,0.906952,1.00e-04
1346,1.000,1.000,1.624186,0.984027,0.000000,1.034442,0.047054,2.204830,1.454367,0.000000,1.064034,0.950545,1.00e-04
1347,1.000,1.000,1.623248,0.982761,0.000000,1.033543,0.051025,2.176296,1.441139,0.000000,1.064224,0.860029,1.00e-04
1348,1.000,1.000,1.621551,0.981574,0.000000,1.033838,0.046104,2.188811,1.445866,0.000000,1.065212,0.899745,1.00e-04
1349,1.000,1.000,1.618359,0.978030,0.000000,1.032984,0.047739,2.176775,1.433945,0.000000,1.060320,0.906816,1.00e-04
1350,1.000,1.000,1.621216,0.983143,0.000000,1.031530,0.047390,2.160099,1.425385,0.000000,1.061916,0.851288,1.00e-04
1351,1.000,1.000,1.619342,0.979162,0.000000,1.032921,0.048381,2.160780,1.427890,0.000000,1.063335,0.839003,1.00e-04
1352,1.000,1.000,1.616024,0.974990,0.000000,1.033258,0.047127,2.177295,1.435995,0.000000,1.061402,0.896886,1.00e-04
1353,1.000,1.000,1.610525,0.970068,0.000000,1.031522,0.046262,2.169344,1.418653,0.000000,1.061762,0.925059,1.00e-04
1354,1.000,1.000,1.611917,0.972820,0.000000,1.030814,0.045049,2.195326,1.426680,0.000000,1.061871,1.022423,1.00e-04
1355,1.000,1.000,1.611131,0.971836,0.000000,1.030566,0.046044,2.190548,1.431469,0.000000,1.060830,0.983543,1.00e-04
1356,1.000,1.000,1.611101,0.972515,0.000000,1.029833,0.046114,2.180931,1.434644,0.000000,1.059497,0.928090,1.00e-04
1357,1.000,1.000,1.614647,0.978633,0.000000,1.028925,0.043007,2.199292,1.425375,0.000000,1.059881,1.055436,1.00e-04
1358,1.000,1.000,1.606339,0.968417,0.000000,1.028285,0.044885,2.142892,1.401359,0.000000,1.060176,0.868319,1.00e-04
1359,1.000,1.000,1.600547,0.960410,0.000000,1.029523,0.043005,2.156239,1.402958,0.000000,1.057897,0.937776,1.00e-04
1360,1.000,1.000,1.597919,0.958095,0.000000,1.027965,0.045354,2.154100,1.411108,0.000000,1.058931,0.890344,1.00e-04
1361,1.000,1.000,1.599305,0.959277,0.000000,1.028059,0.047178,2.146044,1.391721,0.000000,1.059261,0.926292,1.00e-04
1362,1.000,1.000,1.600239,0.960745,0.000000,1.028193,0.045443,2.137531,1.401711,0.000000,1.057734,0.849875,1.00e-04
1363,1.000,1.000,1.597038,0.957959,0.000000,1.027266,0.044290,2.139389,1.398501,0.000000,1.055742,0.879977,1.00e-04
1364,1.000,1.000,1.596863,0.958563,0.000000,1.026012,0.046016,2.162648,1.400132,0.000000,1.058569,0.978436,1.00e-04
1365,1.000,1.000,1.586695,0.944291,0.000000,1.027782,0.045184,2.150928,1.398584,0.000000,1.057670,0.929625,1.00e-04
1366,1.000,1.000,1.589652,0.948116,0.000000,1.027397,0.046207,2.142297,1.381274,0.000000,1.057490,0.956427,1.00e-04
1367,1.000,1.000,1.592058,0.951578,0.000000,1.027027,0.045872,2.126714,1.374113,0.000000,1.056043,0.912944,1.00e-04
1368,1.000,1.000,1.585333,0.945798,0.000000,1.024604,0.045053,2.131691,1.375393,0.000000,1.055203,0.936071,1.00e-04
1369,1.000,1.000,1.582717,0.942732,0.000000,1.024683,0.043930,2.151845,1.373041,0.000000,1.058216,1.034199,1.00e-04
1370,1.000,1.000,1.581440,0.940054,0.000000,1.026225,0.042085,2.128598,1.374383,0.000000,1.054924,0.925761,1.00e-04
1371,1.000,1.000,1.581587,0.942135,0.000000,1.023573,0.045102,2.105084,1.367385,0.000000,1.053403,0.842268,1.00e-04
1372,1.000,1.000,1.581764,0.943093,0.000000,1.022547,0.046263,2.102648,1.357686,0.000000,1.052333,0.873162,1.00e-04
1373,1.000,1.000,1.576867,0.935980,0.000000,1.023536,0.046271,2.115109,1.365155,0.000000,1.054962,0.895079,1.00e-04
1374,1.000,1.000,1.575939,0.935142,0.000000,1.023782,0.044000,2.122090,1.357692,0.000000,1.052715,0.968823,1.00e-04
1375,1.000,1.000,1.574758,0.935349,0.000000,1.021925,0.044694,2.100385,1.351434,0.000000,1.051744,0.889213,1.00e-04
1376,1.000,1.000,1.573590,0.934694,0.000000,1.021445,0.043392,2.099816,1.344429,0.000000,1.051872,0.913880,1.00e-04
1377,1.000,1.000,1.566642,0.925847,0.000000,1.021728,0.042907,2.093452,1.340762,0.000000,1.050662,0.901567,1.00e-04
1378,1.000,1.000,1.564807,0.925095,0.000000,1.020086,0.043309,2.079201,1.340725,0.000000,1.050296,0.831923,1.00e-04
1379,1.000,1.000,1.565754,0.926731,0.000000,1.019345,0.044465,2.085262,1.342301,0.000000,1.048039,0.864948,1.00e-04
1380,1.000,1.000,1.560001,0.921241,0.000000,1.017986,0.043095,2.088493,1.346539,0.000000,1.047836,0.864964,1.00e-04
1381,1.000,1.000,1.562957,0.923698,0.000000,1.019209,0.043156,2.087927,1.334408,0.000000,1.049795,0.902820,1.00e-04
1382,1.000,1.000,1.562007,0.921755,0.000000,1.019056,0.046788,2.097493,1.357171,0.000000,1.049012,0.862731,1.00e-04
1383,1.000,1.000,1.559437,0.920664,0.000000,1.017319,0.045250,2.099511,1.345450,0.000000,1.044954,0.935937,1.00e-04
1384,1.000,1.000,1.558871,0.921128,0.000000,1.016750,0.042843,2.082438,1.339475,0.000000,1.047804,0.863072,1.00e-04
1385,1.000,1.000,1.551733,0.912183,0.000000,1.017006,0.041907,2.088812,1.328348,0.000000,1.047907,0.939042,1.00e-04
1386,1.000,1.000,1.554247,0.915121,0.000000,1.017034,0.042617,2.106600,1.330793,0.000000,1.047896,1.018240,1.00e-04
1387,1.000,1.000,1.551364,0.911891,0.000000,1.016742,0.042285,2.085142,1.317935,0.000000,1.047277,0.964865,1.00e-04
1388,1.000,1.000,1.548326,0.907615,0.000000,1.017329,0.041854,2.079810,1.312077,0.000000,1.047502,0.960732,1.00e-04
1389,1.000,1.000,1.549078,0.909236,0.000000,1.016449,0.042652,2.082600,1.318731,0.000000,1.046436,0.952334,1.00e-04
1390,1.000,1.000,1.544535,0.904240,0.000000,1.015985,0.041771,2.089466,1.319702,0.000000,1.045972,0.984635,1.00e-04
1391,1.000,1.000,1.549295,0.911026,0.000000,1.014377,0.044862,2.080004,1.309612,0.000000,1.044922,0.981884,1.00e-04
1392,1.000,1.000,1.543112,0.905594,0.000000,1.012963,0.041327,2.053860,1.311681,0.000000,1.042249,0.853579,1.00e-04
1393,1.000,1.000,1.545184,0.907427,0.000000,1.013562,0.041963,2.053403,1.287489,0.000000,1.045350,0.935656,1.00e-04
1394,1.000,1.000,1.538177,0.898304,0.000000,1.014315,0.040409,2.062761,1.307779,0.000000,1.044459,0.904852,1.00e-04
1395,1.000,1.000,1.538134,0.898625,0.000000,1.013921,0.040486,2.041795,1.276118,0.000000,1.043464,0.930647,1.00e-04
1396,1.000,1.000,1.529846,0.890247,0.000000,1.011972,0.040354,2.046412,1.282047,0.000000,1.043061,0.931630,1.00e-04
1397,1.000,1.000,1.530723,0.891906,0.000000,1.010990,0.042034,2.055732,1.286376,0.000000,1.041578,0.966845,1.00e-04
1398,1.000,1.000,1.535928,0.898485,0.000000,1.011189,0.040940,2.047260,1.292898,0.000000,1.043010,0.892672,1.00e-04
1399,1.000,1.000,1.529922,0.890656,0.000000,1.011464,0.041128,2.035150,1.282739,0.000000,1.040971,0.880914,1.00e-04
1400,1.000,1.000,1.527242,0.888209,0.000000,1.010486,0.041427,2.021599,1.257673,0.000000,1.040645,0.914721,1.00e-04
1401,1.000,1.000,1.525518,0.887965,0.000000,1.008530,0.041609,2.030371,1.277143,0.000000,1.039944,0.883504,1.00e-04
1402,1.000,1.000,1.526246,0.888731,0.000000,1.008723,0.041417,2.024201,1.280945,0.000000,1.039744,0.838248,1.00e-04
1403,1.000,1.000,1.519217,0.880005,0.000000,1.009029,0.039947,2.020945,1.261295,0.000000,1.038381,0.906023,1.00e-04
1404,1.000,1.000,1.517480,0.878818,0.000000,1.008019,0.040053,2.013567,1.262932,0.000000,1.038632,0.861581,1.00e-04
1405,1.000,1.000,1.518199,0.880782,0.000000,1.007026,0.039760,2.014891,1.265454,0.000000,1.037455,0.862823,1.00e-04
1406,1.000,1.000,1.523359,0.888599,0.000000,1.005538,0.040248,2.034482,1.265096,0.000000,1.034405,0.974406,1.00e-04
1407,1.000,1.000,1.517208,0.881205,0.000000,1.005134,0.040685,2.032232,1.254154,0.000000,1.035172,1.003856,1.00e-04
1408,1.000,1.000,1.517824,0.882162,0.000000,1.004684,0.041734,2.005721,1.249458,0.000000,1.035846,0.887388,1.00e-04
1409,1.000,1.000,1.510296,0.873392,0.000000,1.004552,0.039703,1.988821,1.236392,0.000000,1.036352,0.853132,1.00e-04
1410,1.000,1.000,1.509645,0.871070,0.000000,1.005459,0.042111,1.982451,1.232053,0.000000,1.036116,0.839577,1.00e-04
1411,1.000,1.000,1.507428,0.869611,0.000000,1.005101,0.038293,2.010868,1.241595,0.000000,1.035313,0.946705,1.00e-04
1412,1.000,1.000,1.507296,0.870627,0.000000,1.003301,0.040769,1.998524,1.242742,0.000000,1.032555,0.891429,1.00e-04
1413,1.000,1.000,1.505189,0.871081,0.000000,1.001165,0.036964,1.994878,1.244781,0.000000,1.032713,0.864413,1.00e-04
1414,1.000,1.000,1.501154,0.865194,0.000000,1.001480,0.039073,1.990507,1.227941,0.000000,1.032815,0.909512,1.00e-04
1415,1.000,1.000,1.499600,0.863377,0.000000,1.001395,0.038915,2.002232,1.223140,0.000000,1.032355,0.989177,1.00e-04
1416,1.000,1.000,1.497494,0.862073,0.000000,1.000190,0.038416,1.973654,1.220261,0.000000,1.029609,0.868790,1.00e-04
1417,1.000,1.000,1.496654,0.861203,0.000000,1.000169,0.037783,1.973232,1.221090,0.000000,1.030717,0.858932,1.00e-04
1418,1.000,1.000,1.492073,0.855970,0.000000,0.999631,0.037963,1.971800,1.216025,0.000000,1.030364,0.873441,1.00e-04
1419,1.000,1.000,1.493992,0.860016,0.000000,0.997856,0.038472,1.972030,1.222585,0.000000,1.027253,0.860795,1.00e-04
1420,1.000,1.000,1.490608,0.856634,0.000000,0.996886,0.038963,1.969738,1.222535,0.000000,1.028458,0.844719,1.00e-04
1421,1.000,1.000,1.491157,0.855959,0.000000,0.997640,0.041391,1.971188,1.217730,0.000000,1.026735,0.878081,1.00e-04
1422,1.000,1.000,1.490580,0.856647,0.000000,0.996499,0.040315,1.960151,1.210754,0.000000,1.027008,0.849708,1.00e-04
1423,1.000,1.000,1.490196,0.856435,0.000000,0.996073,0.040950,1.965006,1.206948,0.000000,1.027102,0.888828,1.00e-04
1424,1.000,1.000,1.485349,0.851440,0.000000,0.995670,0.038305,1.953904,1.198013,0.000000,1.025260,0.876427,1.00e-04
1425,1.000,1.000,1.489406,0.856910,0.000000,0.995448,0.037596,1.974921,1.211322,0.000000,1.025862,0.925868,1.00e-04
1426,1.000,1.000,1.485058,0.851899,0.000000,0.994926,0.037992,1.964669,1.209507,0.000000,1.025009,0.885282,1.00e-04
1427,1.000,1.000,1.476882,0.842318,0.000000,0.994271,0.038055,1.966394,1.200988,0.000000,1.024238,0.931062,1.00e-04
1428,1.000,1.000,1.474830,0.840796,0.000000,0.993239,0.038014,1.955728,1.197865,0.000000,1.022119,0.898704,1.00e-04
1429,1.000,1.000,1.474343,0.841183,0.000000,0.992134,0.038444,1.959699,1.193214,0.000000,1.022205,0.936817,1.00e-04
1430,1.000,1.000,1.472090,0.839076,0.000000,0.991390,0.038584,1.978530,1.193775,0.000000,1.021971,1.029669,1.00e-04
1431,1.000,1.000,1.468022,0.833910,0.000000,0.991507,0.038439,1.958804,1.184095,0.000000,1.022612,0.967193,1.00e-04
1432,1.000,1.000,1.471190,0.837391,0.000000,0.992095,0.038004,1.944471,1.171575,0.000000,1.021800,0.948857,1.00e-04
1433,1.000,1.000,1.470244,0.837418,0.000000,0.990646,0.038967,1.954675,1.177581,0.000000,1.021305,0.977831,1.00e-04
1434,1.000,1.000,1.465700,0.832375,0.000000,0.990371,0.037516,1.956590,1.190728,0.000000,1.019526,0.941933,1.00e-04
1435,1.000,1.000,1.471234,0.840256,0.000000,0.989214,0.038290,1.968687,1.181251,0.000000,1.019917,1.038761,1.00e-04
1436,1.000,1.000,1.466514,0.834195,0.000000,0.989490,0.037832,1.940720,1.172552,0.000000,1.021456,0.927564,1.00e-04
1437,1.000,1.000,1.459748,0.825618,0.000000,0.989639,0.037710,1.935030,1.171711,0.000000,1.019052,0.912097,1.00e-04
1438,1.000,1.000,1.466782,0.834577,0.000000,0.989090,0.039242,1.939260,1.169055,0.000000,1.018541,0.945914,1.00e-04
1439,1.000,1.000,1.464629,0.832981,0.000000,0.988636,0.036677,1.917864,1.155737,0.000000,1.019036,0.890227,1.00e-04
1440,1.000,1.000,1.456226,0.821648,0.000000,0.990034,0.034403,1.925817,1.163385,0.000000,1.019926,0.895844,1.00e-04
1441,1.000,1.000,1.457984,0.824170,0.000000,0.989016,0.037177,1.925280,1.149438,0.000000,1.017204,0.959827,1.00e-04
1442,1.000,1.000,1.460324,0.829844,0.000000,0.986442,0.036475,1.942508,1.155423,0.000000,1.017049,1.022647,1.00e-04
1443,1.000,1.000,1.453788,0.820095,0.000000,0.987363,0.039110,1.932758,1.153056,0.000000,1.018057,0.979336,1.00e-04
1444,1.000,1.000,1.447765,0.812936,0.000000,0.987225,0.038180,1.905078,1.148310,0.000000,1.016934,0.864412,1.00e-04
1445,1.000,1.000,1.454240,0.821875,0.000000,0.986685,0.036955,1.911441,1.146909,0.000000,1.015875,0.906072,1.00e-04
1446,1.000,1.000,1.447675,0.814248,0.000000,0.986411,0.035736,1.903013,1.136379,0.000000,1.016828,0.902240,1.00e-04
1447,1.000,1.000,1.445359,0.810702,0.000000,0.986671,0.037303,1.890158,1.134004,0.000000,1.014889,0.855217,1.00e-04
1448,1.000,1.000,1.446648,0.813723,0.000000,0.985659,0.035710,1.905764,1.139980,0.000000,1.016183,0.904172,1.00e-04
1449,1.000,1.000,1.448728,0.817585,0.000000,0.983820,0.038021,1.922473,1.145226,0.000000,1.014388,0.973908,1.00e-04
1450,1.000,1.000,1.444881,0.811145,0.000000,0.984067,0.043557,1.932757,1.143486,0.000000,1.012986,1.037896,1.00e-04
1451,1.000,1.000,1.437490,0.803586,0.000000,0.984022,0.037017,1.909950,1.132904,0.000000,1.013683,0.963402,1.00e-04
1452,1.000,1.000,1.433693,0.799580,0.000000,0.983420,0.036464,1.882529,1.118470,0.000000,1.012579,0.888445,1.00e-04
1453,1.000,1.000,1.434186,0.801054,0.000000,0.982565,0.036453,1.883669,1.111345,0.000000,1.010901,0.929362,1.00e-04
1454,1.000,1.000,1.435454,0.803393,0.000000,0.981616,0.037235,1.881815,1.126095,0.000000,1.009091,0.868329,1.00e-04
1455,1.000,1.000,1.435470,0.805102,0.000000,0.980116,0.036479,1.882077,1.119852,0.000000,1.010079,0.890662,1.00e-04
1456,1.000,1.000,1.442791,0.814038,0.000000,0.980357,0.036377,1.922507,1.127041,0.000000,1.010333,1.063038,1.00e-04
1457,1.000,1.000,1.430482,0.798351,0.000000,0.980313,0.037757,1.866352,1.108537,0.000000,1.009969,0.857734,1.00e-04
1458,1.000,1.000,1.427820,0.794912,0.000000,0.980976,0.035545,1.887020,1.112160,0.000000,1.011139,0.941907,1.00e-04
1459,1.000,1.000,1.422197,0.788865,0.000000,0.979874,0.036026,1.884556,1.113095,0.000000,1.008851,0.934998,1.00e-04
1460,1.000,1.000,1.423973,0.791639,0.000000,0.979143,0.036732,1.872390,1.105557,0.000000,1.008472,0.905832,1.00e-04
1461,1.000,1.000,1.422594,0.790031,0.000000,0.979281,0.035722,1.880920,1.121503,0.000000,1.009134,0.882051,1.00e-04
1462,1.000,1.000,1.423447,0.791636,0.000000,0.979269,0.033614,1.862453,1.090558,0.000000,1.008570,0.915752,1.00e-04
1463,1.000,1.000,1.418227,0.785135,0.000000,0.978629,0.036078,1.871356,1.096477,0.000000,1.007316,0.941612,1.00e-04
1464,1.000,1.000,1.418123,0.785162,0.000000,0.978772,0.034879,1.860576,1.083454,0.000000,1.008407,0.935437,1.00e-04
1465,1.000,1.000,1.420885,0.788802,0.000000,0.978825,0.033920,1.875628,1.094086,0.000000,1.008413,0.968147,1.00e-04
1466,1.000,1.000,1.420280,0.788445,0.000000,0.977994,0.035643,1.848257,1.083958,0.000000,1.006147,0.880862,1.00e-04
1467,1.000,1.000,1.416846,0.784611,0.000000,0.977580,0.035468,1.887895,1.093744,0.000000,1.006645,1.037920,1.00e-04
1468,1.000,1.000,1.413278,0.779821,0.000000,0.977629,0.036590,1.861555,1.092621,0.000000,1.006957,0.909464,1.00e-04
1469,1.000,1.000,1.418976,0.787302,0.000000,0.977427,0.035962,1.837209,1.068389,0.000000,1.006620,0.886010,1.00e-04
1470,1.000,1.000,1.409580,0.776281,0.000000,0.977150,0.034176,1.864217,1.092929,0.000000,1.006140,0.924806,1.00e-04
1471,1.000,1.000,1.408720,0.774503,0.000000,0.977800,0.034388,1.861013,1.080652,0.000000,1.006612,0.956006,1.00e-04
1472,1.000,1.000,1.409295,0.776477,0.000000,0.976683,0.033836,1.813659,1.053707,0.000000,1.004463,0.835614,1.00e-04
1473,1.000,1.000,1.408265,0.774172,0.000000,0.976627,0.038128,1.831264,1.074083,0.000000,1.006683,0.833255,1.00e-04
1474,1.000,1.000,1.406277,0.770057,0.000000,0.978056,0.038935,1.828598,1.057359,0.000000,1.006517,0.887488,1.00e-04
1475,1.000,1.000,1.405370,0.770335,0.000000,0.977432,0.035783,1.827619,1.061624,0.000000,1.006687,0.864850,1.00e-04
1476,1.000,1.000,1.402245,0.767652,0.000000,0.976774,0.033518,1.834271,1.067892,0.000000,1.005246,0.878803,1.00e-04
1477,1.000,1.000,1.396903,0.762120,0.000000,0.975644,0.033455,1.825518,1.050956,0.000000,1.004925,0.904067,1.00e-04
1478,1.000,1.000,1.396831,0.762427,0.000000,0.975235,0.033507,1.829809,1.060353,0.000000,1.004062,0.891382,1.00e-04
1479,1.000,1.000,1.401138,0.768312,0.000000,0.974847,0.033051,1.835326,1.058361,0.000000,1.004709,0.924350,1.00e-04
1480,1.000,1.000,1.398984,0.765295,0.000000,0.975247,0.032751,1.801429,1.047702,0.000000,1.004247,0.799350,1.00e-04
1481,1.000,1.000,1.392071,0.756322,0.000000,0.975273,0.033976,1.812955,1.057090,0.000000,1.004264,0.819360,1.00e-04
1482,1.000,1.000,1.392843,0.757721,0.000000,0.975068,0.033054,1.804749,1.039434,0.000000,1.003627,0.851505,1.00e-04
1483,1.000,1.000,1.388472,0.753105,0.000000,0.974135,0.033398,1.797572,1.042020,0.000000,1.003599,0.805385,1.00e-04
1484,1.000,1.000,1.392705,0.757894,0.000000,0.974180,0.035230,1.807489,1.044408,0.000000,1.002863,0.848357,1.00e-04
1485,1.000,1.000,1.388944,0.754440,0.000000,0.973235,0.034018,1.827191,1.039647,0.000000,1.002378,0.967853,1.00e-04
1486,1.000,1.000,1.385716,0.750640,0.000000,0.972970,0.034142,1.815469,1.036130,0.000000,1.003109,0.920392,1.00e-04
1487,1.000,1.000,1.385505,0.749889,0.000000,0.973541,0.033807,1.803513,1.022753,0.000000,1.002414,0.916895,1.00e-04
1488,1.000,1.000,1.387397,0.753196,0.000000,0.972890,0.032640,1.805307,1.029391,0.000000,1.003461,0.895127,1.00e-04
1489,1.000,1.000,1.386228,0.750438,0.000000,0.973529,0.035270,1.809184,1.036361,0.000000,1.002231,0.891552,1.00e-04
1490,1.000,1.000,1.381581,0.745915,0.000000,0.972855,0.032828,1.821236,1.044512,0.000000,1.001173,0.923439,1.00e-04
1491,1.000,1.000,1.382648,0.749113,0.000000,0.971279,0.031669,1.796525,1.026815,0.000000,1.000907,0.871739,1.00e-04
1492,1.000,1.000,1.381770,0.746912,0.000000,0.972081,0.032879,1.784106,1.010595,0.000000,1.001256,0.873124,1.00e-04
1493,1.000,1.000,1.377763,0.743172,0.000000,0.970695,0.033351,1.784210,1.011782,0.000000,1.000062,0.873674,1.00e-04
1494,1.000,1.000,1.377146,0.741546,0.000000,0.971505,0.033528,1.792065,1.011347,0.000000,1.000270,0.913859,1.00e-04
1495,1.000,1.000,1.375605,0.739320,0.000000,0.972043,0.032572,1.789834,1.011400,0.000000,1.000976,0.899665,1.00e-04
1496,1.000,1.000,1.372887,0.736519,0.000000,0.971206,0.033540,1.804248,1.010045,0.000000,1.000874,0.977562,1.00e-04
1497,1.000,1.000,1.374446,0.739435,0.000000,0.970429,0.032771,1.797934,1.008003,0.000000,0.998549,0.963464,1.00e-04
1498,1.000,1.000,1.374327,0.740109,0.000000,0.969762,0.032149,1.774293,0.995380,0.000000,0.999128,0.893432,1.00e-04
1499,1.000,1.000,1.369801,0.734329,0.000000,0.969703,0.032874,1.776722,0.999343,0.000000,0.999224,0.889343,1.00e-04
1500,1.000,1.000,1.376489,0.742250,0.000000,0.969814,0.034186,1.804066,1.014550,0.000000,0.997241,0.973169,1.00e-04
1501,1.000,1.000,1.373377,0.738952,0.000000,0.969704,0.032263,1.803522,1.001315,0.000000,0.999442,1.014585,1.00e-04
1502,1.000,1.000,1.370677,0.733806,0.000000,0.970782,0.035030,1.766020,0.987203,0.000000,1.000524,0.879188,1.00e-04
1503,1.000,1.000,1.362683,0.725515,0.000000,0.970083,0.031025,1.781640,0.988319,0.000000,1.000047,0.954736,1.00e-04
1504,1.000,1.000,1.362008,0.724660,0.000000,0.970216,0.030535,1.787906,0.991105,0.000000,0.998860,0.979670,1.00e-04
1505,1.000,1.000,1.364875,0.729158,0.000000,0.969209,0.030909,1.778477,0.981404,0.000000,0.998341,0.973404,1.00e-04
1506,1.000,1.000,1.367951,0.732569,0.000000,0.969341,0.032114,1.784782,0.989549,0.000000,0.998322,0.972424,1.00e-04
1507,1.000,1.000,1.364032,0.727922,0.000000,0.968743,0.033501,1.789644,0.988809,0.000000,0.997488,1.003035,1.00e-04
1508,1.000,1.000,1.360941,0.723684,0.000000,0.969003,0.033952,1.784733,0.984730,0.000000,0.997908,0.993115,1.00e-04
1509,1.000,1.000,1.360092,0.723388,0.000000,0.968664,0.032252,1.772882,0.979048,0.000000,0.997954,0.956403,1.00e-04
1510,1.000,1.000,1.357866,0.720377,0.000000,0.968215,0.034962,1.781816,0.978758,0.000000,0.996846,1.006663,1.00e-04
1511,1.000,1.000,1.358684,0.722232,0.000000,0.967725,0.033591,1.782575,0.991179,0.000000,0.995146,0.967571,1.00e-04
1512,1.000,1.000,1.356484,0.720678,0.000000,0.966396,0.034129,1.761621,0.992299,0.000000,0.996052,0.854701,1.00e-04
1513,1.000,1.000,1.355674,0.719981,0.000000,0.966457,0.032616,1.740660,0.983393,0.000000,0.994336,0.792382,1.00e-04
1514,1.000,1.000,1.355736,0.719491,0.000000,0.966575,0.034413,1.746883,0.970806,0.000000,0.995319,0.869916,1.00e-04
1515,1.000,1.000,1.350872,0.714976,0.000000,0.966419,0.028783,1.742342,0.969596,0.000000,0.995047,0.853136,1.00e-04
1516,1.000,1.000,1.349350,0.712812,0.000000,0.966441,0.029738,1.762129,0.976389,0.000000,0.994568,0.926813,1.00e-04
1517,1.000,1.000,1.354099,0.720109,0.000000,0.965237,0.029112,1.749489,0.959716,0.000000,0.995507,0.926550,1.00e-04
1518,1.000,1.000,1.349327,0.713478,0.000000,0.965496,0.030740,1.726615,0.949300,0.000000,0.994863,0.856424,1.00e-04
1519,1.000,1.000,1.348411,0.712022,0.000000,0.965805,0.030748,1.746510,0.952525,0.000000,0.993744,0.947473,1.00e-04
1520,1.000,1.000,1.346261,0.709266,0.000000,0.965823,0.030952,1.725379,0.944434,0.000000,0.995052,0.868949,1.00e-04
1521,1.000,1.000,1.346281,0.709251,0.000000,0.965735,0.031459,1.744841,0.961466,0.000000,0.993852,0.902929,1.00e-04
1522,1.000,1.000,1.343127,0.705583,0.000000,0.965713,0.030452,1.740630,0.954248,0.000000,0.994120,0.909678,1.00e-04
1523,1.000,1.000,1.339486,0.702763,0.000000,0.963941,0.030613,1.732285,0.950333,0.000000,0.991919,0.892415,1.00e-04
1524,1.000,1.000,1.342046,0.706497,0.000000,0.963776,0.029140,1.737651,0.942858,0.000000,0.993755,0.941804,1.00e-04
1525,1.000,1.000,1.341057,0.703954,0.000000,0.964847,0.030077,1.756607,0.946226,0.000000,0.994230,1.021210,1.00e-04
1526,1.000,1.000,1.344265,0.707516,0.000000,0.964861,0.031820,1.737348,0.943024,0.000000,0.993846,0.939259,1.00e-04
1527,1.000,1.000,1.338761,0.701184,0.000000,0.964547,0.030884,1.741497,0.934453,0.000000,0.993701,0.994871,1.00e-04
1528,1.000,1.000,1.336783,0.699040,0.000000,0.964069,0.031478,1.745580,0.944611,0.000000,0.991685,0.982713,1.00e-04
1529,1.000,1.000,1.335194,0.697883,0.000000,0.963173,0.031747,1.781468,0.944110,0.000000,0.992150,1.162297,1.00e-04
