roi,var_K,var_C,cov_KC,var_total,pct_accumulated_K,pct_instantaneous_C,subject_id,target
lh_Ca,0.008687435,0.96101063,0.0023101911616862816,0.97429925,1.1287728956733263,98.87319774191579,fuspd01,vim
lh_GPe,0.009232188,0.9625801,0.002471280456628506,0.9767343,1.1982243618245072,98.8038798718233,fuspd01,vim
lh_GPi,0.006895426,0.9564351,-0.0033074618371060015,0.95674306,0.37501859195342857,99.62210971973693,fuspd01,vim
lh_Pu,0.008219468,0.9362802,0.013648601276988697,0.97168314,2.250535043912125,97.76116808557207,fuspd01,vim
lh_STH,0.0062404494,0.9833618,-0.009840781953794885,0.9700026,-0.3711673148923946,100.36272141024631,fuspd01,vim
lh_cerebellum_dentate,0.008039449,0.9837965,-0.008001555903662517,0.9758995,0.0038829241383708207,99.98928208077407,fuspd01,vim
lh_cerebellum_motor,0.008600346,0.9571584,0.0045265619597033,0.9747741,1.3466614955166036,98.65720957578395,fuspd01,vim
lh_paracentral_smooth3mm,0.007639721,0.9619916,-0.009660970262623796,0.95039,-0.21267577168330676,100.20419581946767,fuspd01,vim
lh_postcentral_smooth3mm,0.008995483,0.94407576,0.023748481196369423,1.0003703,3.2731844469045788,96.74660265294686,fuspd01,vim
lh_precentral_smooth3mm,0.009364349,0.8962813,0.034413183585945084,0.97418517,4.49375886913458,95.53568617370262,fuspd01,vim
lh_superiorfrontal_smooth3mm,0.012012782,0.9183127,0.01613474302934743,0.9624605,2.9245381064122253,97.08943422317599,fuspd01,vim
lh_vim,0.008195753,0.9385174,0.013486574267210394,0.97357386,2.2270860269825428,97.78446213831667,fuspd01,vim
lh_zi,0.006488177,0.9709311,-0.002975531297629484,0.97149295,0.3615719198296053,99.63588364760564,fuspd01,vim
rh_Ca,0.00783463,0.92899185,0.009949479144138969,0.9566424,1.859013297980327,98.14966844867509,fuspd01,vim
rh_GPe,0.007881293,0.9140709,0.012791760411835268,0.9474291,2.1820158402282823,97.82923540896287,fuspd01,vim
rh_GPi,0.00731986,0.97534543,-0.005802116998777708,0.97110945,0.15628960894022095,99.83872733355642,fuspd01,vim
rh_Pu,0.009022778,0.9589507,-0.0015798956546676762,0.9648267,0.7714216679261814,99.2272290633309,fuspd01,vim
rh_STH,0.010221466,0.9510042,0.0018864764567443457,0.964983,1.2547312283054697,98.74688952769135,fuspd01,vim
rh_cerebellum_dentate,0.008096811,0.93600786,0.019143068476769838,0.98223126,2.7732654178118556,97.24297783349144,fuspd01,vim
rh_cerebellum_motor,0.009477834,0.9333773,0.010270804361881845,0.96331114,2.050078925265338,97.95881048790187,fuspd01,vim
rh_paracentral_smooth3mm,0.0052702385,0.9667909,-0.0024080661803437035,0.96726507,0.2959036162930508,99.70202365199982,fuspd01,vim
rh_postcentral_smooth3mm,0.010324583,0.90357465,0.014722903579378017,0.9432223,2.6555232403547158,97.35749084464963,fuspd01,vim
rh_precentral_smooth3mm,0.009177693,0.8988397,0.02733468452115878,0.96245885,3.793655980898062,96.2300255924078,fuspd01,vim
rh_superiorfrontal_smooth3mm,0.010359696,0.9325733,0.02424939707103669,0.99122983,3.4915306279432734,96.52884573252759,fuspd01,vim
lh_Ca,0.007012831,0.96143913,0.009675361095219798,0.98772216,1.689563406058375,98.31858944293386,fuspd01,zi
lh_GPe,0.008034722,0.95658225,0.008432509550496653,0.9814118,1.6779124983237248,98.3292378711155,fuspd01,zi
lh_GPi,0.006726498,0.96677345,-0.005753058128332417,0.96204185,0.10118475105927667,99.89382347483438,fuspd01,zi
lh_Pu,0.005270256,0.9497216,0.0029179257595968932,0.96080333,0.8522224787966031,99.15031212452614,fuspd01,zi
lh_STH,0.0072150063,0.97035396,-0.00017698815989549823,0.9772164,0.7202107900159792,99.27964271124354,fuspd01,zi
lh_cerebellum_dentate,0.0074723344,0.9632199,0.01238516624727145,0.99535924,1.9950084190450117,98.01537034824985,fuspd01,zi
lh_cerebellum_motor,0.009276275,0.99159926,-0.018572877465646665,0.9638846,-0.9644933584973793,100.94843224117612,fuspd01,zi
lh_paracentral_smooth3mm,0.00704805,0.9368743,0.008030322809509178,0.959916,1.5708012805617728,98.43617541347115,fuspd01,zi
lh_postcentral_smooth3mm,0.008407363,0.9522507,0.00918055690597505,0.97894275,1.7966239199258542,98.21118488549598,fuspd01,zi
lh_precentral_smooth3mm,0.011582206,0.89256734,0.029914504710279136,0.9637293,4.305847063924272,95.72001393468905,fuspd01,zi
lh_superiorfrontal_smooth3mm,0.012119452,0.93268865,0.01974787603871282,0.98413926,3.238091269613736,96.77863334045001,fuspd01,zi
lh_vim,0.0075462516,0.9474926,0.007925127614524376,0.970823,1.593635442769447,98.41317490434005,fuspd01,zi
lh_zi,0.0072064083,0.9781609,0.0054224245940828865,0.996167,1.2677425420592006,98.73679195320601,fuspd01,zi
rh_Ca,0.0070559164,0.9694277,-0.006823961463100567,0.96289253,0.02408938556404885,99.97000817942447,fuspd01,zi
rh_GPe,0.006534176,0.9444223,0.005670128965319964,0.96224946,1.2683098767416103,98.73660367989298,fuspd01,zi
rh_GPi,0.0076496447,0.96714824,0.0024754399263283862,0.97972816,1.0334585714395639,98.96864473531289,fuspd01,zi
rh_Pu,0.008629471,0.9712836,-0.0016225762374963608,0.9766814,0.7174186736115583,99.28120134289712,fuspd01,zi
rh_STH,0.00795493,0.95463294,0.0026484445019429917,0.9678627,1.095545285559121,98.90673102996722,fuspd01,zi
rh_cerebellum_dentate,0.0077691,0.96559083,-0.0029828204881046675,0.9674192,0.4947471974041045,99.50267754337526,fuspd01,zi
rh_cerebellum_motor,0.010493869,0.9491805,0.016025556882098165,0.9915919,2.6744295334975465,97.33904332397108,fuspd01,zi
rh_paracentral_smooth3mm,0.0064817783,0.9632661,-0.0026949780740663453,0.9643804,0.39266666276438,99.60500161830845,fuspd01,zi
rh_postcentral_smooth3mm,0.0062622563,0.9297556,0.013228987563553733,0.96236575,2.0253468011193654,97.98609511029453,fuspd01,zi
rh_precentral_smooth3mm,0.008301192,0.9043697,0.028463696603757933,0.9693611,3.7926926885011807,96.23177400583387,fuspd01,zi
rh_superiorfrontal_smooth3mm,0.008608629,0.9283011,0.020514420544064764,0.97776777,2.9785242024452856,97.03894421187455,fuspd01,zi
lh_Ca,0.011534645,0.9591516,-0.010990393492649608,0.94879717,0.05736228445674906,99.93297469369965,fuspd03,vim
lh_GPe,0.01097851,0.95416856,0.0006872327706305156,0.96651584,1.2069892670854645,98.79359988353787,fuspd03,vim
lh_GPi,0.010119021,0.94674397,0.013602479512424112,0.9839546,2.4108328014131435,97.60068568442715,fuspd03,vim
lh_Pu,0.011413445,0.95400846,-0.003776285572380191,0.95790076,0.797280834408945,99.1994381479534,fuspd03,vim
lh_STH,0.011543127,0.98388517,-0.005663984181288532,0.9841476,0.5973842283476002,99.39781152924904,fuspd03,vim
lh_cerebellum_dentate,0.01088455,0.98370147,0.004815172942622512,1.0041763,1.5634429913426597,98.44055080538055,fuspd03,vim
lh_cerebellum_motor,0.012481467,0.9262754,0.022335975271054964,0.9832426,3.5410836707508975,96.47785555806614,fuspd03,vim
lh_paracentral_smooth3mm,0.008911883,0.9093324,0.013290231069678209,0.944714,2.350141344232964,97.66157970942048,fuspd03,vim
lh_postcentral_smooth3mm,0.013056135,0.93241125,0.025190449823673498,0.99563843,3.841413054355722,96.17966465616873,fuspd03,vim
lh_precentral_smooth3mm,0.011285964,0.90625626,0.031364695518669605,0.9800102,4.352062807015929,95.67461063513959,fuspd03,vim
lh_superiorfrontal_smooth3mm,0.012670654,0.94357467,0.010086091849512325,0.9763335,2.330837336429281,97.6777668539895,fuspd03,vim
lh_vim,0.011701042,0.96828616,0.0009987865425904248,0.98197645,1.293292561319341,98.7075549215827,fuspd03,vim
lh_zi,0.010314824,0.97208285,-0.003284585996278728,0.9758559,0.7204176515652445,99.27677644725146,fuspd03,vim
rh_Ca,0.00875349,0.9531339,-0.0009704356563162599,0.95995456,0.8107731732865436,99.18838717023725,fuspd03,vim
rh_GPe,0.008806837,0.9312503,0.004189005258281638,0.9484002,1.3702909444407199,98.63339126439769,fuspd03,vim
rh_GPi,0.011611709,0.96752536,-0.00425260742771887,0.97066724,0.7581487885299043,99.23820572740911,fuspd03,vim
rh_Pu,0.011771521,0.9523889,0.008261521575933165,0.98061466,2.042906653192047,97.96410774510898,fuspd03,vim
rh_STH,0.008444492,0.97048706,-0.0062782535814887635,0.9664275,0.22414906251228903,99.77042246587456,fuspd03,vim
rh_cerebellum_dentate,0.011047353,0.9874476,-0.010335826803078969,0.9779095,0.07275992611969533,99.9184267329637,fuspd03,vim
rh_cerebellum_motor,0.012148578,0.93072283,-0.0016070782292916233,0.9396706,1.1218292069497555,98.87674812351314,fuspd03,vim
rh_paracentral_smooth3mm,0.008844118,0.9530162,0.0045766116372993,0.9709755,1.3821902838301352,98.6217278587537,fuspd03,vim
rh_postcentral_smooth3mm,0.013291548,0.92698824,0.016167988682350712,0.972481,3.0293174174752417,96.98453962256653,fuspd03,vim
rh_precentral_smooth3mm,0.010386943,0.90321755,0.017467128867063683,0.9483932,2.9369749803101066,97.07836981956308,fuspd03,vim
rh_superiorfrontal_smooth3mm,0.012527172,0.9473442,0.006695430703740698,0.9732064,1.9751825656133053,98.03055279655344,fuspd03,vim
lh_Ca,0.004907948,0.97927535,-0.0014278905153038712,0.9813394,0.35462322894909043,99.64416594535408,fuspd03,zi
lh_GPe,0.00405863,0.97347987,0.0039716878933577435,0.9854487,0.8148894967125183,99.18847495060177,fuspd03,zi
lh_GPi,0.0048872675,0.98383635,-0.004051848165447724,0.9806536,0.08519005382893813,99.91137753862242,fuspd03,zi
lh_Pu,0.00569974,0.9691657,0.004080674687591214,0.9829928,0.9949629541056672,99.008490180651,fuspd03,zi
lh_STH,0.007093676,0.9907836,0.00416516749778232,1.0061729,1.1189770117196807,98.88447047344064,fuspd03,zi
lh_cerebellum_dentate,0.006453612,0.9994042,-0.005152645234295033,0.9955956,0.13067220136127186,99.86500264996903,fuspd03,zi
lh_cerebellum_motor,0.0065977513,0.9660587,0.0054710826627769665,0.983553,1.2270649413507009,98.77757087820795,fuspd03,zi
lh_paracentral_smooth3mm,0.005313029,0.96122324,-0.011698695941768616,0.9432363,-0.6769954626248674,100.66666829658935,fuspd03,zi
lh_postcentral_smooth3mm,0.005822892,0.94084054,0.015507306586729877,0.97754884,2.182008468535868,97.8312092509579,fuspd03,zi
lh_precentral_smooth3mm,0.004258849,0.9504997,0.006685130175002872,0.968073,1.1304911147545524,98.87527420645998,fuspd03,zi
lh_superiorfrontal_smooth3mm,0.0062556434,0.95980275,0.01275843611824721,0.9914691,1.9177682737700243,98.09294080799508,fuspd03,zi
lh_vim,0.0076084314,0.99111706,-0.005877214932990493,0.98701996,0.17539832378335438,99.81964793625531,fuspd03,zi
lh_zi,0.0042013833,1.0052402,-0.004895153080513153,0.9996921,-0.06939834402970747,100.0653167586262,fuspd03,zi
rh_Ca,0.0065403646,0.9770952,0.007311094718117912,0.9981968,1.3876481643705985,98.61845885300113,fuspd03,zi
rh_GPe,0.0056123384,0.9239425,0.011145011427345957,0.95175207,1.7606843675630657,98.24906617425155,fuspd03,zi
rh_GPi,0.004687221,0.981501,-0.004125116458137667,0.9779723,0.057476506735420325,99.9390103517954,fuspd03,zi
rh_Pu,0.0076822215,0.9706943,-0.0136209754776793,0.9512481,-0.6243117797949645,100.61237637552455,fuspd03,zi
rh_STH,0.0052852468,0.96257293,-0.003924556403952877,0.9600417,0.14173242233991415,99.8548681841973,fuspd03,zi
rh_cerebellum_dentate,0.007950131,0.97628,-0.00020461865181738175,0.9838226,0.7872874970575866,99.21253801802584,fuspd03,zi
rh_cerebellum_motor,0.0059134066,0.9428921,0.012699904399613235,0.97409946,1.910822439259257,98.10004223476766,fuspd03,zi
rh_paracentral_smooth3mm,0.0060245832,0.9684051,0.007043679723278034,0.98845834,1.32208536243748,98.68385670036761,fuspd03,zi
rh_postcentral_smooth3mm,0.006929978,0.9261164,0.00233967175559854,0.93770623,0.9885451579113781,99.0135339745665,fuspd03,zi
rh_precentral_smooth3mm,0.0066763973,0.9728369,0.00038336181028120935,0.9802769,0.7201801064167671,99.28014122491521,fuspd03,zi
rh_superiorfrontal_smooth3mm,0.00612597,1.0020885,0.0008769596078584282,1.009961,0.6933861166471114,99.30734923405261,fuspd03,zi
lh_Ca,0.00953276,0.9881375,-0.018262058802654482,0.9612982,-0.9080739626108706,100.8922514616475,fuspd04,vim
lh_GPe,0.010477712,0.9424856,0.013856104489057953,0.98055995,2.4816246052474344,97.53015918805198,fuspd04,vim
lh_GPi,0.008483734,0.9739835,0.0037930793261858908,0.9900219,1.2400547403011097,98.76313048451036,fuspd04,vim
lh_Pu,0.008929529,0.9418827,0.005628019682485839,0.9620213,1.5132252313040655,98.49166102922871,fuspd04,vim
lh_STH,0.009246202,0.9734402,-0.003333770717022765,0.9760466,0.6057529770275629,99.39139974508039,fuspd04,vim
lh_cerebellum_dentate,0.009337677,0.9501116,0.0026959983771938202,0.96481884,1.2472471127699976,98.75508138278242,fuspd04,vim
lh_cerebellum_motor,0.008518394,0.9656737,0.0071948194662322575,0.9885218,1.589566696553651,98.41649323474162,fuspd04,vim
lh_paracentral_smooth3mm,0.008876208,0.9128476,0.00744754032352171,0.9365569,1.7429532538718782,98.26366585111016,fuspd04,vim
lh_postcentral_smooth3mm,0.011649982,0.9543014,-0.0006714647239780509,0.9646141,1.1381253316375353,98.86129165746404,fuspd04,vim
lh_precentral_smooth3mm,0.012988421,0.9058018,0.030744323939216854,0.98002255,4.462422327977424,95.56372936161982,fuspd04,vim
lh_superiorfrontal_smooth3mm,0.009740693,0.93770385,0.016807595005518552,0.9809196,2.70646927449615,97.30781639443222,fuspd04,vim
lh_vim,0.008235804,0.9577962,0.003578580852773662,0.9731594,1.2140236212279543,98.78903946547399,fuspd04,vim
lh_zi,0.009277498,0.9736732,-0.007519360586994651,0.9679747,0.18163054487829067,99.81188986849199,fuspd04,vim
rh_Ca,0.008939386,0.9775617,-0.008126202714095766,0.97031647,0.0838060217227329,99.90920899047262,fuspd04,vim
rh_GPe,0.010933825,0.9494917,0.0038021808636703436,0.96799827,1.5223173628263384,98.48094710485229,fuspd04,vim
rh_GPi,0.010275304,0.98381716,-0.010471131904108323,0.97323745,-0.020121254648573762,100.01115589352715,fuspd04,vim
rh_Pu,0.010089217,0.94259894,0.005764620775694859,0.9641693,1.6443001394090806,98.36068589381665,fuspd04,vim
rh_STH,0.008801445,0.9477845,0.013042294303050785,0.9825619,2.223141358558488,97.787914544867,fuspd04,vim
rh_cerebellum_dentate,0.009672821,0.94379884,-0.0003130317806202558,0.9528482,0.9822959025860486,99.01743133865754,fuspd04,vim
rh_cerebellum_motor,0.012652557,0.94357127,0.0012011650592906205,0.95861614,1.445179343485548,98.55586585792852,fuspd04,vim
rh_paracentral_smooth3mm,0.008763653,0.9362719,0.017247249658446297,0.9793864,2.6558366718180695,97.35883263420759,fuspd04,vim
rh_postcentral_smooth3mm,0.013163984,0.9394997,0.01192028818815174,0.97640485,2.569044195152784,97.44113505698931,fuspd04,vim
rh_precentral_smooth3mm,0.011026054,0.9025595,0.024704233217894063,0.9627882,3.711126290129985,96.31025065589427,fuspd04,vim
rh_superiorfrontal_smooth3mm,0.011404497,0.9390409,-0.0005397299393339393,0.94937044,1.144418045558023,98.85510713396468,fuspd04,vim
lh_Ca,0.009950048,0.96476173,0.00044712949459706463,0.9756023,1.0657188362619583,98.93466169899853,fuspd04,zi
lh_GPe,0.011606095,0.9926665,-0.014197218574177987,0.9759964,-0.26548492203424645,100.25337074301132,fuspd04,zi
lh_GPi,0.0091896765,0.9603664,0.005774935888674125,0.98105794,1.5253545935208643,98.47954157555382,fuspd04,zi
lh_Pu,0.0076466496,0.9558818,0.0011224887361471131,0.9657641,0.9080000279667583,99.0929625454012,fuspd04,zi
lh_STH,0.0098555405,0.9470259,0.006121237366279227,0.9690729,1.6486662863368793,98.35659977372443,fuspd04,zi
lh_cerebellum_dentate,0.012318912,1.0043912,-0.017993025440453527,0.98087406,-0.5784752294373666,100.56318202114987,fuspd04,zi
lh_cerebellum_motor,0.011339379,1.004403,-0.018000981538676703,0.97989064,-0.6798312681651978,100.66449955990203,fuspd04,zi
lh_paracentral_smooth3mm,0.008812038,0.9327866,0.022664325369468982,0.9867384,3.1899401214255345,96.8292026524265,fuspd04,zi
lh_postcentral_smooth3mm,0.013455797,0.9656481,-0.003266701624646449,0.9725978,1.0476165578708163,98.94957967007383,fuspd04,zi
lh_precentral_smooth3mm,0.012458992,0.89267623,0.04072064852036338,0.9862372,5.392175351498004,94.6422276856582,fuspd04,zi
lh_superiorfrontal_smooth3mm,0.010644291,0.91878736,0.012461831405709167,0.95425147,2.4213871052235474,97.5894952901264,fuspd04,zi
lh_vim,0.012104626,0.92747617,0.00629849609330376,0.95212543,1.9328463797985487,98.07265243058202,fuspd04,zi
lh_zi,0.009564598,0.92670953,0.018331483687819564,0.9727843,2.867653428413257,97.14805585373286,fuspd04,zi
rh_Ca,0.011410878,0.93366253,0.010973903372420084,0.96692973,2.3150370322596765,97.69442433689773,fuspd04,zi
rh_GPe,0.008931426,0.957158,-0.004139078767188332,0.9578458,0.50032557733322,99.49607162994334,fuspd04,zi
rh_GPi,0.010555672,0.9693158,-0.0006923211866834849,0.9784926,1.0080148889361544,98.99139638630263,fuspd04,zi
rh_Pu,0.011222269,0.954753,-0.005757448879508248,0.95450836,0.5725272518823515,99.42244283820739,fuspd04,zi
rh_STH,0.011079644,0.9447239,0.022061793449577864,0.9997433,3.314994746444716,96.70339518357221,fuspd04,zi
rh_cerebellum_dentate,0.010421523,0.9493097,0.0031677570450515244,0.9660404,1.4066989662132985,98.59603081851127,fuspd04,zi
rh_cerebellum_motor,0.0110105835,0.9667477,0.0018937379287964754,0.98153013,1.3147147525791567,98.68687772082485,fuspd04,zi
rh_paracentral_smooth3mm,0.010045537,0.94272214,0.011593039924613087,0.975857,2.21739212688596,97.79252110418548,fuspd04,zi
rh_postcentral_smooth3mm,0.01157728,0.91159046,0.01673100380216154,0.95649034,2.959599581957435,97.05497526015017,fuspd04,zi
rh_precentral_smooth3mm,0.014132859,0.8910712,0.03309841878963197,0.971125,4.863563151014763,95.16484621521242,fuspd04,zi
rh_superiorfrontal_smooth3mm,0.012508208,0.91794914,0.008940637365736536,0.9482642,2.261906092598134,97.74594415873244,fuspd04,zi
lh_Ca,0.007868003,0.9549732,0.007157656496262058,0.9770969,1.537786002798955,98.46831591727569,fuspd06,vim
lh_GPe,0.011431921,0.99768525,-0.024012178887644838,0.9612929,-1.3086809774381594,101.28786470242098,fuspd06,vim
lh_GPi,0.006950869,0.9696209,-0.009321467479557552,0.95800656,-0.24745115029340545,100.23933606267533,fuspd06,vim
lh_Pu,0.007382711,0.9584372,0.0020503350665608874,0.9699036,0.9725756364200571,99.02917681910913,fuspd06,vim
lh_STH,0.009073377,0.9348985,0.009837059532122645,0.963564,1.962551175248726,98.04596021825964,fuspd06,vim
lh_cerebellum_dentate,0.011479262,0.9693102,-0.005594228217729199,0.96964765,0.6069250071850446,99.38826746637545,fuspd06,vim
lh_cerebellum_motor,0.0104572745,0.9452695,0.011521669712730484,0.9786741,2.24578783763975,97.76402393001374,fuspd06,vim
lh_paracentral_smooth3mm,0.008587157,0.9302432,0.0004080701228731568,0.9396432,0.9573024565397358,99.04304740929686,fuspd06,vim
lh_postcentral_smooth3mm,0.008797516,0.95047146,0.014044844738231036,0.9872416,2.313755848276625,97.69809946878372,fuspd06,vim
lh_precentral_smooth3mm,0.008433698,0.934943,0.013731697626040424,0.97072566,2.2833841100609473,97.72840684083081,fuspd06,vim
lh_superiorfrontal_smooth3mm,0.010917511,0.94367605,0.009454962070553973,0.97342473,2.0928657577535734,97.91522493158095,fuspd06,vim
lh_vim,0.0064884224,0.9840262,-0.010087505408330213,0.97042376,-0.37087746265740773,100.36220570152179,fuspd06,vim
lh_zi,0.0075921034,0.9941236,-0.0014923348582552571,0.9987434,0.6107443107922279,99.38801382072214,fuspd06,vim
rh_Ca,0.0070387344,0.95756084,0.0035230858910407447,0.9716164,1.0870360376759478,98.91598532668662,fuspd06,vim
rh_GPe,0.008698787,0.928212,0.003913770859523373,0.94470567,1.3350779966910649,98.66837813109252,fuspd06,vim
rh_GPi,0.0072339526,0.96550775,-0.008579344371828437,0.9556545,-0.14078223158794909,100.13330125620072,fuspd06,vim
rh_Pu,0.0080727395,0.93804055,0.006137466836623267,0.958337,1.4827984488642016,98.52254609174796,fuspd06,vim
rh_STH,0.0073470366,0.9715834,-0.01050510308356156,0.9580078,-0.32964934352476316,100.3205099556666,fuspd06,vim
rh_cerebellum_dentate,0.008607564,0.99346614,-0.005823145908982973,0.9904759,0.28111917446235557,99.71398596272225,fuspd06,vim
rh_cerebellum_motor,0.01311303,0.93989867,0.013750099227754045,0.9803973,2.740024875405111,97.27166572988784,fuspd06,vim
rh_paracentral_smooth3mm,0.006569651,0.9304015,0.013924065877574852,0.96470326,2.124354466649611,97.8876725371697,fuspd06,vim
rh_postcentral_smooth3mm,0.007687964,0.9495348,0.006253665099165599,0.969678,1.437758650801378,98.56761254687733,fuspd06,vim
rh_precentral_smooth3mm,0.010133942,0.9281028,0.023045663030261794,0.9841359,3.371445327752812,96.64807771300654,fuspd06,vim
rh_superiorfrontal_smooth3mm,0.010093749,0.9233912,0.020615815889867117,0.97454476,3.1511702291657104,96.86646259226848,fuspd06,vim
lh_Ca,0.007759062,0.9439186,-0.001544537075305286,0.9486014,0.6551249946047067,99.34352027838327,fuspd06,zi
lh_GPe,0.008811122,0.9670752,-0.008828684789383926,0.95830256,-0.0018327179391006447,99.99415491837514,fuspd06,zi
lh_GPi,0.0059153656,0.94638073,-0.0082435791216433,0.9358776,-0.24877328204498134,100.24143478773736,fuspd06,zi
lh_Pu,0.006790654,0.9448995,0.0019363832278438537,0.9555468,0.9133029448574161,99.0883843982101,fuspd06,zi
lh_STH,0.009509599,0.9810312,-0.005527348535198559,0.9795321,0.4065461672135075,99.58875348484176,fuspd06,zi
lh_cerebellum_dentate,0.010747447,0.9590341,0.01578164718789807,1.0012133,2.6496944801436695,97.36344100032528,fuspd06,zi
lh_cerebellum_motor,0.0074592964,0.95262676,0.005686875589505891,0.97141236,1.353304991888482,98.65157981978487,fuspd06,zi
lh_paracentral_smooth3mm,0.007325991,0.927722,0.0009815813811856785,0.93700296,0.8866111229596079,99.11426125271856,fuspd06,zi
lh_postcentral_smooth3mm,0.008071936,0.929569,0.01772306892215846,0.9729394,2.6512448152976473,97.36393675589832,fuspd06,zi
lh_precentral_smooth3mm,0.010133049,0.9345486,0.028501013284387155,1.0014462,3.8578269025468757,96.16588333939053,fuspd06,zi
lh_superiorfrontal_smooth3mm,0.00858083,0.91611665,0.012342743656751526,0.94928014,2.2041516157255963,97.80668073458186,fuspd06,zi
lh_vim,0.0057833446,0.9627917,0.002884473938681854,0.97432,0.8896274947692459,99.11283364084674,fuspd06,zi
lh_zi,0.0072874827,0.9293773,0.01035405951312734,0.9572866,1.842869451258447,98.16614800370267,fuspd06,zi
rh_Ca,0.0070696934,0.9443442,-0.00023227661788948503,0.9509513,0.7190081081351261,99.28079046333183,fuspd06,zi
rh_GPe,0.0074188933,0.92053956,-0.005784841816815801,0.916437,0.17830483861996793,99.81643537181871,fuspd06,zi
rh_GPi,0.0063157068,0.9807893,-0.021796442656952252,0.9436938,-1.6404405348650413,101.62118731634091,fuspd06,zi
rh_Pu,0.008181216,0.94120437,-0.0031671271854671864,0.9430778,0.5316728901503389,99.46552015526231,fuspd06,zi
rh_STH,0.008290027,0.95316136,0.003787573377323634,0.96899503,1.2464048022041903,98.75684579871654,fuspd06,zi
rh_cerebellum_dentate,0.0072746226,0.9720151,-0.0025514209894048857,0.97420806,0.48482472920289893,99.51299981084658,fuspd06,zi
rh_cerebellum_motor,0.011903058,0.90547156,0.03402854000269249,0.98514813,4.662405208316632,95.3663792246294,fuspd06,zi
rh_paracentral_smooth3mm,0.0072712586,0.9260199,0.0067669700345045014,0.9467687,1.4827516630699527,98.52320592892175,fuspd06,zi
rh_postcentral_smooth3mm,0.007411921,0.9264643,0.01871622506711245,0.9711527,2.6904260662539845,97.32563396790265,fuspd06,zi
rh_precentral_smooth3mm,0.0079046255,0.92031187,0.01878640654573958,0.9656328,2.764097506434545,97.25211056904384,fuspd06,zi
rh_superiorfrontal_smooth3mm,0.011675873,0.9160801,0.027558577473204792,0.9826434,3.9927454147103845,96.03063229702722,fuspd06,zi
lh_Ca,0.00783417,0.9788865,0.007260554310731938,1.0011811,1.5076916591626477,98.4983649965713,fuspd07,vim
lh_GPe,0.010156644,0.9757684,0.0038668738808342175,0.9936266,1.4113468313715631,98.5918922237187,fuspd07,vim
lh_GPi,0.0068751485,0.96262765,0.004167346805755749,0.9778028,1.129317196375613,98.87422936473735,fuspd07,vim
lh_Pu,0.007821241,0.95344865,-0.007283316177675806,0.946764,0.05681724488669035,99.93676826844086,fuspd07,vim
lh_STH,0.0084662475,0.99082166,-0.012966153447468556,0.9734637,-0.46225718668279503,100.45115107332879,fuspd07,vim
lh_cerebellum_dentate,0.0101054115,0.96552277,0.009227434288751895,0.9940062,1.944942143159729,98.06278715325378,fuspd07,vim
lh_cerebellum_motor,0.010194371,0.95633036,0.013665033636697922,0.9937409,2.4009683712230196,97.61049150286499,fuspd07,vim
lh_paracentral_smooth3mm,0.008724519,0.90865016,0.01439390826463248,0.9460426,2.4436983474500993,97.56897530204317,fuspd07,vim
lh_postcentral_smooth3mm,0.0111304885,0.9540596,0.017490960279327096,1.0000263,2.862069473753077,97.15249660383881,fuspd07,vim
lh_precentral_smooth3mm,0.009360387,0.922154,0.030104790291002406,0.9914731,3.9804587868039385,96.04484681068227,fuspd07,vim
lh_superiorfrontal_smooth3mm,0.008000185,0.9416231,0.010076425521947603,0.96969223,1.8641595488096165,98.14449240241915,fuspd07,vim
lh_vim,0.0097830035,0.9897322,-0.011534020391841465,0.9765433,-0.17930765584094666,100.16946285527384,fuspd07,vim
lh_zi,0.0068096793,1.0057174,-0.009734436107115572,0.9931392,-0.2944961551977244,100.28633984488954,fuspd07,vim
rh_Ca,0.009371716,0.9863281,-0.016408200551733202,0.9630202,-0.7306684650804393,100.71646668586345,fuspd07,vim
rh_GPe,0.010015247,0.94256157,0.0023474616650259643,0.9572523,1.2914786153615303,98.71054947289237,fuspd07,vim
rh_GPi,0.00854911,0.9606144,-0.0010781112534013822,0.96701634,0.7725824761770627,99.2264797366102,fuspd07,vim
rh_Pu,0.010235636,0.9915151,-0.02394558000321856,0.95405906,-1.4370121254786175,101.41610264134515,fuspd07,vim
rh_STH,0.007037679,0.9777375,-0.0022492801719711936,0.9802953,0.4884649579361879,99.5096279365161,fuspd07,vim
rh_cerebellum_dentate,0.00930195,0.9700225,-0.004771542153262944,0.9698211,0.467138536340173,99.52876483302644,fuspd07,vim
rh_cerebellum_motor,0.009738865,0.9243297,0.022397091278243967,0.9786761,3.2836152042869564,96.7354580366639,fuspd07,vim
rh_paracentral_smooth3mm,0.008242969,0.9625918,-0.0006464958155216869,0.96954733,0.7835072450989731,99.21592273143713,fuspd07,vim
rh_postcentral_smooth3mm,0.0064728153,0.94150317,0.009621917954000284,0.9671396,1.66415822694099,98.34413598897406,fuspd07,vim
rh_precentral_smooth3mm,0.010720909,0.94775075,0.024796164900352854,1.0078574,3.5240175907354088,96.49647575838323,fuspd07,vim
rh_superiorfrontal_smooth3mm,0.0081966305,0.98746663,-0.002103594130828176,0.9914736,0.6145434725752329,99.38368748426515,fuspd07,vim
lh_Ca,0.010096017,0.9059939,0.028511430783996847,0.97287524,3.9683863427215504,96.05602790965354,fuspd07,zi
lh_GPe,0.0075797164,0.98008907,-0.004773532218722957,0.9781615,0.28688351870399775,99.70904829405322,fuspd07,zi
lh_GPi,0.006769818,0.9474402,0.015190896445079973,0.9844653,2.230725065688443,97.78212624008059,fuspd07,zi
lh_Pu,0.006407093,0.9908611,-0.014241639792202436,0.9689036,-0.8085992240811675,100.79635134689464,fuspd07,zi
lh_STH,0.006193591,0.98367107,-0.007383294491966733,0.9751596,-0.12200092103650215,100.1156927742,fuspd07,zi
lh_cerebellum_dentate,0.0066256076,0.95128614,0.01677927389783671,0.9913304,2.3609567362016946,97.65315634894272,fuspd07,zi
lh_cerebellum_motor,0.0073818425,0.95434594,0.006515695440864891,0.9747049,1.425820020972544,98.57974614066373,fuspd07,zi
lh_paracentral_smooth3mm,0.007838095,0.895468,0.025277668652142926,0.9536507,3.4725254025251546,96.54957027032314,fuspd07,zi
lh_postcentral_smooth3mm,0.010483688,0.93470985,0.01705859831417512,0.9791687,2.812823335697133,97.20168062573578,fuspd07,zi
lh_precentral_smooth3mm,0.008859591,0.8989977,0.02165215016425389,0.95098114,3.2084485699811456,96.81052918548308,fuspd07,zi
lh_superiorfrontal_smooth3mm,0.010018484,1.0106921,-0.02884439088889798,0.963262,-1.9543910932093225,101.92945499274961,fuspd07,zi
lh_vim,0.0079927435,0.9522947,-0.002261898046086052,0.95578253,0.5995972171882306,99.39842765031825,fuspd07,zi
lh_zi,0.006657842,0.9724734,-0.0019105481760772096,0.975326,0.4867391925325775,99.51163335517015,fuspd07,zi
rh_Ca,0.005294586,0.94621974,0.009384137882369485,0.9702044,1.5129516783054238,98.49510757094296,fuspd07,zi
rh_GPe,0.008209141,0.9960097,-0.028404129612145047,0.94764733,-2.1310658442753194,102.10608356036215,fuspd07,zi
rh_GPi,0.005864734,0.98686576,-0.0053693100970073245,0.98203653,0.0504486052669437,99.94500386129972,fuspd07,zi
rh_Pu,0.006297308,0.9752767,-0.014956104960951636,0.9517864,-0.9097416133260127,100.89665126170046,fuspd07,zi
rh_STH,0.0059507014,0.9829794,-0.006331691290955612,0.97631943,-0.03902307537655638,100.03362560313974,fuspd07,zi
rh_cerebellum_dentate,0.0068558445,0.9633376,-0.002155624477841745,0.9659001,0.48661553401726443,99.51152844345974,fuspd07,zi
rh_cerebellum_motor,0.006410525,0.9320067,0.011376632244306637,0.9610758,1.8507549293700167,98.15910106981775,fuspd07,zi
rh_paracentral_smooth3mm,0.0065057646,0.93721527,0.015756155174441927,0.9751021,2.2830346814326643,97.73042205443535,fuspd07,zi
rh_postcentral_smooth3mm,0.007991091,0.95944005,0.008962958522352262,0.9852823,1.7207301742700083,98.28685739726434,fuspd07,zi
rh_precentral_smooth3mm,0.006925727,0.9364421,0.021172051938358347,0.98553544,2.8510165634205187,97.1668889298654,fuspd07,zi
rh_superiorfrontal_smooth3mm,0.009625268,1.0070431,-0.020050133326879365,0.9767352,-1.0673174703475203,101.05021458514169,fuspd07,zi
lh_Ca,0.008435335,0.9397887,0.0015681648534329106,0.95134735,1.0515086684613726,98.94985915928397,fuspd08,vim
lh_GPe,0.009052272,0.96393543,0.0003867459866129571,0.973758,0.9693392109073169,99.03099110650616,fuspd08,vim
lh_GPi,0.006255093,0.9537496,0.00086378589297886,0.9617251,0.7402197163028064,99.2605233352211,fuspd08,vim
lh_Pu,0.006970873,0.94745594,-0.005206024779669481,0.9440581,0.18694276178754635,99.80846492807844,fuspd08,vim
lh_STH,0.0063646953,0.9691657,-0.00041182098908795306,0.97471017,0.6107327570749141,99.38891530469958,fuspd08,vim
lh_cerebellum_dentate,0.007983117,0.9760579,0.001967609078862173,0.9879598,1.007199525886281,98.99446253046872,fuspd08,vim
lh_cerebellum_motor,0.0076782233,0.9330386,0.0198646108215552,0.9802806,2.8096888527661257,97.20718990185725,fuspd08,vim
lh_paracentral_smooth3mm,0.0073889447,0.93212426,0.0007483104909754456,0.94100356,0.8647422353821025,99.13592320177813,fuspd08,vim
lh_postcentral_smooth3mm,0.007921207,0.9467355,0.008574525543069493,0.9717343,1.6975558603375365,98.30979942050892,fuspd08,vim
lh_precentral_smooth3mm,0.008779721,0.9217899,0.016269558207561978,0.96297306,2.6012440668219576,97.41284397978312,fuspd08,vim
lh_superiorfrontal_smooth3mm,0.008019192,0.94796574,0.0075181813186052104,0.9709587,1.6002094947386347,98.4062363223279,fuspd08,vim
lh_vim,0.006721129,0.93582314,0.002873994448564517,0.94826835,1.0118574118795007,98.99066367424372,fuspd08,vim
lh_zi,0.006767307,0.95812225,0.006766961173837531,0.9783671,1.383352757012163,98.62241118205327,fuspd08,vim
rh_Ca,0.0077308663,0.93921864,0.011398718178063481,0.96965194,1.9728300182012946,98.03696788059854,fuspd08,vim
rh_GPe,0.007369488,0.9403735,-0.000890183632227309,0.9459699,0.6849377046097461,99.31429286712233,fuspd08,vim
rh_GPi,0.0057152836,0.9529428,0.0009310941264667243,0.9605125,0.6919615893628198,99.30884439037972,fuspd08,vim
rh_Pu,0.0074998895,0.9119039,0.022831335590955,0.9648762,3.143535497069791,96.87618760525083,fuspd08,vim
rh_STH,0.007704157,0.97197217,-0.003969295741364238,0.9717708,0.3843355950621243,99.6122592732643,fuspd08,vim
rh_cerebellum_dentate,0.009109478,0.96826386,-0.008141214360336647,0.9611588,0.10073924011196284,99.89219659891897,fuspd08,vim
rh_cerebellum_motor,0.008969223,0.9274653,0.00984676703941976,0.95604616,1.9681047708784385,98.04046310025338,fuspd08,vim
rh_paracentral_smooth3mm,0.0061690104,0.94715536,0.010499430289109494,0.9742357,1.7109248283390575,98.29805800011496,fuspd08,vim
rh_postcentral_smooth3mm,0.007059352,0.933986,0.02423655568112748,0.9893166,3.163386547420432,96.85702035367382,fuspd08,vim
rh_precentral_smooth3mm,0.007482192,0.92338574,0.02307504463775483,0.9768258,3.1282176897241176,96.89146308699158,fuspd08,vim
rh_superiorfrontal_smooth3mm,0.007851978,0.93898714,0.00490472583239741,0.95660776,1.3335354585000645,98.67073028002248,fuspd08,vim
lh_Ca,0.0076898653,0.9277101,0.02727604930200157,0.98972476,3.5328927988545598,96.49007566093333,fuspd08,zi
lh_GPe,0.0061927876,0.9668931,0.008937859683301554,0.9908871,1.5269799304323224,98.4805363999664,fuspd08,zi
lh_GPi,0.0057918024,0.9590548,-0.0003040686104247105,0.96424097,0.5691247307818873,99.43061855608772,fuspd08,zi
lh_Pu,0.007138365,0.9652916,-0.0015627194877526258,0.9693176,0.5752134670940122,99.42343818657203,fuspd08,zi
lh_STH,0.006650982,1.0021408,-0.0056194075257572935,0.9975998,0.1034056395461151,99.89189776455852,fuspd08,zi
lh_cerebellum_dentate,0.0072954316,0.9531078,0.008393281449028983,0.9771198,1.605607926806615,98.40155243326807,fuspd08,zi
lh_cerebellum_motor,0.0077680717,0.96646917,0.004966341812579553,0.98412853,1.2939786912576716,98.71022698057342,fuspd08,zi
lh_paracentral_smooth3mm,0.0073246574,0.91208327,0.021709615614021825,0.9626461,3.0160899431511674,97.00271551862792,fuspd08,zi
lh_postcentral_smooth3mm,0.006448212,0.9349045,0.017593068454564972,0.9763922,2.462256488695708,97.55276362317954,fuspd08,zi
lh_precentral_smooth3mm,0.007712622,0.92671084,0.022096218552910947,0.9784318,3.0465935479850788,96.97222048131133,fuspd08,zi
lh_superiorfrontal_smooth3mm,0.008652261,0.94771373,0.007733967289754558,0.97176945,1.686225957480439,98.32040901772865,fuspd08,zi
lh_vim,0.0066675902,0.9881734,-0.013077414515118077,0.9687952,-0.661628423725986,100.65037796324063,fuspd08,zi
lh_zi,0.0053014564,1.0109416,-0.01677503873125742,0.98283285,-1.1673991472549499,101.15317033773034,fuspd08,zi
rh_Ca,0.007058235,0.9592578,-0.007372756462366061,0.95163184,-0.03305076211979287,100.02660493142088,fuspd08,zi
rh_GPe,0.007374394,0.9293268,0.0038618160265008784,0.9443925,1.1897818140667888,98.81363801976492,fuspd08,zi
rh_GPi,0.007378745,0.9948407,-0.005310528398369069,0.99164265,0.20856469678720432,99.78696955206674,fuspd08,zi
rh_Pu,0.007418094,0.933538,0.014117680176150574,0.9690737,2.2223050830910807,97.78984687036494,fuspd08,zi
rh_STH,0.0055226507,0.97625667,-0.0018227624583483978,0.97814906,0.37825402824316506,99.62018566588776,fuspd08,zi
rh_cerebellum_dentate,0.005556053,0.959463,0.003708190662594855,0.97240454,0.9527149763083492,99.05046220486467,fuspd08,zi
rh_cerebellum_motor,0.009615141,0.91953737,0.031461185382987526,0.9918127,4.141540645913189,95.88489289081843,fuspd08,zi
rh_paracentral_smooth3mm,0.006082238,0.9228079,0.022980502171606357,0.97465974,2.9818344920893467,97.03780045019057,fuspd08,zi
rh_postcentral_smooth3mm,0.009108284,0.9578888,0.014258157092465572,0.99539465,2.3474549232343667,97.66447327481517,fuspd08,zi
rh_precentral_smooth3mm,0.008987922,0.9525818,0.0014620939718907773,0.9644818,1.0834850909169362,98.91777590182055,fuspd08,zi
rh_superiorfrontal_smooth3mm,0.006512202,0.9779302,-0.007762150101926491,0.96898276,-0.1289959224957454,100.12232229435806,fuspd08,zi
lh_Ca,0.007310593,0.96873283,-0.006707856180522177,0.9626836,0.06261006661348435,99.93158288200293,fuspd09,vim
lh_GPe,0.0074832076,0.979001,-0.004369374430218233,0.9777819,0.31845887273052104,99.67781356384559,fuspd09,vim
lh_GPi,0.0073554656,0.9707789,0.0021887900338367237,0.98249376,0.9714316765745041,99.030417691234,fuspd09,vim
lh_Pu,0.0070218113,0.9667033,0.0011971515116525474,0.97610945,0.8420124278128623,99.15900845781616,fuspd09,vim
lh_STH,0.0076175476,0.97750753,-0.0033961812104544866,0.97836107,0.4314732628631266,99.56562869749509,fuspd09,vim
lh_cerebellum_dentate,0.0064683654,0.98859847,-0.005285642698970052,0.98453945,0.12012954245055818,99.87541118891794,fuspd09,vim
lh_cerebellum_motor,0.006578951,0.9596711,0.004110749930361052,0.9744373,1.0970127182822014,98.9065005632292,fuspd09,vim
lh_paracentral_smooth3mm,0.011524377,0.92294174,0.017536224715736973,0.96939254,2.997815741837334,97.01724864883494,fuspd09,vim
lh_postcentral_smooth3mm,0.0073986417,0.9634917,0.016847634035903628,1.0044453,2.4138970391304695,97.6000682378858,fuspd09,vim
lh_precentral_smooth3mm,0.007861865,0.94356084,0.015946096714860972,0.98318195,2.4215214065785102,97.59200034811711,fuspd09,vim
lh_superiorfrontal_smooth3mm,0.007598298,0.9676646,-0.007671391884255224,0.95998406,-0.007614058487388416,100.0009524566661,fuspd09,vim
lh_vim,0.0064378846,0.96237254,-0.0070613020065979516,0.9547466,-0.06529663057554198,100.05913982337404,fuspd09,vim
lh_zi,0.00726673,0.9714687,-0.004649892038029461,0.9694744,0.2699233831131829,99.72608041055129,fuspd09,vim
rh_Ca,0.0073314724,0.9493011,0.0043504612915437535,0.96529734,1.2101901815163008,98.79355759750982,fuspd09,vim
rh_GPe,0.0058167665,0.9377189,0.00884254702022297,0.96114707,1.5251894330619917,98.48248041253521,fuspd09,vim
rh_GPi,0.008145775,0.95148593,0.015088785484588895,0.9896835,2.3476757964469126,97.66503217362985,fuspd09,vim
rh_Pu,0.0071313004,0.9839643,-0.01181794629011473,0.9675582,-0.4843787034552135,100.47420119589201,fuspd09,vim
rh_STH,0.0066284626,0.97114354,-0.00081811265456284,0.9761426,0.5952357792982019,99.40406716194839,fuspd09,vim
rh_cerebellum_dentate,0.0090283295,0.9631649,-0.006378187479893935,0.95949006,0.2762031773258961,99.7182542246826,fuspd09,vim
rh_cerebellum_motor,0.0071680476,0.952159,0.004625991595447859,0.96854043,1.2177126349157332,98.78627152915449,fuspd09,vim
rh_paracentral_smooth3mm,0.006420216,0.9364789,0.015160473916681856,0.9730938,2.217739934570072,97.79523610359512,fuspd09,vim
rh_postcentral_smooth3mm,0.0068055796,0.95550513,0.0024478000610384035,0.9671859,0.9567322647953613,99.04537673247074,fuspd09,vim
rh_precentral_smooth3mm,0.008054396,0.9371504,0.01910199476447361,0.9832497,2.7619017063175906,97.25427734868549,fuspd09,vim
rh_superiorfrontal_smooth3mm,0.006991024,0.96372926,-0.0012360866289666604,0.96825844,0.5943596522831964,99.40457376559819,fuspd09,vim
lh_Ca,0.0069019375,0.9710125,0.005870302161004091,0.9896061,1.2906387626898201,98.71430588414829,fuspd09,zi
lh_GPe,0.006361859,0.9905644,-0.006945216986941652,0.9830938,-0.05933900394553152,100.0534425882464,fuspd09,zi
lh_GPi,0.0067806086,0.985614,0.0010301856094625337,0.99444646,0.7854413996957726,99.21541587066183,fuspd09,zi
lh_Pu,0.008592719,0.97637457,-0.01614691183862148,0.95280814,-0.792834600773088,100.77869958108508,fuspd09,zi
lh_STH,0.007030161,0.98193413,0.0022970603097099093,0.9935392,0.9387874453937419,99.06314481599857,fuspd09,zi
lh_cerebellum_dentate,0.007884953,0.9502364,0.01026479369278747,0.97856534,1.8547302065145264,98.15401579950186,fuspd09,zi
lh_cerebellum_motor,0.00796518,0.9550464,0.009297765401784253,0.98152953,1.7587800364397874,98.24912521331208,fuspd09,zi
lh_paracentral_smooth3mm,0.0075376504,0.95911187,0.004477673015270094,0.9755675,1.2316239709871493,98.7722041711233,fuspd09,zi
lh_postcentral_smooth3mm,0.00810281,0.95382416,0.024361497192471045,1.0104469,3.212866208717001,96.80722992770194,fuspd09,zi
lh_precentral_smooth3mm,0.0077170827,0.9698575,0.003940724019088137,0.9854232,1.1830253920883733,98.82030692260513,fuspd09,zi
lh_superiorfrontal_smooth3mm,0.0075284173,0.9646776,0.0031623021912018183,0.9785043,1.0925572292323418,98.91012991208683,fuspd09,zi
lh_vim,0.007657015,0.9604963,0.004373574281894175,0.976864,1.2315521664325277,98.77218324823417,fuspd09,zi
lh_zi,0.007956035,0.9692955,0.003821240373715732,0.98486227,1.1958297309103325,98.80739406206148,fuspd09,zi
rh_Ca,0.006782424,0.9742144,8.542737998986507e-05,0.98116696,0.6999676751091445,99.3001031732487,fuspd09,zi
rh_GPe,0.0073872143,0.9541037,0.00938310977540805,0.98017895,1.7109451368797726,98.29703197189394,fuspd09,zi
rh_GPi,0.0075662043,0.9397376,0.013386593632316757,0.97396547,2.151287561811277,97.86016494960813,fuspd09,zi
rh_Pu,0.008132714,0.9638018,0.006814919013011868,0.9855077,1.51674435982275,98.48900155233233,fuspd09,zi
rh_STH,0.0059850453,0.9497637,0.0022372448322942806,0.9602047,0.8563059519171592,99.14562382140673,fuspd09,zi
rh_cerebellum_dentate,0.0076413136,0.96931154,-0.00973519735715197,0.95756364,-0.21866784357673164,100.21018961381017,fuspd09,zi
rh_cerebellum_motor,0.008455371,0.9456316,0.007894834459522897,0.96981084,1.6859169107552967,98.32086990470897,fuspd09,zi
rh_paracentral_smooth3mm,0.008679594,0.95499974,0.022546579041999613,1.0085846,3.0960389817940115,96.9225889367264,fuspd09,zi
rh_postcentral_smooth3mm,0.009513783,0.9562891,0.01384855716209668,0.99338454,2.3517922303100938,97.65983167514065,fuspd09,zi
rh_precentral_smooth3mm,0.008180749,0.9560133,0.025085668189161876,1.0141563,3.2802059699712816,96.74040873851523,fuspd09,zi
rh_superiorfrontal_smooth3mm,0.007940092,0.94974333,0.006270888589669469,0.97017294,1.4647884004100071,98.54059807194805,fuspd09,zi
lh_Ca,0.007332162,0.95755374,0.004241363328486012,0.9733332,1.1890610088223794,98.81458142558017,fuspd11,vim
lh_GPe,0.007982643,0.9500183,0.006248708726625279,0.9704463,1.466474983228869,98.53888944490834,fuspd11,vim
lh_GPi,0.008697706,0.9540632,0.0015629606698180413,0.9658738,1.062319650831843,98.93902906129017,fuspd11,vim
lh_Pu,0.009001864,0.95510715,0.0009719455238887963,0.96604484,1.0324375430903716,98.968397245619,fuspd11,vim
lh_STH,0.010146423,0.97048223,0.002314305732199886,0.985238,1.2647430140973317,98.7372107515755,fuspd11,vim
lh_cerebellum_dentate,0.009496273,0.9746049,-0.002163196064700034,0.9797929,0.7484312786686858,99.24972058901702,fuspd11,vim
lh_cerebellum_motor,0.010100493,0.92712086,0.02024996995080091,0.97755253,3.1047398609447834,96.91252410646979,fuspd11,vim
lh_paracentral_smooth3mm,0.008377911,0.9365106,0.012609067961055327,0.9700016,2.1636025158668217,97.84723155765428,fuspd11,vim
lh_postcentral_smooth3mm,0.010147416,0.9821046,-0.004680905044284626,0.9829292,0.5561449210369411,99.43988487286832,fuspd11,vim
lh_precentral_smooth3mm,0.011266985,0.9166187,0.024359233118522106,0.9764012,3.648727360908112,96.37205776066163,fuspd11,vim
lh_superiorfrontal_smooth3mm,0.012006765,0.92832124,0.013483030717384941,0.96718174,2.635471167096642,97.37614265918893,fuspd11,vim
lh_vim,0.008084784,0.96131045,-0.004894726216256593,0.95964646,0.3324201325499418,99.66334025380188,fuspd11,vim
lh_zi,0.007526536,0.9699828,-0.008284130688194306,0.9610101,-0.07883316553384623,100.0716510391997,fuspd11,vim
rh_Ca,0.00718696,0.9593803,-0.002613594969703805,0.9613618,0.4757173493310381,99.52202264965234,fuspd11,vim
rh_GPe,0.007492755,0.92322093,0.00854060895489966,0.94772375,1.6917761205787778,98.31573230875631,fuspd11,vim
rh_GPi,0.007916272,0.9771064,-0.001152623726451723,0.98272705,0.6882529543401962,99.31076669572272,fuspd11,vim
rh_Pu,0.009135352,0.96610755,-0.010832349058263968,0.95366836,-0.17794410394996954,100.16849067845492,fuspd11,vim
rh_STH,0.00795621,0.9623156,0.001981734098467092,0.9742188,1.0200936212913552,98.98160117445285,fuspd11,vim
rh_cerebellum_dentate,0.008902365,0.9563176,-0.008159181554658706,0.94896954,0.0783148197559566,99.91452613492724,fuspd11,vim
rh_cerebellum_motor,0.010801118,0.95406175,-0.00593933466559651,0.9530337,0.5101376031786826,99.48466944807049,fuspd11,vim
rh_paracentral_smooth3mm,0.009533198,0.95414567,0.010671182564085363,0.9849323,2.051347093883792,97.95768187748469,fuspd11,vim
rh_postcentral_smooth3mm,0.0091707725,0.9382837,0.006545839767946934,0.96049154,1.636309290936375,98.36937486797959,fuspd11,vim
rh_precentral_smooth3mm,0.008797493,0.94080365,0.01103268284046057,0.97157454,2.0410349135188577,97.96843020143842,fuspd11,vim
rh_superiorfrontal_smooth3mm,0.00957067,0.97143036,-0.005728993292111861,0.9695908,0.396216330528898,99.59886013686139,fuspd11,vim
lh_Ca,0.007230406,0.95586,-0.005312137968020277,0.9525105,0.2013907711762662,99.79395551026035,fuspd11,zi
lh_GPe,0.009001491,0.94957745,0.0007293648585520075,0.9600316,1.0135973887304026,98.98703201976932,fuspd11,zi
lh_GPi,0.00811142,0.9491831,-0.005026717138256455,0.947283,0.32563688496613175,99.66993599858205,fuspd11,zi
lh_Pu,0.009426364,0.9403838,-0.008622030157599152,0.932638,0.08624285041783218,99.90604845985817,fuspd11,zi
lh_STH,0.009264038,0.9622864,0.003387121813727191,0.97829646,1.2931826181443389,98.70970357921743,fuspd11,zi
lh_cerebellum_dentate,0.008091579,0.95669556,-0.0026585990099697895,0.9594921,0.5662350167307529,99.4314565169029,fuspd11,zi
lh_cerebellum_motor,0.0107730115,0.93066496,0.014535244330847559,0.9703874,2.6080569301551204,97.40441824399637,fuspd11,zi
lh_paracentral_smooth3mm,0.0075701643,0.8988851,0.016954106301452325,0.94022214,2.6083485411179743,97.40668025103112,fuspd11,zi
lh_postcentral_smooth3mm,0.01099265,0.9249112,0.035143771539545836,1.0058986,4.58658772545308,95.44252049352414,fuspd11,zi
lh_precentral_smooth3mm,0.011318545,0.9046673,0.022095572760613604,0.9599928,3.480663262617052,96.53852253291912,fuspd11,zi
lh_superiorfrontal_smooth3mm,0.011658442,0.88422865,0.027804775737351763,0.9512649,4.148499245951881,95.87586017083729,fuspd11,zi
lh_vim,0.009992399,0.9655277,-0.013386725923365404,0.94885814,-0.35772751695217825,100.34597853265535,fuspd11,zi
lh_zi,0.0070858276,0.97185844,0.0003043960917217313,0.9795505,0.7544505241097114,99.24581294525704,fuspd11,zi
rh_Ca,0.0091668805,0.9216699,0.012536303104024196,0.95580494,2.2706707838393325,97.74025645590596,fuspd11,zi
rh_GPe,0.008673226,0.9221254,-0.004559387002954629,0.9217178,0.4463230890416004,99.54955732216543,fuspd11,zi
rh_GPi,0.009135372,0.97676307,-0.014608464843213709,0.95680326,-0.5720186222017358,100.55929392843292,fuspd11,zi
rh_Pu,0.010008934,0.94559413,-0.008619088163294772,0.93843675,0.14810223445379625,99.84424066733095,fuspd11,zi
rh_STH,0.00903305,0.9718845,-0.00939099423392125,0.96221375,-0.03720003420157146,100.02907256004639,fuspd11,zi
rh_cerebellum_dentate,0.009956542,0.93831635,-0.01058160878252881,0.92719775,-0.06741457009231269,100.05791451140702,fuspd11,zi
rh_cerebellum_motor,0.015872559,0.925628,0.00960258495791162,0.9606257,2.651932310562753,97.35639838984424,fuspd11,zi
rh_paracentral_smooth3mm,0.008369661,0.92122453,0.02520568208009469,0.9797955,3.426770431581322,96.59466710997287,fuspd11,zi
rh_postcentral_smooth3mm,0.010144588,0.91551304,0.012400988553672582,0.9503563,2.3723287833896376,97.63854068764427,fuspd11,zi
rh_precentral_smooth3mm,0.010505412,0.9103382,0.02147150615939517,0.96360767,3.318458223832236,96.70011553832663,fuspd11,zi
rh_superiorfrontal_smooth3mm,0.016811257,0.8896569,0.03181700766278646,0.96983707,5.014065395081235,95.01326954707625,fuspd11,zi
lh_Ca,0.0070419353,0.9436588,0.011884912938504254,0.9743715,1.9424673669580121,98.06770299349279,fuspd12,vim
lh_GPe,0.0066556125,0.9748151,0.0012243655575020936,0.9839091,0.8008847858633857,99.20016650509834,fuspd12,vim
lh_GPi,0.0064196815,0.9735102,0.0006408941043505311,0.98120624,0.7195811958036908,99.280972934681,fuspd12,vim
lh_Pu,0.0061332034,0.9666546,0.0009282077663252436,0.9746365,0.7245174171540596,99.27627493229609,fuspd12,vim
lh_STH,0.0059937024,0.95043266,0.0032154766787408514,0.9628305,0.9564694181902805,99.0463171666664,fuspd12,vim
lh_cerebellum_dentate,0.0071368665,0.9851141,-0.0012762169409993157,0.98970914,0.5921587746477126,99.4067693238919,fuspd12,vim
lh_cerebellum_motor,0.007118718,0.9599993,0.005396581204285747,0.97786623,1.2798579761701319,98.72474088106036,fuspd12,vim
lh_paracentral_smooth3mm,0.006519274,0.9202634,0.01581794033181256,0.95828664,2.3309533059980225,97.68281304519563,fuspd12,vim
lh_postcentral_smooth3mm,0.0091143865,0.9436907,0.015972004165115027,0.98461604,2.5478348543652967,97.46568014796333,fuspd12,vim
lh_precentral_smooth3mm,0.00909288,0.9558442,0.006737210685545523,0.9783554,1.6180307251999826,98.3877051830435,fuspd12,vim
lh_superiorfrontal_smooth3mm,0.007929882,0.97551185,-0.013583696163542925,0.9563875,-0.5911635201858898,100.5793292793619,fuspd12,vim
lh_vim,0.006948834,0.9770542,-0.01000834829624337,0.96406966,-0.3173540864829773,100.30870859750756,fuspd12,vim
lh_zi,0.006179151,0.9658726,-0.0075331255587914835,0.95704824,-0.1414740010728633,100.13491722157352,fuspd12,vim
rh_Ca,0.0057526394,0.9691995,-0.005311667432858455,0.964373,0.04572628536014913,99.94968945356862,fuspd12,vim
rh_GPe,0.0070081996,0.9531978,-0.005080990991724244,0.95008636,0.20284562321336036,99.79269579875503,fuspd12,vim
rh_GPi,0.0069979327,0.93771684,0.013050629455232669,0.9707073,2.0653560749393107,97.94584565016102,fuspd12,vim
rh_Pu,0.008149316,0.9406241,-0.00156712087147881,0.94565225,0.6960481251044207,99.30257137123884,fuspd12,vim
rh_STH,0.0058629382,0.9713256,-0.0067202981793934415,0.963804,-0.08895583888142693,100.0831363580137,fuspd12,vim
rh_cerebellum_dentate,0.008168785,0.9490318,0.010496245354293,0.9781056,1.9082837443200875,98.10065610741164,fuspd12,vim
rh_cerebellum_motor,0.008369137,0.94412935,0.006359981776529986,0.96516544,1.526071886201366,98.47942061136538,fuspd12,vim
rh_paracentral_smooth3mm,0.0060327705,0.9274897,0.01222152887801969,0.95786375,1.9057302684561512,98.1048952631448,fuspd12,vim
rh_postcentral_smooth3mm,0.007505296,0.91884196,0.01898107141982069,0.9641511,2.7471179202015064,97.2693019400544,fuspd12,vim
rh_precentral_smooth3mm,0.008120795,0.9109775,0.01862382598264756,0.9561907,2.7969965211935803,97.21923708590228,fuspd12,vim
rh_superiorfrontal_smooth3mm,0.0094627775,0.95632035,-0.003804751801757499,0.9582053,0.5904815831901973,99.40621397200267,fuspd12,vim
lh_Ca,0.008431806,0.97427064,0.008226035611237857,0.999086,1.6673080662924937,98.33954788772185,fuspd12,zi
lh_GPe,0.012189192,1.0086722,-0.01143425480470998,0.9980882,0.07563830288047643,99.91481730337382,fuspd12,zi
lh_GPi,0.0076201153,0.9918449,-0.0012361290328557525,0.997003,0.6403176465049212,99.35865235449236,fuspd12,zi
lh_Pu,0.009164995,0.975293,-0.015162156156557267,0.95425993,-0.6284620544839877,100.61522990498466,fuspd12,zi
lh_STH,0.011350218,0.99630535,-0.008488661921299519,0.990749,0.28882757196863057,99.70403029113437,fuspd12,zi
lh_cerebellum_dentate,0.0090976795,0.97881544,0.005726160477245393,0.9993178,1.483395935399625,98.52136851432248,fuspd12,zi
lh_cerebellum_motor,0.009272752,0.96092886,0.01891571738090956,1.0078753,2.7968211006937698,97.21882777162159,fuspd12,zi
lh_paracentral_smooth3mm,0.010275091,0.93349546,0.01053195563984678,0.96474665,2.1567368590972675,97.85236503631079,fuspd12,zi
lh_postcentral_smooth3mm,0.01678837,0.9255542,0.013775283884142524,0.9697783,3.15161257088476,96.86023088365081,fuspd12,zi
lh_precentral_smooth3mm,0.015298178,0.87180537,0.042211466642747594,0.97117466,5.921658336869002,94.11456833064754,fuspd12,zi
lh_superiorfrontal_smooth3mm,0.013620359,0.96234167,-0.0007312679759468979,0.97450554,1.3226287935504781,98.67674991216029,fuspd12,zi
lh_vim,0.008410962,0.976005,-0.003040744884163132,0.9783599,0.5489000044626126,99.44850506332796,fuspd12,zi
lh_zi,0.012287948,0.9899019,-0.006078017131747034,0.99008447,0.6272122572633625,99.36767151160304,fuspd12,zi
rh_Ca,0.010596466,0.9579993,0.009775169552243024,0.9880647,2.0617714277762045,97.94646569120485,fuspd12,zi
rh_GPe,0.0094201155,0.9697808,-0.00013639047154445963,0.9789293,0.9483550249344225,99.05152811775854,fuspd12,zi
rh_GPi,0.009808204,0.9826729,-0.00859432859636782,0.9753641,0.12445358139548124,99.86820430860625,fuspd12,zi
rh_Pu,0.013329667,0.95940053,-0.006347209870866816,0.9600886,0.7272721591424735,99.26722535689727,fuspd12,zi
rh_STH,0.009677037,0.9923248,-0.01595138843095081,0.970232,-0.6466857103897312,100.63298579312254,fuspd12,zi
rh_cerebellum_dentate,0.00981525,0.99235123,-0.002737855870058601,0.99671364,0.7100729286736992,99.28763288233975,fuspd12,zi
rh_cerebellum_motor,0.012151743,0.9851374,-0.019211186687721243,0.9590269,-0.7361048579856508,100.71941083251295,fuspd12,zi
rh_paracentral_smooth3mm,0.010994976,0.9829767,-0.01196595095049017,0.97013944,-0.10008608248981164,100.08980979118223,fuspd12,zi
rh_postcentral_smooth3mm,0.012460486,0.9104752,0.02429808001949192,0.9713295,3.7843559435911627,96.23647430105538,fuspd12,zi
rh_precentral_smooth3mm,0.011978661,0.93355864,0.020985070845751717,0.98733264,3.3386652229502785,96.67903936616561,fuspd12,zi
rh_superiorfrontal_smooth3mm,0.012670872,0.97651803,-0.011588385205177404,0.96610856,0.11204606197331624,99.87797325472123,fuspd12,zi
lh_Ca,0.0118267555,0.9514801,0.0023592192022000554,0.96800554,1.46548486805995,98.53655504947994,fuspd13,vim
lh_GPe,0.01044235,0.96104455,0.0026398267237597497,0.97674453,1.3393652431186818,98.66288927312432,fuspd13,vim
lh_GPi,0.008872313,0.9541386,-0.00030787011958054714,0.96239763,0.8899069359740329,99.10983487419017,fuspd13,vim
lh_Pu,0.010852188,0.94811326,-0.0026383819903149784,0.9537107,0.8612471365652666,99.1364472695602,fuspd13,vim
lh_STH,0.009457266,0.95846176,0.007884697248071181,0.9836228,1.7630704974963467,98.24360203456732,fuspd13,vim
lh_cerebellum_dentate,0.012998878,0.9778064,-0.0054914178289484795,0.97986823,0.7661703830343362,99.22915536547993,fuspd13,vim
lh_cerebellum_motor,0.011910617,0.9396531,0.010271278853456344,0.97202057,2.282039801451253,97.72677762290711,fuspd13,vim
lh_paracentral_smooth3mm,0.011382303,0.95183015,-0.008716200791146524,0.94585264,0.28187291597047065,99.71045284675152,fuspd13,vim
lh_postcentral_smooth3mm,0.010583856,0.9194276,0.030786060159568546,0.99132705,4.1731854702540225,95.85268921920752,fuspd13,vim
lh_precentral_smooth3mm,0.009790848,0.9133645,0.01779620393966023,0.9585995,2.8778495841304244,97.13761857419802,fuspd13,vim
lh_superiorfrontal_smooth3mm,0.012108794,0.93812335,0.012529641309432703,0.97518694,2.5265346172170204,97.48417906185773,fuspd13,vim
lh_vim,0.008910785,0.96478695,-0.007511885322583614,0.95873666,0.14591077693573734,99.84754972775629,fuspd13,vim
lh_zi,0.009543925,1.0020953,-0.00707301853099245,0.9975522,0.2476969146757535,99.74638992717821,fuspd13,vim
rh_Ca,0.010741863,0.96238333,0.003197198548615724,0.97949296,1.4230895457144896,98.57962900418156,fuspd13,vim
rh_GPe,0.011284549,0.93139076,0.005036601907316026,0.9527065,1.713135202299064,98.29127320084172,fuspd13,vim
rh_GPi,0.010593906,0.959958,0.0032660957644642173,0.97705686,1.418546080964027,98.58424326770312,fuspd13,vim
rh_Pu,0.0110736,0.9651124,-0.016000785919321633,0.94431776,-0.5217720738221336,100.50765159188232,fuspd13,vim
rh_STH,0.009435139,0.95440274,0.013250268488170765,0.990228,2.2909276666683382,97.72022361453386,fuspd13,vim
rh_cerebellum_dentate,0.012180779,0.95611465,-0.005678392578436088,0.9569859,0.6794652473874053,99.31559767666003,fuspd13,vim
rh_cerebellum_motor,0.012411673,0.92282933,0.02080801190796526,0.9766837,3.4012736506176036,96.61647520367195,fuspd13,vim
rh_paracentral_smooth3mm,0.01030249,0.94834316,0.005584473153447691,0.969768,1.6382230572586296,98.36658283147385,fuspd13,vim
rh_postcentral_smooth3mm,0.010148179,0.90423566,0.021260238680683833,0.9567272,3.2829020902237245,96.73561002785762,fuspd13,vim
rh_precentral_smooth3mm,0.012428972,0.9418722,0.007221730214244674,0.9686844,2.0285969975751597,97.97762139418607,fuspd13,vim
rh_superiorfrontal_smooth3mm,0.009578587,0.9473621,0.007021210196198953,0.9709247,1.7096894508600906,98.29633124313953,fuspd13,vim
lh_Ca,0.00841018,0.96831006,-0.00545943063061998,0.9658469,0.3055090168665449,99.68977809038331,fuspd13,zi
lh_GPe,0.00964511,0.9572012,0.002619552503874906,0.9720636,1.2617139955907108,98.7405283298274,fuspd13,zi
lh_GPi,0.007206002,0.96029526,-0.004034286514857548,0.9594662,0.3305708118907328,99.6659345115673,fuspd13,zi
lh_Pu,0.008307409,0.95053893,-0.0020838799390414686,0.954696,0.6518858992665073,99.34628967894228,fuspd13,zi
lh_STH,0.01028378,0.9619946,-0.0026339226199965696,0.9670325,0.7910652151031715,99.20666301619714,fuspd13,zi
lh_cerebellum_dentate,0.008755892,0.94928265,0.015717885205393904,0.9893434,2.473739317537166,97.53949202390791,fuspd13,zi
lh_cerebellum_motor,0.012072738,0.9382159,0.015678224895278214,0.9815144,2.8273618111910435,97.18595487132029,fuspd13,zi
lh_paracentral_smooth3mm,0.007604649,0.93708193,0.0044676716369470605,0.9535847,1.2659935534417388,98.73791318927813,fuspd13,zi
lh_postcentral_smooth3mm,0.009521602,0.92551816,0.015362430810252875,0.96563655,2.576956360685728,97.43630608881156,fuspd13,zi
lh_precentral_smooth3mm,0.011703557,0.9259556,0.024170005271773418,0.98579776,3.639038751938796,96.38139125928177,fuspd13,zi
lh_superiorfrontal_smooth3mm,0.011127283,0.970234,-0.011960204658349231,0.9575405,-0.08698554081958776,100.07657744903828,fuspd13,zi
lh_vim,0.010745551,0.989196,-0.012333174693749494,0.975378,-0.16277005368370162,100.15223338340769,fuspd13,zi
lh_zi,0.008887864,0.97872835,0.008409739108202176,1.0043657,1.7222415227652852,98.2847293754708,fuspd13,zi
rh_Ca,0.009669939,0.9481762,0.0030740946074992058,0.96396863,1.3220382080953001,98.68062773174347,fuspd13,zi
rh_GPe,0.009081452,0.933379,-0.006598993330177971,0.9293174,0.2671271176043401,99.7269594235951,fuspd13,zi
rh_GPi,0.008905027,0.9708063,-0.010625689374716744,0.9585485,-0.17950707113193512,100.17027047208079,fuspd13,zi
rh_Pu,0.007869333,0.96029204,-0.005977885114765939,0.9562554,0.19779736259040326,99.79699772675481,fuspd13,zi
rh_STH,0.007814313,0.9838578,-0.010617480371987396,0.9705256,-0.2888297869040838,100.27971520739601,fuspd13,zi
rh_cerebellum_dentate,0.007993923,0.93966067,-0.003428372068759525,0.94082654,0.48527016715219473,99.51168055443208,fuspd13,zi
rh_cerebellum_motor,0.012904311,0.92029613,0.008015085068879005,0.94916385,2.2039814913933755,97.8030519811541,fuspd13,zi
rh_paracentral_smooth3mm,0.00857147,0.92196053,0.02405956985020156,0.97845066,3.3349704257961155,96.68551978324574,fuspd13,zi
rh_postcentral_smooth3mm,0.010641077,0.91956216,0.010490823009935412,0.95109737,2.2218439769089584,97.78735743605851,fuspd13,zi
rh_precentral_smooth3mm,0.011831495,0.9204577,0.017532532273766662,0.9672082,3.0359572066620966,96.97914539782622,fuspd13,zi
rh_superiorfrontal_smooth3mm,0.009744793,0.97149265,-0.0017376695294290855,0.9777765,0.8189114202275265,99.17961327719635,fuspd13,zi
lh_Ca,0.011381228,0.9585299,-0.006771325345046274,0.95642495,0.48199318742968184,99.51210104805142,fuspd15,vim
lh_GPe,0.0116824005,0.9973914,-0.01937762238448958,0.97047997,-0.7929294967889399,100.77629785230287,fuspd15,vim
lh_GPi,0.009791237,0.96680045,-0.004316163651715147,0.96799535,0.5656095016715317,99.43067309252875,fuspd15,vim
lh_Pu,0.012339925,0.9556087,-0.0026179830291810625,0.96273446,1.0098259447254658,98.98791217012511,fuspd15,vim
lh_STH,0.009981036,0.95457405,-0.0013149529072382523,0.9619361,0.9009000839938252,99.09796290414997,fuspd15,vim
lh_cerebellum_dentate,0.011815017,0.9877957,-0.01808316910253979,0.9635951,-0.6504964651026586,100.63485682040363,fuspd15,vim
lh_cerebellum_motor,0.011652384,0.95912653,-0.009195839488990021,0.9524638,0.2579147312165473,99.73404626279623,fuspd15,vim
lh_paracentral_smooth3mm,0.009361738,0.92752045,0.00834231737042854,0.9534973,1.8567494510808045,98.15054332250568,fuspd15,vim
lh_postcentral_smooth3mm,0.01299697,0.9662341,0.0004845579567537195,0.9801961,1.3753908476953356,98.6250228702564,fuspd15,vim
lh_precentral_smooth3mm,0.015951984,0.8424565,0.050395801670700915,0.9587801,6.920021036888134,93.12378428292446,fuspd15,vim
lh_superiorfrontal_smooth3mm,0.012986153,0.88963354,0.03229330716525114,0.9669372,4.682771669457435,95.3450605107554,fuspd15,vim
lh_vim,0.014239742,0.960031,-0.0022428563664812894,0.96980375,1.2370426540175683,98.76102418479267,fuspd15,vim
lh_zi,0.011264434,0.95730996,0.0069328440181151176,0.98238236,1.8523620635604505,98.15351409235419,fuspd15,vim
rh_Ca,0.011466678,0.944923,-0.0036450166039040384,0.94912994,0.8240875464994852,99.17271895938582,fuspd15,vim
rh_GPe,0.011059695,0.93513596,0.013572351898219237,0.9732272,2.530965713707602,97.48066121227409,fuspd15,vim
rh_GPi,0.011115552,0.982101,-0.012180529670428491,0.968957,-0.10990970049390152,100.09943543300152,fuspd15,vim
rh_Pu,0.012468753,0.9557476,-0.002810344127427733,0.96261907,1.0033469722221193,98.99422249825706,fuspd15,vim
rh_STH,0.012600746,0.99060327,-0.011966722377750335,0.97937024,0.06473789017275544,99.92508546811425,fuspd15,vim
rh_cerebellum_dentate,0.010669207,0.9610821,-0.005946244892974618,0.95990837,0.49202220479793624,99.50281606077316,fuspd15,vim
rh_cerebellum_motor,0.0122913215,0.97481287,-0.011001829885963375,0.96519214,0.13359947648476392,99.85690892814043,fuspd15,vim
rh_paracentral_smooth3mm,0.010681778,0.9290985,0.007657780557459273,0.95503205,1.9203081968059013,98.08636965218764,fuspd15,vim
rh_postcentral_smooth3mm,0.011917126,0.92444503,0.007296895418875709,0.95089513,2.020624689818813,97.9857713511236,fuspd15,vim
rh_precentral_smooth3mm,0.015204614,0.9028047,0.03359943395949436,0.9849282,4.95508692392478,95.07333788509706,fuspd15,vim
rh_superiorfrontal_smooth3mm,0.011525639,0.92720217,0.010357677375027765,0.95935684,2.2810403485441393,97.72795680251463,fuspd15,vim
lh_Ca,0.011723448,0.97040445,0.016176841739658478,1.0143467,2.750567317263832,97.26272778240663,fuspd15,zi
lh_GPe,0.010855133,0.95751125,0.0025038064029280684,0.97335315,1.3724658055569539,98.62967568003702,fuspd15,zi
lh_GPi,0.011273583,0.9586914,0.009191906319207261,0.98827225,2.0708352099046796,97.93691209940175,fuspd15,zi
lh_Pu,0.009635727,0.9606074,-0.006572147130020353,0.95715356,0.3200719219287512,99.67421148305613,fuspd15,zi
lh_STH,0.009207684,0.98826283,0.0008905753858686019,0.99924415,1.0105897508520272,98.99016212267743,fuspd15,zi
lh_cerebellum_dentate,0.011803995,1.0044168,-0.013236287663726348,0.98985845,-0.14469672702312672,100.1335632604858,fuspd15,zi
lh_cerebellum_motor,0.012364861,0.94777805,0.006908546193665158,0.9739024,1.9789874973589756,98.02692632254386,fuspd15,zi
lh_paracentral_smooth3mm,0.010687521,0.94042176,0.0033848128047668114,0.95785064,1.4691574048517573,98.5337941375424,fuspd15,zi
lh_postcentral_smooth3mm,0.013047106,0.93068117,0.017920146740843395,0.9794192,3.161797651595127,96.85345591313073,fuspd15,zi
lh_precentral_smooth3mm,0.017695546,0.90687764,0.03598309859793956,0.9962395,5.388126614626426,94.6419762777108,fuspd15,zi
lh_superiorfrontal_smooth3mm,0.01277957,0.9421216,0.0008394616948956816,0.9565731,1.4237313876931268,98.57699932703923,fuspd15,zi
lh_vim,0.010983393,0.9761521,-0.005911212805554431,0.97536224,0.5200303616526691,99.47493025295584,fuspd15,zi
lh_zi,0.012816201,0.96843773,0.002869229336539164,0.98696846,1.5892534536780971,98.41317146722432,fuspd15,zi
rh_Ca,0.009490373,0.9450797,0.01312941077802515,0.9807195,2.3064477901815774,97.70470439811571,fuspd15,zi
rh_GPe,0.011438088,0.95237476,-0.0025017925849362484,0.9588301,0.9319998199752975,99.06582466922778,fuspd15,zi
rh_GPi,0.01086439,0.96210366,0.005816420326530015,0.9845523,1.6942533152677468,98.31068007110638,fuspd15,zi
rh_Pu,0.015891118,0.9663353,-0.005153341549004309,0.97196275,1.1047518463619146,98.89082221755426,fuspd15,zi
rh_STH,0.010633731,0.9723165,0.005349473229342745,0.9936046,1.608608140836802,98.3958786353725,fuspd15,zi
rh_cerebellum_dentate,0.012955147,0.96118647,-0.007098215390307202,0.9600044,0.6100942367308825,99.38373864316168,fuspd15,zi
rh_cerebellum_motor,0.010236344,0.95846045,0.004740477538271392,0.9781382,1.5311559971820823,98.47288649492754,fuspd15,zi
rh_paracentral_smooth3mm,0.009318564,0.94808847,4.74805536293862e-05,0.9575016,0.978175361392102,99.02186662951601,fuspd15,zi
rh_postcentral_smooth3mm,0.015244249,0.91066617,0.027844625136030737,0.98136765,4.390696442232559,95.63294603419088,fuspd15,zi
rh_precentral_smooth3mm,0.014457666,0.91158307,0.012224756010809896,0.9503883,2.8075284575268156,97.20319684099435,fuspd15,zi
rh_superiorfrontal_smooth3mm,0.012920146,0.95600164,0.003275218595908548,0.9754449,1.660305390725925,98.34249430855485,fuspd15,zi
lh_Ca,0.006272451,0.9907445,-0.02452206197262439,0.9481772,-1.9247046434976098,101.90314540249248,fuspd16,vim
lh_GPe,0.005347554,0.9664366,-0.005266971365678815,0.96129405,0.008382735768374746,99.98705892093034,fuspd16,vim
lh_GPi,0.005290662,0.9389827,0.005370855863251033,0.95497036,1.116423948901125,98.88826090919085,fuspd16,vim
lh_Pu,0.006124651,0.9419949,0.004333597583124635,0.95675063,1.0931007830189265,98.91067453355564,fuspd16,vim
lh_STH,0.0055494327,0.9744087,0.0028928816530189258,0.9857198,0.8564618832726347,99.14598122291942,fuspd16,vim
lh_cerebellum_dentate,0.006408592,0.98275334,-0.0072772496431533044,0.97466797,-0.08912341974225454,100.08291238129449,fuspd16,vim
lh_cerebellum_motor,0.005444063,0.9386126,0.017872645232961087,0.979653,2.380098676458829,97.6351039317392,fuspd16,vim
lh_paracentral_smooth3mm,0.005399214,0.95558244,0.004893164915322513,0.9707272,1.0602751177874845,98.94392570786123,fuspd16,vim
lh_postcentral_smooth3mm,0.0066652624,0.94559747,0.024594916207551984,1.0012476,3.1221225613145,96.89834392288958,fuspd16,vim
lh_precentral_smooth3mm,0.0052281586,0.9840332,0.0015111557442159735,0.99227107,0.6791807732073672,99.32209219503194,fuspd16,vim
lh_superiorfrontal_smooth3mm,0.007073098,0.98981214,-0.011303062427173403,0.9743734,-0.4341215148066131,100.42444437184005,fuspd16,vim
lh_vim,0.005527281,0.9298567,0.006995186252463622,0.94931614,1.319104023893771,98.68702958129415,fuspd16,vim
lh_zi,0.0058465833,0.9499489,0.0051943624629959915,0.9661409,1.142788329490191,98.8616923030471,fuspd16,vim
rh_Ca,0.006614724,0.9097005,0.013705501293356237,0.94361216,2.153451000900545,97.85863885481041,fuspd16,vim
rh_GPe,0.005697925,0.9558985,-0.004544912887228042,0.9525445,0.12104549547474211,99.87497697922628,fuspd16,vim
rh_GPi,0.0058599506,0.9624759,-0.0027532143129333515,0.9628524,0.3226596501161699,99.67495155081954,fuspd16,vim
rh_Pu,0.0053640483,0.9805926,-0.01368090155262042,0.9587088,-0.8675056556002836,100.85561788705407,fuspd16,vim
rh_STH,0.0050850264,0.9766461,0.0009868059108651575,0.9836965,0.6172464947331564,99.38359148622264,fuspd16,vim
rh_cerebellum_dentate,0.0071422653,0.9681989,-0.008594207713296925,0.95822424,-0.15152428106187496,100.14406343762525,fuspd16,vim
rh_cerebellum_motor,0.0068102707,0.92116857,0.01879376423087853,0.96540993,2.652141233567744,97.36406228796947,fuspd16,vim
rh_paracentral_smooth3mm,0.0057659256,0.9395743,0.00680358205003135,0.9588908,1.3108382866430903,98.69506387266887,fuspd16,vim
rh_postcentral_smooth3mm,0.007916893,0.94538087,0.008553106199665546,0.97033274,1.6973558007418663,98.30998498713122,fuspd16,vim
rh_precentral_smooth3mm,0.006440681,0.91964555,0.031875897113464016,0.9895723,3.8720342689255607,96.15481939615938,fuspd16,vim
rh_superiorfrontal_smooth3mm,0.0061490117,0.9704285,-0.00436604149002653,0.9678819,0.18421360508893053,99.81201911015705,fuspd16,vim
lh_Ca,0.0076789553,0.9513697,0.004732669040323493,0.96847457,1.2815643065675701,98.72250697100948,fuspd16,zi
lh_GPe,0.0048106653,0.98243195,0.0001383628616416967,0.9875182,0.5011581734397473,99.49895806129152,fuspd16,zi
lh_GPi,0.0047469684,0.97703475,0.007369376379828548,0.9964591,1.215939966850811,98.79021605885988,fuspd16,zi
lh_Pu,0.005832903,0.9568301,-0.0009391091752275526,0.96079266,0.5093496351521791,99.48982899589369,fuspd16,zi
lh_STH,0.0068811127,1.01636,-0.007387444030811434,1.0085279,-0.050204991346685456,100.04409650075245,fuspd16,zi
lh_cerebellum_dentate,0.006640037,0.9826942,0.0006759688355009783,0.99068046,0.738482913038004,99.26209519340438,fuspd16,zi
lh_cerebellum_motor,0.005041944,0.98489505,-0.008923116872371389,0.97216517,-0.3992297954873046,100.39157608701892,fuspd16,zi
lh_paracentral_smooth3mm,0.006409679,0.93658054,0.014028795739424744,0.97093093,2.1050389990220006,97.90699845348529,fuspd16,zi
lh_postcentral_smooth3mm,0.00721184,0.9692432,0.022478457753259073,1.0212247,2.9073225953989863,97.1110128941434,fuspd16,zi
lh_precentral_smooth3mm,0.0064619137,0.9634344,0.0037123852737578956,0.97729015,1.0410724936403304,98.96209226921893,fuspd16,zi
lh_superiorfrontal_smooth3mm,0.008525881,0.9721469,-0.0008363730039083638,0.97900695,0.7854395734155706,99.21385738771718,fuspd16,zi
lh_vim,0.0057693967,1.0044726,-0.020670762820482393,0.9690727,-1.5376933186760515,101.51992218687488,fuspd16,zi
lh_zi,0.0051846574,0.9931199,-0.002873434734314159,0.99258155,0.23284965153218634,99.76474622247497,fuspd16,zi
rh_Ca,0.0067663607,0.9616663,0.0022079060478048984,0.97283,0.9224907526761624,99.07940693413056,fuspd16,zi
rh_GPe,0.0058810175,0.93734896,0.0127880222761217,0.9686994,1.9272273627380556,98.08378000094207,fuspd16,zi
rh_GPi,0.0055784374,0.97753745,-0.007918310517789736,0.9673453,-0.24188603281749815,100.23506035812483,fuspd16,zi
rh_Pu,0.006154724,0.9836945,-0.014856576593364966,0.96026003,-0.9061975254317417,100.89328757519213,fuspd16,zi
rh_STH,0.004398334,0.97078484,-2.2757362915474222e-05,0.9751377,0.4487136975343952,99.55128132993093,fuspd16,zi
rh_cerebellum_dentate,0.007231461,0.99087125,-0.011401228504081515,0.9753952,-0.4274951946243145,100.41776087042561,fuspd16,zi
rh_cerebellum_motor,0.0077904584,0.9341056,0.029311328455610346,1.0002744,3.7091608173113593,96.31525954125787,fuspd16,zi
rh_paracentral_smooth3mm,0.0090843495,0.9274592,0.03310035594097096,1.0024685,4.208083030832791,95.8194265602998,fuspd16,zi
rh_postcentral_smooth3mm,0.0069392105,0.95087206,0.01764029655773776,0.99294496,2.4754148633154487,97.5393806587226,fuspd16,zi
rh_precentral_smooth3mm,0.0058385143,0.9357613,0.024288975953860845,0.98997533,3.043256659911683,96.97718889060185,fuspd16,zi
rh_superiorfrontal_smooth3mm,0.0055460096,0.9865675,-0.006426852912201912,0.9793133,-0.08994499165430993,100.08448066296992,fuspd16,zi
lh_Ca,0.0081763845,0.98671097,0.0020423362436139307,0.998955,1.0229410354857498,98.97876186868284,fuspd18,vim
lh_GPe,0.009032986,0.9657537,0.00043714414372414976,0.9756574,0.9706409480307224,99.02972244308702,fuspd18,vim
lh_GPi,0.0076708,0.9564151,0.004999900324391974,0.97404397,1.3008345595127606,98.70345193053909,fuspd18,vim
lh_Pu,0.0069733243,0.93755704,0.007453903179808081,0.95937616,1.503813434196502,98.50265076836997,fuspd18,vim
lh_STH,0.008319225,1.0039982,-0.00838335546306675,0.99562055,-0.006441239173014539,99.9994230908594,fuspd18,vim
lh_cerebellum_dentate,0.009682968,1.0067554,-0.0016345542991359303,1.0131829,0.7943693217243181,99.2042817793056,fuspd18,vim
lh_cerebellum_motor,0.009964123,0.94919026,0.0026598965206669433,0.964452,1.3089318617034105,98.69336448007503,fuspd18,vim
lh_paracentral_smooth3mm,0.008324484,0.9384878,0.012181218728103316,0.9710732,2.111653668614165,97.8988027351291,fuspd18,vim
lh_postcentral_smooth3mm,0.010001608,0.9580349,0.016691056776141383,1.0012795,2.6658556035919223,97.34803876162182,fuspd18,vim
lh_precentral_smooth3mm,0.01247435,0.91479236,0.03036886890309555,0.98775136,4.337449699771122,95.68817230212895,fuspd18,vim
lh_superiorfrontal_smooth3mm,0.009238124,0.96072036,0.01134224757922414,0.99254835,2.073488061828958,97.93604626585704,fuspd18,vim
lh_vim,0.009032651,0.96543175,3.285646736402287e-05,0.97452986,0.9302441790460294,99.06978159771984,fuspd18,vim
lh_zi,0.007394601,0.9836797,-0.005502541531531972,0.9801151,0.19304462950739748,99.80227369984861,fuspd18,vim
rh_Ca,0.01000848,0.96837586,0.003198166536918936,0.9847539,1.341111403219788,98.66160687912566,fuspd18,vim
rh_GPe,0.008136463,0.94397026,0.0011666126858994148,0.95443016,0.9747256948706755,99.02629992453903,fuspd18,vim
rh_GPi,0.007598563,0.97725445,-0.002452930422080815,0.9799675,0.5250819855694737,99.47284423509544,fuspd18,vim
rh_Pu,0.006343253,0.9875079,-0.009171818623525767,0.975584,-0.2899356438865438,100.28209673865888,fuspd18,vim
rh_STH,0.008953133,0.9641801,-0.004327458852049803,0.9645143,0.47958581246999904,99.51668295408501,fuspd18,vim
rh_cerebellum_dentate,0.0097914105,0.9742723,-0.0029214354333296855,0.97824514,0.702275413395829,99.29524169905598,fuspd18,vim
rh_cerebellum_motor,0.010682637,0.95587856,0.01207081646233059,0.99060225,2.296931308450002,97.71322117235002,fuspd18,vim
rh_paracentral_smooth3mm,0.008934007,0.94151855,-0.002372093854239334,0.9457282,0.6938476923294138,99.30405674527846,fuspd18,vim
rh_postcentral_smooth3mm,0.011216272,0.9292725,0.016012522207516745,0.97238046,2.8002201829055005,97.21349149056906,fuspd18,vim
rh_precentral_smooth3mm,0.010462354,0.9397447,0.0186947281479892,0.9874407,2.9527932086288735,97.0629865597495,fuspd18,vim
rh_superiorfrontal_smooth3mm,0.010084999,0.96635145,-0.0007949597810157955,0.9748533,0.9529679214400479,99.0463398220823,fuspd18,vim
lh_Ca,0.007728951,0.93633324,-0.0012192472134478875,0.9416339,0.6913200529091615,99.30759837651921,fuspd18,zi
lh_GPe,0.008695456,0.9779307,-0.004728204887561377,0.97720915,0.4059777079015919,99.58999247452127,fuspd18,zi
lh_GPi,0.008473132,0.983395,-0.007311641049205565,0.9773058,0.11884619137259238,99.87491222228864,fuspd18,zi
lh_Pu,0.008317647,0.950797,0.005867081262182048,0.97080004,1.4611379498126262,98.54388763005471,fuspd18,zi
lh_STH,0.009043378,0.96620256,0.006053606623319589,0.98730266,1.5291141252513005,98.47599952607682,fuspd18,zi
lh_cerebellum_dentate,0.008370233,0.99658966,-0.005572745158094543,0.9938608,0.2814768087442649,99.71385673324087,fuspd18,zi
lh_cerebellum_motor,0.009356548,0.9714158,-0.0005836486657947471,0.9796101,0.8955501318873031,99.10393772526197,fuspd18,zi
lh_paracentral_smooth3mm,0.007147505,0.93248403,0.005998344960743113,0.95157826,1.3814785886524015,98.62377228005565,fuspd18,zi
lh_postcentral_smooth3mm,0.010932365,0.9427882,0.024042433910472283,1.0016052,3.4918749404564693,96.52811935150837,fuspd18,zi
lh_precentral_smooth3mm,0.0094175,0.93676054,0.01661949994500955,0.97927856,2.658794058915081,97.35534702062412,fuspd18,zi
lh_superiorfrontal_smooth3mm,0.009343231,0.94530404,0.005834655230307119,0.966268,1.5707739757762123,98.43425306753494,fuspd18,zi
lh_vim,0.00752758,0.9786921,-0.007283297236534165,0.9717138,0.025139376145446916,99.96861583667776,fuspd18,zi
lh_zi,0.0077458727,0.98954356,0.0034028412931290117,1.0040667,1.1103559103342406,98.89247326095142,fuspd18,zi
rh_Ca,0.008528021,0.94086415,0.013519926456899627,0.9763194,2.258272061242052,97.7532658824882,fuspd18,zi
rh_GPe,0.007065193,0.9264692,0.009140937724599948,0.95174015,1.7027894215027466,98.30520954465877,fuspd18,zi
rh_GPi,0.009181231,0.96862996,0.002440435681408501,0.98267174,1.1826601393109706,98.8194078144992,fuspd18,zi
rh_Pu,0.009947077,0.9698926,-0.014842369453009666,0.9502787,-0.5151427770537799,100.50212134527654,fuspd18,zi
rh_STH,0.006199758,0.96496934,0.001277859658447536,0.9737142,0.7679479154376877,99.23314496148808,fuspd18,zi
rh_cerebellum_dentate,0.008935819,0.9772362,-0.012953439697840767,0.96037304,-0.41833955491538793,100.40710509446801,fuspd18,zi
rh_cerebellum_motor,0.009007951,0.9615017,0.010315154033020238,0.9910539,1.9497532558109216,98.0589342251607,fuspd18,zi
rh_paracentral_smooth3mm,0.0085776355,0.9352676,0.011396174387700417,0.9665426,2.0665214204416826,97.94330845574174,fuspd18,zi
rh_postcentral_smooth3mm,0.011713744,0.90082043,0.005936553946582551,0.92435795,1.909465708021245,98.09587155773784,fuspd18,zi
rh_precentral_smooth3mm,0.008657435,0.92363316,0.011105453481305247,0.9544089,2.0706940983945246,97.93900992656536,fuspd18,zi
rh_superiorfrontal_smooth3mm,0.008044049,0.95357734,0.005579281683217873,0.9727335,1.400520374835107,98.60425529495647,fuspd18,zi
lh_Ca,0.015248387,0.969708,0.007885118560863002,1.0006609,2.311822693085661,97.69474830382633,fuspd19,vim
lh_GPe,0.011364331,0.9960158,-0.00692345794469519,0.993591,0.4469517684516932,99.54723006320233,fuspd19,vim
lh_GPi,0.011646417,0.9465477,-5.326913497588509e-05,0.95808804,1.2100294906472011,98.78992097334758,fuspd19,vim
lh_Pu,0.009444843,0.9579352,-0.0056853851822353104,0.95605665,0.39322542724015763,99.60182008303407,fuspd19,vim
lh_STH,0.011540321,0.957573,0.00472757461555461,0.9785291,1.6624845791274372,98.34153889854181,fuspd19,vim
lh_cerebellum_dentate,0.011152583,0.94461197,0.010215096603937912,0.97610956,2.1890657114474226,97.81966063352462,fuspd19,vim
lh_cerebellum_motor,0.011448035,0.9389159,0.008903452547373417,0.9680966,2.1022165837746125,97.90545151081484,fuspd19,vim
lh_paracentral_smooth3mm,0.009645245,0.92484105,0.013939114525128323,0.96224844,2.4509636462914073,97.5610993365078,fuspd19,vim
lh_postcentral_smooth3mm,0.014541936,0.92613477,0.017203445999934508,0.97494024,3.2561362011725485,96.75856755870171,fuspd19,vim
lh_precentral_smooth3mm,0.01542922,0.8663028,0.03792858976992592,0.9572731,5.573937939196933,94.45907900265757,fuspd19,vim
lh_superiorfrontal_smooth3mm,0.015397946,0.93614715,0.017936682120374182,0.98726904,3.3764482615814653,96.63868642202411,fuspd19,vim
lh_vim,0.011807198,0.95776635,0.006858589162554731,0.9832336,1.8984082131658955,98.10740516253315,fuspd19,vim
lh_zi,0.008376923,0.94261205,0.0042854420870943365,0.9595241,1.319650599921199,98.68407671338659,fuspd19,vim
rh_Ca,0.0094862515,0.9362859,0.0029318924998209565,0.9516116,1.304959322850845,98.69760170487676,fuspd19,vim
rh_GPe,0.010747098,0.95486933,0.0023120854343037533,0.9702212,1.3460006346555884,98.655996612413,fuspd19,vim
rh_GPi,0.011352948,0.9819358,-0.011522135888895026,0.9703405,-0.01743593897903622,100.00754095005861,fuspd19,vim
rh_Pu,0.010975194,0.934683,0.006085369793834613,0.9577783,1.7812644536361042,98.2240273370541,fuspd19,vim
rh_STH,0.012087917,0.96664315,-0.002197734924409116,0.9743539,1.0150502742986036,98.98307076112226,fuspd19,vim
rh_cerebellum_dentate,0.01193127,0.9432233,0.00023125273113423986,0.95561516,1.2727427907082416,98.7274571401678,fuspd19,vim
rh_cerebellum_motor,0.015256347,0.91624886,0.01454794453924632,0.9604798,3.1030628442331,96.90956607893135,fuspd19,vim
rh_paracentral_smooth3mm,0.009922296,0.92985,0.02454248326148033,0.98865277,3.48603476005009,96.53464781421755,fuspd19,vim
rh_postcentral_smooth3mm,0.013135566,0.8986628,0.035736816704259516,0.9829741,4.971889135441085,95.05841617010347,fuspd19,vim
rh_precentral_smooth3mm,0.011339392,0.9483261,0.011037271587658671,0.9816481,2.2794994921576763,97.7298682330506,fuspd19,vim
rh_superiorfrontal_smooth3mm,0.015112245,0.9069608,0.024334814183406824,0.97053987,4.064445052117253,95.95644964163989,fuspd19,vim
lh_Ca,0.009313885,0.9692552,-0.006363507360999,0.96589494,0.30545534995021173,99.6890721971411,fuspd19,zi
lh_GPe,0.0101011945,0.9536578,0.019614932850533808,1.0028254,2.963240455943198,97.05306215724423,fuspd19,zi
lh_GPi,0.00812894,0.9688426,-0.007303457520398443,0.9624256,0.08577105766355084,99.9078971430629,fuspd19,zi
lh_Pu,0.010706999,0.96579146,0.0034826718403661,0.9834348,1.4428685290000796,98.56008139087457,fuspd19,zi
lh_STH,0.010241812,0.97730345,-0.006937950901431629,0.9737272,0.3393004842139756,99.65475630865593,fuspd19,zi
lh_cerebellum_dentate,0.010888622,0.97074074,-0.004483790383466708,0.9726991,0.658459714943182,99.33770263032075,fuspd19,zi
lh_cerebellum_motor,0.011034008,0.9392711,0.01484546617773497,0.97987235,2.641106711594273,97.3715160511557,fuspd19,zi
lh_paracentral_smooth3mm,0.012434628,0.9509195,-0.005834246117634554,0.95173424,0.6935110067805041,99.30138249797845,fuspd19,zi
lh_postcentral_smooth3mm,0.012164024,0.9382508,0.018312832877164564,0.9868879,3.0881782459705454,96.92728423461683,fuspd19,zi
lh_precentral_smooth3mm,0.012723521,0.89396083,0.04461639909611393,0.9955454,5.759649048540745,94.27769388005679,fuspd19,zi
lh_superiorfrontal_smooth3mm,0.009894024,0.9407482,0.014336947656889846,0.97919667,2.4745765693741792,97.53762384118629,fuspd19,zi
lh_vim,0.009571382,0.97253007,-0.00214985565575041,0.97781956,0.7589872894306202,99.23918983251328,fuspd19,zi
lh_zi,0.00770387,0.93708205,0.010388317477355183,0.965476,1.8739137987455305,98.13505388038462,fuspd19,zi
rh_Ca,0.008993714,0.94272995,0.007424025762855681,0.9665098,1.6986625025531037,98.30774162924324,fuspd19,zi
rh_GPe,0.0080029685,0.95088273,0.006788253457056308,0.9724056,1.5210959061136666,98.48472428022492,fuspd19,zi
rh_GPi,0.008463045,0.97124565,-0.005309817954771812,0.9691333,0.32536562712659883,99.67006717332532,fuspd19,zi
rh_Pu,0.009508393,0.97312,-0.0052442950616590385,0.97218347,0.43861039209397334,99.55689568545534,fuspd19,zi
rh_STH,0.011216671,0.98223567,-0.0037395606074096025,0.9860044,0.7583242535558025,99.23851226229745,fuspd19,zi
rh_cerebellum_dentate,0.011064285,0.96323544,-0.007476667323330566,0.9594086,0.37394058789845963,99.61957702052341,fuspd19,zi
rh_cerebellum_motor,0.012226325,0.92129594,0.019445361077724935,0.972251,3.257562769490325,96.75909861439028,fuspd19,zi
rh_paracentral_smooth3mm,0.011005033,0.94315326,0.008997068801891592,0.9720774,2.0576654705371795,97.95005029910132,fuspd19,zi
rh_postcentral_smooth3mm,0.0126372315,0.92888576,0.00838899593187663,0.9582311,2.194275224145974,97.81301840127774,fuspd19,zi
rh_precentral_smooth3mm,0.011719081,0.931062,0.02337541662997994,0.989337,3.547274213856724,96.47242280644632,fuspd19,zi
rh_superiorfrontal_smooth3mm,0.010656489,0.9391006,0.013457748855558484,0.97656053,2.469302936056069,97.54217375696288,fuspd19,zi
lh_Ca,0.0078003174,0.8966163,0.0034761494815822467,0.91133994,1.2373502326480181,98.7658272612411,fuspd20,vim
lh_GPe,0.010855713,0.93024516,0.0018450443310924053,0.9447755,1.344314809868766,98.6573195351166,fuspd20,vim
lh_GPi,0.006862253,0.94584644,0.0030956185214932085,0.9588741,1.0384962327821108,98.96419671660661,fuspd20,vim
lh_Pu,0.008933533,0.8926924,-0.011684291902502876,0.8783547,-0.3131717552208949,100.30208375891704,fuspd20,vim
lh_STH,0.0072735497,0.91087186,0.01654575367825262,0.9510991,2.504397640035726,97.51009324455718,fuspd20,vim
lh_cerebellum_dentate,0.007910288,0.9681375,-0.002083003756286967,0.97189915,0.5995770417044122,99.39863586903796,fuspd20,vim
lh_cerebellum_motor,0.0093310485,0.9496116,0.004355640282057346,0.9676177,1.4144727697522987,98.58927278815203,fuspd20,vim
lh_paracentral_smooth3mm,0.007975554,0.925802,-0.008334262183589104,0.91717845,-0.03910995609224573,100.03154001462138,fuspd20,vim
lh_postcentral_smooth3mm,0.009683658,0.925185,0.0010529886508103166,0.93696594,1.1458951210533117,98.8550353317637,fuspd20,vim
lh_precentral_smooth3mm,0.009073245,0.9385685,0.004678433844624165,0.9569596,1.437017728726566,98.5670556588433,fuspd20,vim
lh_superiorfrontal_smooth3mm,0.008379873,0.933362,0.013898505827583433,0.96942306,2.2981069602269644,97.71384200623594,fuspd20,vim
lh_vim,0.007635446,0.90808296,-0.005167364623852506,0.9054268,0.27258759903526647,99.72264982237873,fuspd20,vim
lh_zi,0.0069795344,0.93727034,0.006148433263038322,0.95649546,1.3725070490885913,98.63285422925208,fuspd20,vim
rh_Ca,0.007828984,0.9396516,0.0019053444691575073,0.95127547,1.0232923277731025,98.97837006581342,fuspd20,vim
rh_GPe,0.006457452,0.8701591,-0.0007934380609154451,0.8750363,0.6472890485463468,99.35195285849225,fuspd20,vim
rh_GPi,0.008118945,0.91961265,-0.004650482874053095,0.91846937,0.3776350540779174,99.618146636195,fuspd20,vim
rh_Pu,0.008444278,0.90820974,-0.011721407858232082,0.8933089,-0.3668529855115181,100.35591892019545,fuspd20,vim
rh_STH,0.0076389364,0.9492349,-0.01574994861365786,0.9255052,-0.8763875161254512,100.86220295411809,fuspd20,vim
rh_cerebellum_dentate,0.010539894,0.9314812,-0.00270296702927653,0.9366377,0.8367084696977012,99.16088322502844,fuspd20,vim
rh_cerebellum_motor,0.011759561,0.92508125,0.0034236977575818205,0.9436596,1.6089761874882609,98.39405515202213,fuspd20,vim
rh_paracentral_smooth3mm,0.008737979,0.96847206,0.020073644861752386,1.0171901,2.8324719591339145,97.18396881819872,fuspd20,vim
rh_postcentral_smooth3mm,0.0077636815,0.92071813,0.007620860531423479,0.94365996,1.6303056854396514,98.37643135534135,fuspd20,vim
rh_precentral_smooth3mm,0.008611474,0.9324737,0.027261346807825514,0.9953805,3.6039303807586114,96.41891174810418,fuspd20,vim
rh_superiorfrontal_smooth3mm,0.0073172767,0.9399765,0.005075952075827164,0.9574033,1.2944627116882146,98.70996510009923,fuspd20,vim
lh_Ca,0.018213153,0.89416784,0.0177805500391278,0.94779384,3.7976299648498575,96.21801184205242,fuspd20,zi
lh_GPe,0.015659172,0.9255561,0.005081651013106727,0.9513362,2.180178047664173,97.82427803893653,fuspd20,zi
lh_GPi,0.011590924,0.9391543,0.005913048176335334,0.962522,1.8185530129121703,98.18657695937534,fuspd20,zi
lh_Pu,0.01473007,0.8720444,0.009701415086944746,0.9060964,2.696344992077115,97.31258182955169,fuspd20,zi
lh_STH,0.01611809,0.9312026,-0.0004452311792492908,0.9464339,1.6559909139916384,98.34361993257937,fuspd20,zi
lh_cerebellum_dentate,0.014675912,0.96521014,0.012809517839519878,1.0053984,2.73378498384126,97.2768272472124,fuspd20,zi
lh_cerebellum_motor,0.015028265,0.8927886,0.011780707005835788,0.93128,2.8787230289731016,97.13182711881758,fuspd20,zi
lh_paracentral_smooth3mm,0.013628485,0.9163559,-0.014670938060170087,0.9007647,-0.1157298209599963,100.10216498297619,fuspd20,zi
lh_postcentral_smooth3mm,0.016091235,0.8707003,0.007429222247224211,0.901588,2.608781021576666,97.3980909094879,fuspd20,zi
lh_precentral_smooth3mm,0.019094618,0.8861285,0.03557338867549823,0.9760734,5.600809077781435,94.42956735814329,fuspd20,zi
lh_superiorfrontal_smooth3mm,0.015026774,0.89687955,0.014768233942785904,0.94131976,3.1652377173454913,96.84783247220889,fuspd20,zi
lh_vim,0.011330116,0.949323,0.0055368250091486805,0.9716807,1.7358521790643828,98.26888840823784,fuspd20,zi
lh_zi,0.013273474,0.94823873,-0.00996223587111653,0.9416707,0.35163437731736213,99.6395532756409,fuspd20,zi
rh_Ca,0.016595608,0.9219868,0.01364439423359224,0.9657575,3.1312210565368677,96.88055469473666,fuspd20,zi
rh_GPe,0.011451625,0.90686584,0.006935888854495322,0.9321314,1.972631104307239,98.0335727976654,fuspd20,zi
rh_GPi,0.01299704,0.93769276,-0.008133706037932929,0.93449014,0.5204264149529384,99.47232307372816,fuspd20,zi
rh_Pu,0.01461339,0.9169233,0.011047356057785014,0.9535393,2.6911052021449766,97.31855089992656,fuspd20,zi
rh_STH,0.013379016,0.9193371,-0.00967588397536267,0.91344506,0.40540281675413314,99.58576100365254,fuspd20,zi
rh_cerebellum_dentate,0.014807944,0.94776714,0.011832632693071188,0.98614186,2.701495387894666,97.30849177238966,fuspd20,zi
rh_cerebellum_motor,0.025413986,0.9018557,0.016821677460314523,0.9607729,4.396009190926166,95.61858077280291,fuspd20,zi
rh_paracentral_smooth3mm,0.0109586,0.9485761,0.000587708990428003,0.96070534,1.2018574654235268,98.79863911246312,fuspd20,zi
rh_postcentral_smooth3mm,0.01800651,0.831767,0.0006295709716094648,0.8510274,2.1898330775507207,97.8107831915418,fuspd20,zi
rh_precentral_smooth3mm,0.015213946,0.87188435,0.0060663556010392885,0.8991805,2.3666329670920856,97.63898672721463,fuspd20,zi
rh_superiorfrontal_smooth3mm,0.015954196,0.89659244,-0.0069424511560336475,0.89871967,1.002731509506317,98.99082198349049,fuspd20,zi
lh_Ca,0.009047953,0.94668484,0.01785162571193481,0.99128723,2.7136008888817784,97.30141097923091,fuspd22,vim
lh_GPe,0.0078185545,0.96516114,-0.00236964021953116,0.96826017,0.5627531197518351,99.43520711785337,fuspd22,vim
lh_GPi,0.0060581695,0.969453,-0.0005942055213318044,0.97432774,0.5607932286097801,99.43869283890574,fuspd22,vim
lh_Pu,0.007411666,0.9486131,-0.004350520095520743,0.94736004,0.3231238382147439,99.67304387754515,fuspd22,vim
lh_STH,0.007907697,0.98708534,-0.0048194875636592555,0.9853943,0.3133983461228897,99.68251854208866,fuspd22,vim
lh_cerebellum_dentate,0.008843258,0.99099743,4.6505744363130205e-05,0.99993336,0.8890356203118331,99.11099849868796,fuspd22,vim
lh_cerebellum_motor,0.010392887,0.96379095,0.007272500671803769,0.98866826,1.7867861162477816,98.2193411291762,fuspd22,vim
lh_paracentral_smooth3mm,0.0064987144,0.9331986,0.012991250756855827,0.9655715,2.018490059172032,97.9927224141552,fuspd22,vim
lh_postcentral_smooth3mm,0.010840219,0.9598397,0.012186620536620157,0.99495155,2.314367978046165,97.69584518052558,fuspd22,vim
lh_precentral_smooth3mm,0.009949418,0.9074459,0.04010538092849638,0.99727184,5.019172999401213,95.01434358239628,fuspd22,vim
lh_superiorfrontal_smooth3mm,0.010487849,0.9121303,0.020566599710335535,0.96357995,3.222820121525467,96.79496686402612,fuspd22,vim
lh_vim,0.009042994,0.9805945,-0.004829756186639513,0.9800184,0.4299141761175514,99.56596551771389,fuspd22,vim
lh_zi,0.007857599,0.9771373,0.00024960973919647527,0.98549205,0.8226559544081146,99.1775566622787,fuspd22,vim
rh_Ca,0.0075981277,0.93880373,0.002057391617443229,0.9504996,1.015836238159157,98.98595746303732,fuspd22,vim
rh_GPe,0.0067287316,0.9296206,0.014696748140464745,0.9656203,2.2188307516883845,97.79386286312437,fuspd22,vim
rh_GPi,0.007822609,0.9765314,-0.014001678474699145,0.95646733,-0.6460304186793071,100.63383005900046,fuspd22,vim
rh_Pu,0.0072518536,0.9602116,-0.002360957297000256,0.96276116,0.50800722716248,99.48995180088727,fuspd22,vim
rh_STH,0.0064220983,0.9566558,-9.508453944433652e-06,0.96305907,0.6658563343958867,99.3341243489186,fuspd22,vim
rh_cerebellum_dentate,0.009871947,0.9919567,-0.022086022393198745,0.9578407,-1.275167779647243,101.2559507634053,fuspd22,vim
rh_cerebellum_motor,0.009344375,0.98849165,-0.01057466107385432,0.9767748,-0.12595393514206607,100.11693397124695,fuspd22,vim
rh_paracentral_smooth3mm,0.007576676,0.9536903,0.0011029971270210808,0.9634637,0.9008822023567711,99.1000765396219,fuspd22,vim
rh_postcentral_smooth3mm,0.009535309,0.9263705,0.012144306559181767,0.96009326,2.25807391781274,97.75246294946297,fuspd22,vim
rh_precentral_smooth3mm,0.008168431,0.97052956,0.0007335917277412493,0.9801591,0.9082222153026877,99.09239675139385,fuspd22,vim
rh_superiorfrontal_smooth3mm,0.012554594,0.9362504,0.018641414861308134,0.98593247,3.1641121624581854,96.85164381448081,fuspd22,vim
lh_Ca,0.007259309,0.94502777,0.006393078436061683,0.96502,1.4147258345959624,98.59079046305148,fuspd22,zi
lh_GPe,0.0082805585,0.94176555,0.004508399243114554,0.95902526,1.3335371066490391,98.67038771281666,fuspd22,zi
lh_GPi,0.0072503625,0.9428899,0.012620707195762521,0.9752764,2.037480812796259,97.97331563116332,fuspd22,zi
lh_Pu,0.007265704,0.94472843,0.002434356518664211,0.95684254,1.0137572603934248,98.98836530898936,fuspd22,zi
lh_STH,0.00814321,0.9455689,0.009287235903299723,0.97220916,1.7928699453098789,98.21509596209992,fuspd22,zi
lh_cerebellum_dentate,0.008937913,0.96760803,-0.0002348590582103643,0.97607815,0.8916349486192197,99.10816802114407,fuspd22,zi
lh_cerebellum_motor,0.0110100005,0.92519796,0.009205413214969805,0.95454204,2.117812818354418,97.89022716628709,fuspd22,zi
lh_paracentral_smooth3mm,0.00597334,0.9532664,-0.0034636289819294087,0.9523414,0.2635306087584179,99.73343335079093,fuspd22,zi
lh_postcentral_smooth3mm,0.0076459656,0.9387058,0.011034956312000138,0.9683298,1.9291900457580053,98.08029978802617,fuspd22,zi
lh_precentral_smooth3mm,0.0112003125,0.91171545,0.041263804826668894,1.0050995,5.219793217027821,94.81441584194381,fuspd22,zi
lh_superiorfrontal_smooth3mm,0.008275429,0.9295984,0.012497712998564843,0.96276504,2.157654356487785,97.85316945020352,fuspd22,zi
lh_vim,0.006504283,0.9681466,-0.000826460733290632,0.973005,0.5835347307042572,99.41574448766804,fuspd22,zi
lh_zi,0.005633573,0.95898825,-0.0014379662504326086,0.9617579,0.4362435499273163,99.56250785291041,fuspd22,zi
rh_Ca,0.007987992,0.91282517,0.019448585338687912,0.9595482,2.859322538528479,97.15757650129294,fuspd22,zi
rh_GPe,0.006371643,0.94835305,0.0006754520082636196,0.95607007,0.7370898003339145,99.26348898423717,fuspd22,zi
rh_GPi,0.009332588,0.97884005,-0.009006751880845196,0.97023416,0.03358323964753706,99.95868477192813,fuspd22,zi
rh_Pu,0.009515898,0.93381107,0.004372390726785818,0.9520353,1.4587997854668144,98.54502784635545,fuspd22,zi
rh_STH,0.0077597317,0.9786098,-0.006385829489622776,0.973651,0.1411082872987411,99.85343607931574,fuspd22,zi
rh_cerebellum_dentate,0.008187443,0.97814643,-0.0164495411305264,0.95357174,-0.8664369751754274,100.85207599737618,fuspd22,zi
rh_cerebellum_motor,0.014675047,0.8827629,0.03506174590178455,0.96726924,5.141980226449111,94.8882291677136,fuspd22,zi
rh_paracentral_smooth3mm,0.006671936,0.93817437,0.011293241436873392,0.9673387,1.8571755240634982,98.1525526498549,fuspd22,zi
rh_postcentral_smooth3mm,0.015672997,0.86205095,0.042190368843373294,0.96175313,6.016446807512757,94.02010674080287,fuspd22,zi
rh_precentral_smooth3mm,0.008749145,0.9049656,0.030574396673561162,0.97460866,4.034803237538343,95.99134656045248,fuspd22,zi
rh_superiorfrontal_smooth3mm,0.009440522,0.94698703,0.002313517404319627,0.9610353,1.223060066231474,98.77894591484731,fuspd22,zi
lh_Ca,0.015554516,0.91256326,-0.006383791062635695,0.91540337,1.001823340617033,98.99236848768122,fuspd23,vim
lh_GPe,0.015929632,0.90993303,0.00026736480457147864,0.9263952,1.7483895729231202,98.25184944625487,fuspd23,vim
lh_GPi,0.012374882,0.9574717,-0.0011162242954746166,0.9676235,1.1635370247628902,98.83550073888239,fuspd23,vim
lh_Pu,0.0138877565,0.8838626,-0.015103462132406214,0.8676693,-0.14011163587602357,100.12560870543567,fuspd23,vim
lh_STH,0.016684085,1.0053451,-0.02152149973717913,0.9791657,-0.49403433337304775,100.47570429182733,fuspd23,vim
lh_cerebellum_dentate,0.016614359,0.9663705,-0.018816865141776558,0.94550794,-0.23294423747990486,100.2163613978823,fuspd23,vim
lh_cerebellum_motor,0.01542322,0.9016331,-0.007633252380226235,0.90185344,0.8637730817795626,99.12916995328291,fuspd23,vim
lh_paracentral_smooth3mm,0.014103842,0.8988469,0.02119616250345174,0.9551665,3.6956911471114458,96.3227949061672,fuspd23,vim
lh_postcentral_smooth3mm,0.01800265,0.8586418,0.0320942364416939,0.94056547,5.326251917053409,94.70218406596022,fuspd23,vim
lh_precentral_smooth3mm,0.019156225,0.8428843,0.043865640485255875,0.9494063,6.638028818342856,93.4004670614929,fuspd23,vim
lh_superiorfrontal_smooth3mm,0.014643879,0.8633077,-0.00027686035955791423,0.87740016,1.637453350718307,98.3622859453568,fuspd23,vim
lh_vim,0.015595531,0.9326878,0.0010301338935826507,0.9503349,1.7494532579616422,98.25146339828174,fuspd23,vim
lh_zi,0.017126942,0.98351234,-0.00040135986392130174,0.99983996,1.672825935456924,98.32683428746391,fuspd23,vim
rh_Ca,0.011603473,0.94193727,0.00312710683635333,0.95976895,1.5348047648653376,98.46790456097459,fuspd23,vim
rh_GPe,0.012646137,0.84166044,-0.00011143918275672875,0.85408473,1.4676175770619058,98.53226162224138,fuspd23,vim
rh_GPi,0.012559954,0.92037827,0.01496975745546133,0.962753,2.8594781416650497,97.15347833606444,fuspd23,vim
rh_Pu,0.013867702,0.89253885,-0.008053889837557964,0.89036584,0.6529689530835416,99.33949809782048,fuspd23,vim
rh_STH,0.011676459,0.9169388,0.000633266759150242,0.92987657,1.3238020885796673,98.67675798201805,fuspd23,vim
rh_cerebellum_dentate,0.016564844,0.9500002,0.002969208131388416,0.97247875,2.0086868078539606,97.99385716226449,fuspd23,vim
rh_cerebellum_motor,0.019667959,0.904687,0.005863755166071375,0.9360335,2.7276496356878916,97.27758193493885,fuspd23,vim
rh_paracentral_smooth3mm,0.01414722,0.9263822,0.000657082473476891,0.94183815,1.5718520987372913,98.42872378566521,fuspd23,vim
rh_postcentral_smooth3mm,0.021606369,0.8060878,0.021919776794633312,0.8713512,4.99524722233806,95.0257009321963,fuspd23,vim
rh_precentral_smooth3mm,0.016839359,0.82981145,0.03182883758727838,0.91004336,5.347898654732823,94.68123502819485,fuspd23,vim
rh_superiorfrontal_smooth3mm,0.019626852,0.8762382,0.02012318435797028,0.9359438,4.247053854448616,95.77086019178365,fuspd23,vim
lh_Ca,0.010855447,0.9494164,0.005435853160983791,0.9710983,1.6776159186914614,98.32704355796777,fuspd23,zi
lh_GPe,0.009945198,0.98821133,0.004974711593757645,1.0080644,1.4800552142701924,98.52406810097054,fuspd23,zi
lh_GPi,0.008800268,0.9798406,0.02051638439115725,1.0295027,2.8476517017788345,97.16894506411448,fuspd23,zi
lh_Pu,0.0076247146,0.9964891,-0.006885593202931463,0.99039996,0.0746285808454051,99.91958377098747,fuspd23,zi
lh_STH,0.010656331,0.98981094,0.003655193572170281,1.0077472,1.4201502803192416,98.58287509884617,fuspd23,zi
lh_cerebellum_dentate,0.009586998,1.0055562,-0.00024251891338777546,1.0146601,0.9209467450073816,99.07886266910779,fuspd23,zi
lh_cerebellum_motor,0.010837606,1.0016645,-0.013186310363217275,0.9862394,-0.23814747935502326,100.22700728875668,fuspd23,zi
lh_paracentral_smooth3mm,0.010444474,0.9073229,0.026553683001164237,0.9706534,3.8116753978698785,96.2111246340685,fuspd23,zi
lh_postcentral_smooth3mm,0.014695971,0.95457596,0.03325564281096888,1.0355061,4.630741695164898,95.39601657211412,fuspd23,zi
lh_precentral_smooth3mm,0.014156359,0.9383299,0.031133890809556135,1.0144945,4.4643167949422216,95.56126028006366,fuspd23,zi
lh_superiorfrontal_smooth3mm,0.010235166,0.97091603,-0.013158872483228591,0.95494306,-0.30616551141763804,100.29468766759683,fuspd23,zi
lh_vim,0.010950087,1.0006256,0.018077643140986997,1.0475804,2.770931076014059,97.24344700047064,fuspd23,zi
lh_zi,0.009653887,0.9700148,0.019140976535977634,1.0177912,2.8291524503357377,97.18651858526829,fuspd23,zi
rh_Ca,0.00784773,0.96276057,-0.006405836109086399,0.95784986,0.1505344439866719,99.84390782966416,fuspd23,zi
rh_GPe,0.007807843,0.92722607,-0.0011861218768092184,0.93267155,0.7099735235206602,99.28896702753775,fuspd23,zi
rh_GPi,0.010050347,0.99255735,-0.005093691227588513,0.9924629,0.49942985071100854,99.49628162429929,fuspd23,zi
rh_Pu,0.010806339,0.9772497,-0.019325634106070265,0.94956577,-0.897178008034035,100.8802212422988,fuspd23,zi
rh_STH,0.008705472,0.98042464,-0.005389674386500643,0.9783957,0.33890145411245365,99.65650582103086,fuspd23,zi
rh_cerebellum_dentate,0.010607148,0.9674364,-0.009681674361868564,0.95876086,0.09652805703721573,99.8950563425479,fuspd23,zi
rh_cerebellum_motor,0.010424018,0.9600203,-0.005589271257569042,0.9593123,0.5039804606962498,99.49116808088415,fuspd23,zi
rh_paracentral_smooth3mm,0.010135931,0.9758977,0.022683723546082193,1.0312121,3.182628945217702,96.83570055338788,fuspd23,zi
rh_postcentral_smooth3mm,0.013075491,0.9941579,0.03262879333216715,1.0722191,4.262588058999697,95.76276637082304,fuspd23,zi
rh_precentral_smooth3mm,0.010524308,0.97656506,0.027483018556332995,1.0418264,3.6481440723119505,96.37384049731378,fuspd23,zi
rh_superiorfrontal_smooth3mm,0.013149065,0.99658126,0.0012816979180820586,1.0122831,1.4255659382374926,98.57548420423092,fuspd23,zi
lh_Ca,0.0062767663,0.9396126,0.01773232513866118,0.98120636,2.446895218277201,97.56815626711594,fuspd24,vim
lh_GPe,0.0060363337,0.96114415,0.0016848806685499705,0.97053623,0.7955616857743688,99.20588209192326,fuspd24,vim
lh_GPi,0.0055982755,0.961284,-0.0030201868964141823,0.96086705,0.2683085622908176,99.72907256904078,fuspd24,vim
lh_Pu,0.0062726643,0.981407,-0.0028198910914257686,0.9820634,0.35158352889318006,99.64601908598765,fuspd24,vim
lh_STH,0.0054542352,0.95047456,0.009966209044843907,0.9757782,1.5803226532819747,98.42818250794002,fuspd24,vim
lh_cerebellum_dentate,0.0069752773,0.9390995,0.010535934199501412,0.96705884,1.8107700223631542,98.19830894484824,fuspd24,vim
lh_cerebellum_motor,0.00491592,0.9683859,0.0018718441419685859,0.97702986,0.6947345732132322,99.30686451563398,fuspd24,vim
lh_paracentral_smooth3mm,0.0065232296,0.9596353,-0.004569140729252209,0.95705825,0.20417659179361985,99.79185443457997,fuspd24,vim
lh_postcentral_smooth3mm,0.00676873,0.9637587,0.005455475211957476,0.98139286,1.2455975286191614,98.75904149648987,fuspd24,vim
lh_precentral_smooth3mm,0.0064956546,0.9306649,0.015984614176180332,0.9689966,2.319953353883001,97.69379235864801,fuspd24,vim
lh_superiorfrontal_smooth3mm,0.0075493334,0.93288016,0.00944609048172551,0.9592428,1.7717540856591671,98.23646664853578,fuspd24,vim
lh_vim,0.0065095336,0.9478118,-0.00034544358900417315,0.95363325,0.6463795213053971,99.3533247668694,fuspd24,vim
lh_zi,0.0068279197,0.99369794,-0.006095803229412191,0.988385,0.07407199608242547,99.92079163529036,fuspd24,vim
rh_Ca,0.006521951,0.92940575,0.015275856837664931,0.96635205,2.255679788736454,97.75750049328981,fuspd24,vim
rh_GPe,0.0054721753,0.9219858,0.0149050351344312,0.95714384,2.128960092158729,97.88401679127442,fuspd24,vim
rh_GPi,0.0071481657,0.93396926,0.014367610418411598,0.9697329,2.2187322478655465,97.7936180839016,fuspd24,vim
rh_Pu,0.006519013,0.9896554,-0.014394326124936501,0.9675057,-0.8139810539511743,100.8015824581359,fuspd24,vim
rh_STH,0.005518471,0.95266753,0.001221743154187603,0.9606194,0.701652924675153,99.29939864057695,fuspd24,vim
rh_cerebellum_dentate,0.0059484676,0.93759066,0.006213297672339413,0.9559141,1.272265527913821,98.73313678943606,fuspd24,vim
rh_cerebellum_motor,0.00765899,0.93816006,0.01498562527884772,0.97566533,2.3209408658900275,97.69186799419418,fuspd24,vim
rh_paracentral_smooth3mm,0.0053923656,0.96543324,0.003783908696524985,0.9783619,0.9379222838141935,99.06529925740394,fuspd24,vim
rh_postcentral_smooth3mm,0.0056434255,0.92648387,0.011851940342415258,0.9557324,1.830571586442076,98.17976295495686,fuspd24,vim
rh_precentral_smooth3mm,0.006716309,0.9618751,0.013346283749547922,0.9951728,2.0159908804165028,97.99517894288257,fuspd24,vim
rh_superiorfrontal_smooth3mm,0.006833946,0.9554759,0.015229066392069272,0.9926409,2.222657960213209,97.79014551339266,fuspd24,vim
lh_Ca,0.005984102,0.965838,-0.007496488757494677,0.95689166,-0.15805204674853682,100.15151876297539,fuspd24,zi
lh_GPe,0.0062038596,0.97616833,0.004734160758299266,0.9918011,1.1028441613576776,98.90113168543945,fuspd24,zi
lh_GPi,0.0061031813,0.97653717,0.006561488427652619,0.9957087,1.2719251782211092,98.73356057946096,fuspd24,zi
lh_Pu,0.006650254,0.9650517,-0.009400813251195734,0.9529787,-0.28862756383717825,100.28040782441384,fuspd24,zi
lh_STH,0.0067354804,0.9666565,0.0027673448393467828,0.9789036,0.9707621170318583,99.03159608229349,fuspd24,zi
lh_cerebellum_dentate,0.007965764,0.98369735,-0.001980657431837305,0.98771834,0.6059527634513802,99.39237269297473,fuspd24,zi
lh_cerebellum_motor,0.0059364005,0.96679366,0.000417458392493178,0.97356147,0.6526407541055629,99.34771956142488,fuspd24,zi
lh_paracentral_smooth3mm,0.006846377,0.93879443,0.007597383243473776,0.9607723,1.503349000154352,98.50323963638716,fuspd24,zi
lh_postcentral_smooth3mm,0.007710995,0.94437283,0.024956138134029478,1.001788,3.260882804553149,96.75988846218327,fuspd24,zi
lh_precentral_smooth3mm,0.00781993,0.93018275,0.01255080137456276,0.96299976,2.1153412792851918,97.89551300476582,fuspd24,zi
lh_superiorfrontal_smooth3mm,0.008139316,0.95521617,0.01137069484594818,0.98600197,1.9786989746604557,98.03092642782798,fuspd24,zi
lh_vim,0.006614777,0.9770298,-0.009047052395162904,0.9656259,-0.2518859163015778,100.24407650154208,fuspd24,zi
lh_zi,0.005873297,0.9651396,0.0047883712713962445,0.9805498,1.0873153013727,98.91674920994217,fuspd24,zi
rh_Ca,0.005795593,0.9534483,0.0009670222960876249,0.9611699,0.7035816679639374,99.29725424910819,fuspd24,zi
rh_GPe,0.0066661336,0.9191704,0.015079747271362985,0.95587045,2.274982025825949,97.73815346595336,fuspd24,zi
rh_GPi,0.007564606,0.95407015,-0.0006976653583517327,0.96024525,0.7151236389696416,99.28426970611127,fuspd24,zi
rh_Pu,0.008492639,0.9781324,-0.005762090711592702,0.975149,0.2800134794107531,99.7150548387147,fuspd24,zi
rh_STH,0.0062864567,0.97624624,-0.0032126054713632578,0.9761343,0.31490044384486465,99.6823523210138,fuspd24,zi
rh_cerebellum_dentate,0.007074452,0.9924124,-0.010284978029107848,0.97900265,-0.327938439068764,100.31917745356864,fuspd24,zi
rh_cerebellum_motor,0.01020648,0.93828356,0.019443429198072893,0.98721486,3.0033896246417524,97.01302395879115,fuspd24,zi
rh_paracentral_smooth3mm,0.005761915,0.95890725,0.007541686183291285,0.9796897,1.3579402575121284,98.64847162462597,fuspd24,zi
rh_postcentral_smooth3mm,0.0074868347,0.94954795,-0.00015157484776115343,0.95673287,0.7666988398983661,99.23317178916905,fuspd24,zi
rh_precentral_smooth3mm,0.007410039,0.9721957,-0.008171039258883454,0.9633316,-0.0789966903012979,100.07194464534965,fuspd24,zi
rh_superiorfrontal_smooth3mm,0.008251324,0.9671106,-0.00415272986061229,0.9670909,0.42380653312038163,99.57262959379558,fuspd24,zi
lh_Ca,0.009669022,0.9661726,0.0050118802285022785,0.98582363,1.489201665073169,98.51503102148298,fuspd26,vim
lh_GPe,0.008281743,0.9912619,-0.013337602347077586,0.9729797,-0.5196263669552047,100.50818866960685,fuspd26,vim
lh_GPi,0.008443294,0.97375995,0.003433815881933478,0.9890422,1.200869862251823,98.80202713887579,fuspd26,vim
lh_Pu,0.00779459,0.96605414,-0.007556015753566472,0.9587996,0.024882618590244644,99.96855705476725,fuspd26,vim
lh_STH,0.009719755,0.9746565,-0.01067888487131047,0.9631075,-0.09958704255592293,100.09034412841832,fuspd26,vim
lh_cerebellum_dentate,0.011149974,0.9880247,-0.011769897852121198,0.97573304,-0.06353420628735562,100.05347487182732,fuspd26,vim
lh_cerebellum_motor,0.0077976594,0.96511096,0.009570217222995333,0.99196935,1.7508481134313414,98.25718685694463,fuspd26,vim
lh_paracentral_smooth3mm,0.0077579645,0.9294123,0.012162633026106491,0.96139425,2.0720529129400713,97.93848236520707,fuspd26,vim
lh_postcentral_smooth3mm,0.011408043,0.9261055,0.009169468879682561,0.9557761,2.1529636567504316,97.85502824961458,fuspd26,vim
lh_precentral_smooth3mm,0.009692134,0.9176388,0.01821754411921668,0.9636141,2.8963542849683073,97.1194087763377,fuspd26,vim
lh_superiorfrontal_smooth3mm,0.008961201,0.9775416,0.006661808063988299,0.999771,1.5626587282920748,98.44288688036214,fuspd26,vim
lh_vim,0.009107422,0.9819403,-0.012711142104242618,0.96573144,-0.3731596450103977,100.36218609480346,fuspd26,vim
lh_zi,0.0076746726,0.9879353,-0.002713935210055991,0.99020475,0.5009809762406942,99.49673216045747,fuspd26,vim
rh_Ca,0.008939493,0.9667135,0.009344429045316717,0.994264,1.8389403992519886,98.16888780582555,fuspd26,vim
rh_GPe,0.008197209,0.9553548,-0.0033489109595820498,0.9568822,0.5066765809202451,99.49039912226695,fuspd26,vim
rh_GPi,0.007168742,0.97580177,0.0055394789367442104,0.9940033,1.2784888023943957,98.72615603034626,fuspd26,vim
rh_Pu,0.011341363,0.9773196,-0.004593618625090583,0.9795119,0.6888884608651268,99.30721240351319,fuspd26,vim
rh_STH,0.007055904,0.9630329,0.005336037976382467,0.9807166,1.263559925138826,98.74095666124563,fuspd26,vim
rh_cerebellum_dentate,0.008705537,0.9701271,-0.006054811521098109,0.96677357,0.2741826418505003,99.72058861794672,fuspd26,vim
rh_cerebellum_motor,0.009953588,0.94876796,0.005870108615102617,0.97041297,1.6306147339621637,98.37441363657327,fuspd26,vim
rh_paracentral_smooth3mm,0.007611628,0.9607983,0.006610722450616532,0.9815764,1.4489295842320724,98.55667498194569,fuspd26,vim
rh_postcentral_smooth3mm,0.008879063,0.93392235,0.01905810957912183,0.9807588,2.848526334081275,97.167669909612,fuspd26,vim
rh_precentral_smooth3mm,0.0072109085,0.9366737,0.01352619309544471,0.97082424,2.136030463978675,97.87558377215032,fuspd26,vim
rh_superiorfrontal_smooth3mm,0.0075111343,1.0024117,-0.0027018140925199738,1.0045418,0.4787576170201979,99.51900001612698,fuspd26,vim
lh_Ca,0.008185095,0.9723478,-8.94721601187573e-05,0.9803547,0.8257850731300264,99.17413541302413,fuspd26,zi
lh_GPe,0.008871717,0.9923022,-0.006647158430027569,0.987935,0.22517260078512313,99.76921703384279,fuspd26,zi
lh_GPi,0.0063131163,0.98606694,0.002363482574576904,0.99708736,0.8701944500857097,99.13177723843603,fuspd26,zi
lh_Pu,0.008163837,0.99951327,-0.01171717519992186,0.9843404,-0.3609867388832319,100.35106390654383,fuspd26,zi
lh_STH,0.009168754,0.97219276,0.00884094049419623,0.9989698,1.8028267667749305,98.20454145228202,fuspd26,zi
lh_cerebellum_dentate,0.008496951,0.96819645,-0.003061631590655208,0.97059554,0.5599984241552219,99.4373847472398,fuspd26,zi
lh_cerebellum_motor,0.008870077,0.96193725,0.009659240904645247,0.9900453,1.8715626501532956,98.13656816649133,fuspd26,zi
lh_paracentral_smooth3mm,0.009653028,0.91697496,0.026755523860278144,0.979916,3.715476921821807,96.30728636196334,fuspd26,zi
lh_postcentral_smooth3mm,0.01086026,0.93914497,0.021453834118536116,0.992734,3.2550605978395604,96.76295851680992,fuspd26,zi
lh_precentral_smooth3mm,0.011505278,0.93438596,0.028146839885683957,1.0019504,3.957493143220011,96.0659141781459,fuspd26,zi
lh_superiorfrontal_smooth3mm,0.010983364,0.97544366,-0.0029555393426153806,0.98054063,0.8187140961632232,99.17876821636644,fuspd26,zi
lh_vim,0.0086897435,0.971165,0.004198582518150082,0.9882168,1.304200227942738,98.69935086689041,fuspd26,zi
lh_zi,0.008128108,0.99243873,-0.004225095943369557,0.99215186,0.393388621721181,99.60306290185595,fuspd26,zi
rh_Ca,0.010076837,1.0037307,-0.016613919395814896,0.98071796,-0.6665609277537471,100.65245856416409,fuspd26,zi
rh_GPe,0.008559023,0.97147834,0.004567483783272261,0.98913425,1.3270702926206261,98.67677969388374,fuspd26,zi
rh_GPi,0.009031856,0.9806672,-0.003334426621568663,0.983058,0.5795619334181551,99.41761028654739,fuspd26,zi
rh_Pu,0.010071237,0.95968854,-0.0043106971171184005,0.96117425,0.5993231222330245,99.39694571562792,fuspd26,zi
rh_STH,0.009257118,0.98909605,-0.0015032130548653848,0.9953593,0.7790056465614044,99.21973209918912,fuspd26,zi
rh_cerebellum_dentate,0.00876736,0.95554626,0.007320785365941749,0.9788941,1.643502092593159,98.36273719383885,fuspd26,zi
rh_cerebellum_motor,0.010588726,0.95269495,0.019866813765574504,1.0028517,3.0368935951896567,96.97961746214764,fuspd26,zi
rh_paracentral_smooth3mm,0.008555931,0.956682,-0.003842665227155576,0.9575847,0.49220355282805617,99.50444925957237,fuspd26,zi
rh_postcentral_smooth3mm,0.0104198605,0.9550944,0.02325476860878955,1.0118301,3.3280912847598896,96.69105257081526,fuspd26,zi
rh_precentral_smooth3mm,0.011436866,0.92360216,0.025209600465031807,0.985248,3.719516816350835,96.30181803015249,fuspd26,zi
rh_superiorfrontal_smooth3mm,0.008534298,0.9833484,0.008718995970234579,1.009248,1.709519754944878,98.29768374268977,fuspd26,zi
